CASE_ID,ACCIDENT_YEAR,PROC_DATE,JURIS,COLLISION_DATE,COLLISION_TIME,OFFICER_ID,REPORTING_DISTRICT,DAY_OF_WEEK,CHP_SHIFT,POPULATION,CNTY_CITY_LOC,SPECIAL_COND,BEAT_TYPE,CHP_BEAT_TYPE,CITY_DIVISION_LAPD,CHP_BEAT_CLASS,BEAT_NUMBER,PRIMARY_RD,SECONDARY_RD,DISTANCE,DIRECTION,INTERSECTION,WEATHER_1,WEATHER_2,STATE_HWY_IND,CALTRANS_COUNTY,CALTRANS_DISTRICT,STATE_ROUTE,ROUTE_SUFFIX,POSTMILE_PREFIX,POSTMILE,LOCATION_TYPE,RAMP_INTERSECTION,SIDE_OF_HWY,TOW_AWAY,COLLISION_SEVERITY,NUMBER_KILLED,NUMBER_INJURED,PARTY_COUNT,PRIMARY_COLL_FACTOR,PCF_CODE_OF_VIOL,PCF_VIOL_CATEGORY,PCF_VIOLATION,PCF_VIOL_SUBSECTION,HIT_AND_RUN,TYPE_OF_COLLISION,MVIW,PED_ACTION,ROAD_SURFACE,ROAD_COND_1,ROAD_COND_2,LIGHTING,CONTROL_DEVICE,CHP_ROAD_TYPE,PEDESTRIAN_ACCIDENT,BICYCLE_ACCIDENT,MOTORCYCLE_ACCIDENT,TRUCK_ACCIDENT,NOT_PRIVATE_PROPERTY,ALCOHOL_INVOLVED,STWD_VEHTYPE_AT_FAULT,CHP_VEHTYPE_AT_FAULT,COUNT_SEVERE_INJ,COUNT_VISIBLE_INJ,COUNT_COMPLAINT_PAIN,COUNT_PED_KILLED,COUNT_PED_INJURED,COUNT_BICYCLIST_KILLED,COUNT_BICYCLIST_INJURED,COUNT_MC_KILLED,COUNT_MC_INJURED,PRIMARY_RAMP,SECONDARY_RAMP,LATITUDE,LONGITUDE,COUNTY,CITY,POINT_X,POINT_Y
90228520,2016,2016-07-22,9840,2016-07-21,0650,019361,NA,4,1,6,3315,0,1,3,NA,2,030,SR-91 W/B,GREEN RIVER ROAD,1584,W,N,A,-,Y,NA,NA,91,NA,NA,NA,NA,NA,W,Y,4,0,1,3,A,-,03,22350,NA,N,C,C,A,A,D,-,A,D,0,NA,NA,NA,NA,Y,NA,A,01,0,0,1,0,0,0,0,0,0,-,-,33.87155,-117.66718,RIVERSIDE,CORONA,-117.66711335,33.87139026
90228819,2016,2016-07-25,9840,2016-07-21,1318,019719,NA,4,1,7,3313,0,1,3,NA,2,020,SR-91 W/B,LA SIERRA AVENUE,1106,E,N,A,-,Y,NA,NA,91,NA,NA,NA,NA,NA,W,N,4,0,1,3,A,-,03,22350,NA,M,C,C,A,A,H,-,A,D,0,NA,NA,NA,NA,Y,NA,A,01,0,0,1,0,0,0,0,0,0,-,-,33.90101,-117.46988,RIVERSIDE,RIVERSIDE,-117.46988764,33.90105373
90228832,2016,2016-07-25,9840,2016-07-17,0015,017882,NA,7,3,4,3310,0,1,1,NA,2,032,I-15 N/B,HIDDEN VALLEY PKWY.,1500,S,N,A,-,Y,NA,NA,15,NA,NA,NA,NA,NA,N,Y,3,0,1,1,A,-,01,23152,A,N,F,A,A,A,H,-,C,D,0,NA,NA,NA,NA,Y,Y,A,08,0,1,0,0,0,0,0,0,0,-,-,33.89615,-117.55877,RIVERSIDE,NORCO,-117.55867446,33.89620065
9023090,2019,2020-02-05,3309,2019-12-02,1229,443,3309,1,5,4,3309,0,0,0,NA,0,002,JACKSON ST,KENNER AV,173,N,N,A,-,N,NA,NA,NA,NA,NA,NA,NA,NA,NA,N,4,0,1,3,A,-,03,22350,NA,N,C,C,A,A,H,-,A,A,0,NA,NA,NA,NA,Y,NA,-,99,0,0,1,0,0,0,0,0,0,-,-,NA,NA,RIVERSIDE,INDIO,-116.21642303466795,33.733551025390625
90231159,2016,2016-07-27,9840,2016-07-21,1120,014916,9840,4,1,9,3300,0,2,4,NA,2,045,CAJALCO RD.,DAY ST.,1685,E,N,A,-,N,NA,NA,NA,NA,NA,NA,NA,NA,NA,Y,4,0,2,2,A,-,05,21460,A,N,A,C,A,A,H,-,A,D,0,NA,NA,NA,NA,Y,NA,A,01,0,0,2,0,0,0,0,0,0,-,-,NA,NA,RIVERSIDE,UNINCORPORATED,-117.27344845,33.8373419
90231980,2016,2016-07-28,9840,2016-07-27,0730,017903,NA,3,1,6,3394,0,1,3,NA,2,025,SR-60 W/B,FREDERICK ST,1056,E,N,A,-,Y,NA,NA,60,NA,NA,NA,NA,NA,W,N,4,0,1,2,A,-,03,22350,NA,N,C,C,A,A,H,-,A,D,0,NA,NA,NA,NA,Y,NA,A,07,0,0,1,0,0,0,0,0,0,-,-,33.94076,-117.25419,RIVERSIDE,MORENO VALLEY,-117.25419445,33.94103625
90232073,2016,2016-09-02,9840,2016-06-17,2210,020360,NA,5,3,7,3313,0,1,3,NA,2,020,SR-91 W/B,MONROE ST.,330,E,N,A,-,Y,NA,NA,91,NA,NA,NA,NA,NA,W,Y,2,0,1,3,A,-,06,21750,NA,N,B,C,A,A,H,-,C,D,0,NA,NA,Y,NA,Y,NA,C,02,1,0,0,0,0,0,0,0,1,-,-,33.92316,-117.42751,RIVERSIDE,RIVERSIDE,-117.42749746,33.92313781
90232462,2016,2016-07-28,9630,2016-07-20,1015,012477,NA,3,1,9,3300,0,2,4,NA,2,051,GRAPEFRUIT BLVD,62ND AVE,1584,S,N,A,-,N,NA,NA,NA,NA,NA,NA,NA,NA,NA,Y,3,0,3,3,A,-,04,21703,NA,N,C,C,A,A,H,-,A,D,0,NA,NA,NA,NA,Y,NA,A,01,0,1,2,0,0,0,0,0,0,-,-,33.5977,-116.1023,RIVERSIDE,UNINCORPORATED,-116.100184,33.595014
90233216,2016,2016-07-29,9840,2016-06-23,2115,020360,NA,4,2,9,3300,0,3,5,NA,2,003,HORSE THIEF CANYON RD W/B,DE PALMA RD,500,W,N,A,-,N,NA,NA,NA,NA,NA,NA,NA,NA,NA,Y,3,0,1,1,A,-,08,22107,NA,N,E,J,A,A,H,-,D,D,0,NA,NA,NA,NA,Y,NA,A,01,0,1,0,0,0,0,0,0,0,-,-,33.73794,-117.42926,RIVERSIDE,UNINCORPORATED,-117.42916853,33.73734368
90233229,2016,2016-07-29,9840,2016-06-25,0828,017765,011,6,1,4,3344,0,1,1,NA,2,011,I-15 N/B,CANTU GALLEANO RANCH RD,425,S,N,B,-,Y,NA,NA,15,NA,NA,NA,NA,NA,N,Y,4,0,1,1,A,-,08,22107,NA,N,F,I,A,A,H,-,A,D,0,NA,NA,NA,NA,Y,NA,A,07,0,0,1,0,0,0,0,0,0,-,-,33.99949,-117.55005,RIVERSIDE,EASTVALE,-117.55013371,33.99949091
90234263,2016,2016-08-01,9840,2016-07-23,1604,019893,NA,6,2,6,3315,0,1,3,NA,2,301,SR-91 E/B,LINCOLN AVE,300,W,N,A,-,Y,NA,NA,91,NA,NA,NA,NA,NA,E,Y,4,0,1,4,A,-,03,22350,NA,N,C,C,A,A,D,-,A,D,0,NA,NA,NA,NA,Y,NA,A,07,0,0,1,0,0,0,0,0,0,-,-,33.88217,-117.58665,RIVERSIDE,CORONA,-117.58664698,33.88221855
9023462,2019,2020-02-26,3300,2019-12-06,2359,5244,NA,5,5,6,3345,0,0,0,NA,0,NA,2ND ST,MOUNTAIN AV,1056,W,N,B,-,N,NA,NA,NA,NA,NA,NA,NA,NA,NA,N,3,0,1,2,C,-,18,NA,NA,N,G,B,E,B,A,-,C,D,0,Y,NA,NA,NA,Y,NA,-,-,0,1,0,0,1,0,0,0,0,-,-,NA,NA,RIVERSIDE,JURUPA VALLEY,-117.57029724121094,33.90946960449219
90234859,2016,2016-08-01,9630,2016-07-24,0004,020804,NA,7,3,9,3300,0,1,1,NA,2,301,I-10 E/B,DILLON RD,32736,E,N,A,-,Y,NA,NA,NA,NA,NA,NA,NA,NA,NA,Y,3,0,2,2,A,-,07,21658,A,N,C,C,A,A,H,-,D,D,0,NA,NA,NA,Y,Y,NA,G,25,0,1,1,0,0,0,0,0,0,-,-,33.4157,-116.421,RIVERSIDE,UNINCORPORATED,-116.06917926,33.69947104
9023508,2020,2020-02-18,3300,2020-01-20,1112,4713,910P,1,5,5,3335,0,0,0,NA,0,069,TEMECULA PKWY,LA PAZ ST,59,E,N,A,-,N,NA,NA,NA,NA,NA,NA,NA,NA,NA,N,4,0,1,2,A,-,03,22350,NA,N,C,C,A,A,H,-,A,A,0,NA,NA,NA,NA,Y,NA,D,22,0,0,1,0,0,0,0,0,0,-,-,33.47800064086914,-117.1356964111328,RIVERSIDE,TEMECULA,NA,NA
90235416,2016,2016-08-02,9840,2016-07-24,1219,019242,NA,7,1,7,3313,0,1,1,NA,2,023,I-215 S/B,FAIR ISLE DR,2000,N,N,A,-,Y,NA,NA,215,NA,NA,NA,NA,NA,S,Y,4,0,1,2,A,-,07,21658,A,N,B,C,A,A,H,-,A,D,0,NA,NA,Y,NA,Y,NA,-,-,0,0,1,0,0,0,0,0,1,-,-,33.95183,-117.30343,RIVERSIDE,RIVERSIDE,-117.30355001,33.95179
90236091,2016,2016-08-02,9840,2016-07-31,2140,020455,NA,7,2,6,3315,0,1,3,NA,1,038,SR-71 S/B TO SR-91 E/B,SR-91,200,N,N,A,-,Y,NA,NA,71,NA,NA,NA,R,NA,S,N,4,0,1,2,A,-,03,22350,NA,N,C,C,A,A,D,-,C,D,0,NA,NA,NA,NA,Y,NA,A,01,0,0,1,0,0,0,0,0,0,-,-,33.88409,-117.64234,RIVERSIDE,CORONA,-117.64234,33.88409
90236107,2016,2016-08-02,9685,2016-07-28,0750,015654,NA,4,1,9,3300,0,3,5,NA,2,003,RANCHO CALIFORNIA ROAD,CALLE CONTENTO,451,E,N,A,-,N,NA,NA,NA,NA,NA,NA,NA,NA,NA,N,4,0,1,2,A,-,03,22350,NA,N,C,C,A,A,H,-,A,D,0,NA,NA,NA,NA,Y,NA,A,08,0,0,1,0,0,0,0,0,0,-,-,33.52803,-117.06678,RIVERSIDE,UNINCORPORATED,-117.06684372,33.52808352
90236237,2016,2016-08-03,9840,2016-07-30,1935,020723,NA,6,2,6,3315,0,1,3,NA,2,030,SR-91 E/B,GREEN RIVER RD,500,E,N,A,-,Y,NA,NA,91,NA,NA,NA,NA,NA,E,Y,4,0,2,3,A,-,07,21658,A,N,C,C,A,A,D,-,B,D,0,NA,NA,NA,NA,Y,NA,D,22,0,0,2,0,0,0,0,0,0,-,-,33.87679,-117.65976,RIVERSIDE,CORONA,-117.659786,33.87681995
90237222,2016,2016-08-04,9840,2016-06-11,1856,018949,NA,6,2,9,3300,0,3,5,NA,2,003,TEMESCAL CANYON RD,HOSTETTLER RD,486,S,N,B,-,N,NA,NA,NA,NA,NA,NA,NA,NA,NA,Y,1,1,0,1,A,-,08,22107,NA,N,E,I,A,A,H,-,A,D,0,NA,NA,NA,NA,Y,NA,A,01,0,0,0,0,0,0,0,0,0,-,-,33.7328,-117.40919,RIVERSIDE,UNINCORPORATED,-117.40923558,33.7323299
90237283,2016,2016-08-04,9660,2016-08-01,2157,020863,NA,1,2,9,3300,0,1,3,NA,1,034,SR 78 E/B,KEIM BLVD.,6864,W,N,A,-,Y,NA,NA,78,NA,NA,NA,NA,NA,E,Y,4,0,1,1,A,-,03,22350,NA,N,E,I,A,A,H,-,D,D,0,NA,NA,NA,NA,Y,NA,A,01,0,0,1,0,0,0,0,0,0,-,-,33.47817,-114.73042,RIVERSIDE,UNINCORPORATED,-114.7304205,33.47810086
90238824,2016,2016-08-22,9655,2016-07-30,1711,018677,NA,6,2,9,3300,0,3,5,NA,2,003,YALE STREET,STETSON AVENUE,0,NA,Y,A,-,N,NA,NA,NA,NA,NA,NA,NA,NA,NA,Y,4,0,2,2,A,-,09,21802,A,N,D,C,A,A,H,-,A,A,0,NA,NA,NA,NA,Y,NA,A,07,0,0,2,0,0,0,0,0,0,-,-,33.72952,-116.94976,RIVERSIDE,UNINCORPORATED,-116.94981011,33.72950008
90240046,2016,2016-08-08,9685,2016-07-29,1348,014349,NA,5,1,4,3342,0,1,1,NA,2,034,INTERSTATE 215 S/B,MURRIETA HOT SPRINGS,725,N,N,A,-,Y,NA,NA,215,NA,NA,NA,NA,NA,S,Y,4,0,2,3,A,-,03,22350,NA,N,C,C,A,A,H,-,A,D,0,NA,NA,NA,NA,Y,NA,A,01,0,0,2,0,0,0,0,0,0,-,-,33.55867,-117.18092,RIVERSIDE,MURRIETA,-117.18098748,33.55866957
90240390,2016,2016-08-09,9840,2016-07-31,2245,020455,NA,7,3,6,3315,0,1,3,NA,2,031,SR-91 W/B FROM I-15 S/B,SR-91 W/B,150,E,N,A,-,Y,NA,NA,91,NA,NA,NA,R,NA,W,Y,3,0,1,1,A,-,01,23152,A,N,E,I,A,A,D,-,C,D,0,NA,NA,NA,NA,Y,Y,A,01,0,1,0,0,0,0,0,0,0,-,-,33.87941,-117.55841,RIVERSIDE,CORONA,-117.55841,33.87941
90241669,2016,2016-08-10,9685,2016-07-30,0540,017535,NA,6,3,4,3342,0,1,1,NA,2,034,I-215 SOUTHBOUND,KELLER ROAD,1500,S,N,A,-,Y,NA,NA,NA,NA,NA,NA,NA,NA,NA,N,4,0,1,2,A,-,08,22107,NA,N,E,I,A,A,H,-,A,D,0,NA,NA,NA,NA,Y,NA,A,07,0,0,1,0,0,0,0,0,0,-,-,33.37131,-117.10163,RIVERSIDE,MURRIETA,-117.17109906,33.62287136
90243294,2016,2016-08-11,9630,2016-07-31,1626,020840,NA,7,2,4,3325,0,1,1,NA,2,020,I-10 W/B TO PALM DRIVE,PALM DRIVE,528,E,N,A,-,Y,NA,NA,10,NA,NA,NA,R,NA,W,Y,2,0,1,1,A,-,08,22107,NA,N,E,I,A,A,H,-,A,D,0,NA,NA,Y,NA,Y,NA,C,02,1,0,0,0,0,0,0,0,1,-,-,33.87891,-116.50172,RIVERSIDE,CATHEDRAL CITY,-116.50172,33.87891
9024359,2019,2020-01-16,3300,2019-11-13,1028,3031,LA41,3,5,3,3392,0,0,0,NA,0,LA41,DUNE PALMS RD,RT 111,600,S,N,A,-,N,NA,NA,NA,NA,NA,NA,NA,NA,NA,NA,3,0,2,2,A,-,-,NA,NA,N,B,C,A,A,H,-,A,D,0,NA,NA,NA,NA,Y,NA,A,01,0,1,1,0,0,0,0,0,0,-,-,33.70743942260742,-116.27744293212892,RIVERSIDE,LA QUINTA,-116.27745819091795,33.7057991027832
90244067,2016,2016-08-12,9685,2016-08-06,2000,016113,NA,6,2,4,3342,0,1,1,NA,2,034,I-215 SOUTHBOUND,LOS ALAMOS ROAD O/C,1500,N,N,A,-,Y,NA,NA,215,NA,NA,NA,NA,NA,S,N,4,0,1,1,A,-,08,22107,NA,N,E,I,A,A,H,-,D,D,0,NA,NA,NA,NA,Y,NA,A,01,0,0,1,0,0,0,0,0,0,-,-,33.57379,-117.18106,RIVERSIDE,MURRIETA,-117.18100472,33.57379052
90246202,2016,2016-08-16,9840,2016-08-15,1440,013500,NA,1,2,7,3313,0,1,3,NA,2,020,SR-91 W/B,TYLER ST.,500,W,N,A,-,Y,NA,NA,91,NA,NA,NA,NA,NA,W,N,4,0,2,3,A,-,03,22350,NA,N,C,C,A,A,H,-,A,D,0,NA,NA,NA,NA,Y,NA,A,01,0,0,2,0,0,0,0,0,0,-,-,33.90813,-117.45412,RIVERSIDE,RIVERSIDE,-117.45405591,33.90801679
90246384,2016,2016-08-17,9840,2016-08-15,2145,020723,NA,1,2,6,3315,0,1,3,NA,2,031,SR-91 W/B,W GRAND BLVD.,400,W,N,A,-,Y,NA,NA,91,NA,NA,NA,NA,NA,W,Y,4,0,1,4,A,-,01,23152,A,N,C,C,A,A,D,-,C,D,0,NA,NA,NA,NA,Y,Y,A,01,0,0,1,0,0,0,0,0,0,-,-,33.88086,-117.57291,RIVERSIDE,CORONA,-117.57290714,33.88088672
90248314,2016,2016-08-19,9630,2016-08-06,1835,019943,NA,6,2,9,3300,0,1,1,NA,2,022,I-10 W/B,INDIO BLVD,1320,E,N,A,-,Y,NA,NA,10,NA,NA,NA,NA,NA,W,N,4,0,3,2,A,-,07,21658,A,N,B,C,A,A,D,-,A,D,0,NA,NA,NA,NA,Y,NA,A,07,0,0,3,0,0,0,0,0,0,-,-,33.7456,-116.2628,RIVERSIDE,UNINCORPORATED,-116.2628244,33.74554377
90248716,2016,2016-08-19,9685,2016-08-17,0655,012190,NA,3,1,9,3300,0,1,1,NA,2,030,I-15 S/B,RAINBOW VALLEY BLVD,1270,N,N,A,-,Y,NA,NA,NA,NA,NA,NA,NA,NA,NA,Y,4,0,3,3,A,-,03,22350,NA,N,C,C,A,A,H,-,A,D,0,NA,NA,NA,NA,Y,NA,A,01,0,0,3,0,0,0,0,0,0,-,-,33.25589,-117.83571,RIVERSIDE,UNINCORPORATED,NA,NA
90248773,2016,2016-08-19,9630,2016-08-18,0526,013270,NA,4,3,9,3300,0,1,3,NA,2,014,SR-111 N/B,OVERTURE DR,3168,N,N,A,-,Y,NA,NA,111,NA,NA,NA,NA,NA,N,Y,4,0,1,1,A,-,08,22107,NA,N,E,I,A,A,H,-,B,D,0,NA,NA,NA,NA,Y,NA,A,07,0,0,1,0,0,0,0,0,0,-,-,33.89369,-116.61365,RIVERSIDE,UNINCORPORATED,-116.61368609,33.89362947
90249159,2016,2016-08-22,9655,2016-08-16,2100,017720,NA,2,2,9,3300,0,3,5,NA,2,003,SR-74 EASTBOUND,CALIFORNIA AVENUE,71,W,N,A,-,Y,NA,NA,74,NA,NA,NA,NA,NA,E,Y,4,0,1,3,A,-,03,22350,NA,N,C,C,A,A,H,-,B,A,0,NA,NA,NA,NA,Y,NA,A,01,0,0,1,0,0,0,0,0,0,-,-,33.74385,-117.05023,RIVERSIDE,UNINCORPORATED,-117.05022972,33.74380459
90251719,2016,2016-08-24,9630,2016-08-13,0600,017467,NA,6,1,9,3300,0,2,4,NA,2,018,PALM DR,18TH AVE,1056,S,N,A,-,N,NA,NA,NA,NA,NA,NA,NA,NA,NA,Y,3,0,3,2,A,-,09,21801,A,N,D,C,A,A,H,-,A,D,0,NA,NA,NA,NA,Y,NA,A,01,0,1,2,0,0,0,0,0,0,-,-,33.90878,-116.50153,RIVERSIDE,UNINCORPORATED,-116.50169235,33.91483011
90252661,2016,2016-08-25,9840,2016-08-17,2048,015744,NA,3,2,9,3300,0,2,4,NA,2,043,RAMONA EXPRESSWAY,LAKEVIEW AVE,3000,W,N,A,-,N,NA,NA,NA,NA,NA,NA,NA,NA,NA,Y,4,0,1,1,A,-,08,22107,NA,N,E,I,A,A,H,-,D,D,0,NA,NA,NA,NA,Y,NA,A,01,0,0,1,0,0,0,0,0,0,-,-,33.84034,-117.13568,RIVERSIDE,UNINCORPORATED,-117.13321308,33.83978479
90253080,2016,2016-08-25,9840,2016-08-19,1647,019893,NA,5,2,6,3315,0,1,3,NA,2,031,SR-91 E/B,MCKINLEY STREET,900,W,N,A,-,Y,NA,NA,91,NA,NA,NA,NA,NA,E,Y,4,0,1,2,A,-,03,22350,NA,N,C,C,A,A,D,-,A,D,0,NA,NA,NA,NA,Y,NA,A,01,0,0,1,0,0,0,0,0,0,-,-,33.88388,-117.52488,RIVERSIDE,CORONA,-117.52489916,33.88401515
90254950,2016,2016-08-26,9685,2016-08-25,2030,015857,NA,4,2,5,3341,0,1,1,NA,2,020,I-215 S/B TO NEWPORT RD,NEWPORT RD,40,N,N,A,-,Y,NA,NA,215,NA,NA,NA,R,NA,S,N,4,0,2,2,A,-,21,22106,NA,N,C,C,A,A,D,-,C,A,0,NA,NA,NA,NA,Y,NA,A,07,0,0,2,0,0,0,0,0,0,-,-,33.68593,-117.17319,RIVERSIDE,MENIFEE,-117.17319,33.68593
90255288,2016,2016-08-29,9840,2016-08-20,1355,017903,NA,6,1,6,3394,0,1,3,NA,2,025,SR-60 E/B,FREDERICK ST,528,W,N,A,-,Y,NA,NA,60,NA,NA,NA,NA,NA,E,N,4,0,2,2,A,-,03,22350,NA,N,C,C,A,A,H,-,A,D,0,NA,NA,NA,NA,Y,NA,A,01,0,0,2,0,0,0,0,0,0,-,-,33.94067,-117.26754,RIVERSIDE,MORENO VALLEY,-117.26754002,33.94067302
90259824,2016,2016-09-02,9685,2016-07-14,2122,016381,NA,4,2,9,3300,0,1,3,NA,1,039,SR-79,DUGAN DRIVE,50,E,N,A,-,Y,NA,NA,NA,NA,NA,NA,NA,NA,NA,Y,4,0,1,1,A,-,08,22107,NA,N,E,I,A,A,H,-,D,D,0,NA,NA,NA,NA,Y,NA,A,07,0,0,1,0,0,0,0,0,0,-,-,33.2754,-116.55343,RIVERSIDE,UNINCORPORATED,-116.92620464,33.46498474
90260098,2016,2016-09-02,9840,2016-08-26,1625,018611,NA,5,2,6,3315,0,1,1,NA,2,034,I-15 S/B,CAJALCO ROAD,2450,N,N,A,-,Y,NA,NA,15,NA,NA,NA,NA,NA,S,Y,4,0,3,3,A,-,03,22350,NA,N,C,C,A,A,H,-,A,D,0,NA,NA,NA,NA,Y,NA,A,01,0,0,3,0,0,0,0,0,0,-,-,33.82665,-117.52492,RIVERSIDE,CORONA,-117.52510649,33.82642758
90260152,2016,2016-10-04,9630,2016-09-01,0810,017467,NA,4,1,9,3300,0,2,4,NA,2,018,PALM DR,20TH AVE,1584,S,N,A,-,N,NA,NA,NA,NA,NA,NA,NA,NA,NA,Y,3,0,2,2,A,-,08,22107,NA,N,D,C,A,A,H,-,A,D,0,NA,NA,NA,NA,Y,NA,A,07,0,1,1,0,0,0,0,0,0,-,-,33.89913,-116.50156,RIVERSIDE,UNINCORPORATED,-116.50158675,33.89888514
90260700,2016,2016-09-05,9840,2016-08-27,2052,020210,NA,6,2,7,3313,0,1,1,NA,2,023,I-215 N/B,UNIVERSITY AVE,1000,N,N,A,-,Y,NA,NA,215,NA,NA,NA,NA,NA,N,N,4,0,1,2,A,-,08,22107,NA,N,B,C,A,A,H,-,D,D,0,NA,NA,NA,NA,Y,NA,A,01,0,0,1,0,0,0,0,0,0,-,-,33.97847,-117.33807,RIVERSIDE,RIVERSIDE,-117.33804747,33.97849335
90261644,2016,2016-09-29,9655,2016-08-18,0555,014421,NA,4,3,9,3300,0,1,1,NA,2,204,I-10 EASTBOUND,MALKI ROAD,2112,E,N,A,-,Y,NA,NA,10,NA,NA,NA,NA,NA,E,Y,1,1,1,2,A,-,08,22107,NA,N,C,E,A,A,H,-,B,D,0,NA,NA,NA,Y,Y,NA,A,01,1,0,0,0,0,0,0,0,0,-,-,33.92713,-116.81557,RIVERSIDE,UNINCORPORATED,-116.81555386,33.927151
9026259,2019,2020-02-28,3311,2019-01-24,1520,16034,NA,4,5,4,3311,0,0,0,NA,0,004,RT 111,ARTISAN WY,264,S,N,A,-,Y,NA,NA,111,NA,NA,NA,NA,NA,NA,N,4,0,1,3,A,-,03,22350,NA,N,C,C,A,A,H,-,A,A,0,NA,NA,NA,NA,Y,NA,D,22,0,0,1,0,0,0,0,0,0,-,-,33.84109115600586,-116.5061492919922,RIVERSIDE,PALM SPRINGS,-116.50625610351563,33.841087341308594
90263116,2016,2016-09-07,9840,2016-08-30,1534,014868,NA,2,2,4,3344,0,1,1,NA,2,011,I-15 S/B,CANTU-GALLEANO RANCH RD,5280,S,N,A,-,Y,NA,NA,NA,NA,NA,NA,NA,NA,NA,Y,3,0,1,3,A,-,03,22350,NA,N,B,C,A,A,H,-,A,D,0,NA,NA,Y,NA,Y,NA,C,02,0,1,0,0,0,0,0,0,1,-,-,33.76905,-117.05181,RIVERSIDE,EASTVALE,-117.55029,33.99103
90263251,2016,2016-09-07,9840,2016-08-27,0030,020360,NA,6,3,6,3394,0,1,3,NA,2,025,SR-60 E/B TO HEACOCK ST.,HEACOCK ST,500,W,N,A,-,Y,NA,NA,60,NA,NA,NA,R,NA,E,Y,4,0,2,5,A,-,01,23152,A,N,C,C,A,A,H,-,C,D,0,NA,NA,NA,NA,Y,Y,A,01,0,0,2,0,0,0,0,0,0,-,-,33.94077,-117.24875,RIVERSIDE,MORENO VALLEY,-117.24875,33.94077
90267550,2016,2016-09-14,9840,2016-09-13,1305,019219,NA,2,1,6,3394,0,1,3,NA,2,025,SR-60 WESTBOUND,DAY STREET,300,E,N,B,-,Y,NA,NA,NA,NA,NA,NA,NA,NA,NA,Y,4,0,1,2,A,-,03,22350,NA,N,C,C,A,A,H,-,A,D,0,NA,NA,NA,NA,Y,NA,A,07,0,0,1,0,0,0,0,0,0,-,-,33.5634,-117.16416,RIVERSIDE,MORENO VALLEY,-117.27798545,33.94252915
90267653,2016,2016-09-14,9840,2016-09-09,0400,019017,NA,5,3,6,3315,0,1,3,NA,2,031,SR-91 EB TO I-15,I-15,1710,W,N,A,-,Y,NA,NA,91,NA,NA,NA,R,NA,E,Y,4,0,1,2,A,-,08,22107,NA,N,C,E,A,A,D,-,D,D,0,NA,NA,NA,NA,Y,NA,A,07,0,0,1,0,0,0,0,0,0,-,-,33.87971,-117.55216,RIVERSIDE,CORONA,-117.55216,33.87971
90267935,2016,2016-09-14,9840,2016-08-30,1700,016285,NA,2,2,9,3300,0,2,4,NA,2,045,CAJALCO ROAD,HAINES STREET,0,NA,Y,A,-,N,NA,NA,NA,NA,NA,NA,NA,NA,NA,Y,4,0,2,2,A,-,09,21802,NA,N,D,C,A,A,H,-,A,A,0,NA,NA,NA,NA,Y,NA,D,22,0,0,2,0,0,0,0,0,0,-,-,33.837180000000004,-117.29201,RIVERSIDE,UNINCORPORATED,-117.29200008,33.83718004
90268323,2016,2016-09-15,9655,2016-09-13,1910,018444,NA,2,2,4,3314,0,2,S,NA,2,901,WARREN ROAD N/B,COTTONWOOD AVENUE,37,N,N,B,-,N,NA,NA,NA,NA,NA,NA,NA,NA,NA,Y,4,0,1,1,A,-,01,23152,E,N,E,I,A,A,H,-,B,A,0,NA,NA,NA,NA,Y,NA,A,01,0,0,1,0,0,0,0,0,0,-,-,33.78755,-117.03357,RIVERSIDE,SAN JACINTO,-117.03360163,33.78754132
90269716,2016,2016-09-19,9840,2016-09-15,2040,020221,NA,4,2,9,3300,0,3,5,NA,2,002,CENTER ST,TRANSIT AVE,0,NA,Y,A,-,N,NA,NA,NA,NA,NA,NA,NA,NA,NA,Y,3,0,2,2,A,-,01,23152,A,F,D,C,A,A,H,-,C,A,0,NA,NA,NA,NA,Y,Y,A,01,0,1,1,0,0,0,0,0,0,-,-,34.01572,-117.33327,RIVERSIDE,UNINCORPORATED,-117.33330004,34.01572003
90270245,2016,2016-09-19,9685,2016-09-09,0810,013006,NA,5,1,5,3335,0,1,1,NA,2,030,I-15 SOUTHBOUND,SANTIAGO ROAD,750,S,N,A,-,Y,NA,NA,NA,NA,NA,NA,NA,NA,NA,Y,4,0,1,5,A,-,03,22350,NA,N,C,C,A,A,H,-,A,D,0,NA,NA,NA,NA,Y,NA,A,01,0,0,1,0,0,0,0,0,0,-,-,33.29179,-117.08377,RIVERSIDE,TEMECULA,-117.1437257,33.48837972
90271621,2016,2016-09-20,9685,2016-09-11,1105,012775,NA,7,1,9,3300,0,1,3,NA,2,011,SR-74 W/B (ORTEGA HWY),DECKER CANYON ROAD,7392,W,N,A,-,Y,NA,NA,74,NA,NA,NA,NA,NA,W,Y,3,0,1,1,A,-,03,22350,NA,N,E,J,A,A,H,-,A,D,0,NA,NA,Y,NA,Y,NA,C,02,0,1,0,0,0,0,0,0,1,-,-,33.61914,-117.42509,RIVERSIDE,UNINCORPORATED,-117.42510259,33.61914116
90271691,2016,2016-09-20,9840,2016-09-12,0820,019042,NA,1,1,7,3313,0,1,1,NA,2,024,I-215 N/B,EUCALYPTUS AVE,400,S,N,A,-,Y,NA,NA,215,NA,NA,NA,NA,NA,N,Y,3,0,1,3,A,-,03,22350,NA,N,C,C,A,A,H,-,A,D,0,NA,NA,NA,NA,Y,NA,D,22,0,1,0,0,0,0,0,0,0,-,-,33.92887,-117.28871,RIVERSIDE,RIVERSIDE,-117.28861599,33.92887179
90271909,2016,2016-09-20,9840,2016-09-10,2025,020210,NA,6,2,6,3394,0,1,3,NA,2,025,SR-60 E/B TO FREDERICK ST,FREDERICK ST,1500,W,N,A,-,Y,NA,NA,60,NA,NA,NA,R,NA,E,N,4,0,2,2,A,-,03,22350,NA,N,C,C,A,A,H,-,D,D,0,NA,NA,NA,NA,Y,NA,D,22,0,0,2,0,0,0,0,0,0,-,-,33.94052,-117.26656,RIVERSIDE,MORENO VALLEY,-117.26656,33.94052