CASE_ID,ACCIDENT_YEAR,PROC_DATE,JURIS,COLLISION_DATE,COLLISION_TIME,OFFICER_ID,REPORTING_DISTRICT,DAY_OF_WEEK,CHP_SHIFT,POPULATION,CNTY_CITY_LOC,SPECIAL_COND,BEAT_TYPE,CHP_BEAT_TYPE,CITY_DIVISION_LAPD,CHP_BEAT_CLASS,BEAT_NUMBER,PRIMARY_RD,SECONDARY_RD,DISTANCE,DIRECTION,INTERSECTION,WEATHER_1,WEATHER_2,STATE_HWY_IND,CALTRANS_COUNTY,CALTRANS_DISTRICT,STATE_ROUTE,ROUTE_SUFFIX,POSTMILE_PREFIX,POSTMILE,LOCATION_TYPE,RAMP_INTERSECTION,SIDE_OF_HWY,TOW_AWAY,COLLISION_SEVERITY,NUMBER_KILLED,NUMBER_INJURED,PARTY_COUNT,PRIMARY_COLL_FACTOR,PCF_CODE_OF_VIOL,PCF_VIOL_CATEGORY,PCF_VIOLATION,PCF_VIOL_SUBSECTION,HIT_AND_RUN,TYPE_OF_COLLISION,MVIW,PED_ACTION,ROAD_SURFACE,ROAD_COND_1,ROAD_COND_2,LIGHTING,CONTROL_DEVICE,CHP_ROAD_TYPE,PEDESTRIAN_ACCIDENT,BICYCLE_ACCIDENT,MOTORCYCLE_ACCIDENT,TRUCK_ACCIDENT,NOT_PRIVATE_PROPERTY,ALCOHOL_INVOLVED,STWD_VEHTYPE_AT_FAULT,CHP_VEHTYPE_AT_FAULT,COUNT_SEVERE_INJ,COUNT_VISIBLE_INJ,COUNT_COMPLAINT_PAIN,COUNT_PED_KILLED,COUNT_PED_INJURED,COUNT_BICYCLIST_KILLED,COUNT_BICYCLIST_INJURED,COUNT_MC_KILLED,COUNT_MC_INJURED,PRIMARY_RAMP,SECONDARY_RAMP,LATITUDE,LONGITUDE,COUNTY,CITY,POINT_X,POINT_Y
90855003,2018,2018-11-07,9840,2018-11-03,1354,021641,NA,6,1,9,3300,0,2,4,NA,2,045,CAJALCO RD,CLARK ST,0,NA,Y,A,-,N,NA,NA,NA,NA,NA,NA,NA,NA,NA,Y,3,0,1,2,A,-,12,21453,A,N,D,C,A,A,H,-,A,A,0,NA,NA,NA,NA,Y,NA,A,01,0,1,0,0,0,0,0,0,0,-,-,33.8372688293457,-117.28756713867188,RIVERSIDE,UNINCORPORATED,-117.28762817382813,33.83721923828125
90856315,2018,2018-11-08,9660,2018-09-02,2321,021232,NA,7,3,9,3300,0,3,5,NA,2,003,28TH AVE,DEFRAIN BLVD.,200,E,N,A,-,N,NA,NA,NA,NA,NA,NA,NA,NA,NA,Y,1,1,0,1,A,-,08,22107,NA,N,F,A,A,A,H,-,D,D,0,NA,NA,NA,NA,Y,NA,A,01,0,0,0,0,0,0,0,0,0,-,-,33.507110595703125,-114.62050628662108,RIVERSIDE,UNINCORPORATED,-114.62026977539063,33.50699234008789
90856982,2018,2018-11-09,9685,2018-10-28,0250,017013,NA,7,3,4,3307,0,1,1,NA,2,010,I-15 SOUTHBOUND,DIAMOND DRIVE,2640,S,N,A,-,Y,NA,NA,NA,NA,NA,NA,NA,NA,NA,Y,3,0,1,1,A,-,01,23152,A,N,F,J,A,A,H,-,D,D,0,NA,NA,NA,NA,Y,Y,A,01,0,1,0,0,0,0,0,0,0,-,-,33.64863967895508,-117.28839874267578,RIVERSIDE,LAKE ELSINORE,-117.29875183105467,33.66212844848633
90857843,2018,2018-11-12,9685,2018-11-07,2115,014519,NA,3,2,4,3342,0,1,1,NA,2,030,I-15 NORTHBOUND,NUTMEG ST.,2,N,N,A,-,Y,NA,NA,15,NA,NA,NA,NA,NA,N,Y,4,0,3,1,A,-,08,22107,NA,N,F,A,A,A,H,-,D,D,0,NA,NA,NA,NA,Y,NA,A,07,0,0,3,0,0,0,0,0,0,-,-,33.578399658203125,-117.2238998413086,RIVERSIDE,MURRIETA,-117.22380065917967,33.57853317260742
90859362,2018,2018-11-14,9840,2018-11-02,0732,015705,NA,5,1,7,3313,0,1,3,NA,2,025,SR-60 E/B,DAY ST.,3200,W,N,A,-,Y,NA,NA,60,NA,NA,NA,NA,NA,E,Y,3,0,2,3,A,-,03,22350,NA,F,C,C,A,A,H,-,A,D,0,NA,NA,NA,NA,Y,NA,D,22,0,2,0,0,0,0,0,0,0,-,-,33.943328857421875,-117.28900909423828,RIVERSIDE,RIVERSIDE,-117.2890167236328,33.94384765625
90859447,2018,2018-11-14,9655,2018-11-07,1120,014743,NA,3,1,2,3336,0,1,1,NA,2,202,I-10 W/B,CHERRY VALLEY BLVD,3696,W,N,A,-,Y,NA,NA,10,NA,NA,NA,NA,NA,W,Y,3,0,2,1,A,-,08,22107,NA,N,E,I,A,A,H,-,A,D,0,NA,NA,NA,NA,Y,NA,A,01,0,1,1,0,0,0,0,0,0,-,-,33.974849700927734,-117.04564666748048,RIVERSIDE,CALIMESA,-117.04557800292967,33.97496795654297
90861862,2018,2018-11-16,9685,2018-10-28,1225,014267,NA,7,1,5,3341,0,1,S,NA,2,901,SR-74,PALOMAR ROAD,122,E,N,A,-,Y,NA,NA,74,NA,NA,NA,NA,NA,NA,Y,4,0,3,4,A,-,08,22107,NA,N,B,C,A,A,H,-,A,D,0,NA,NA,NA,NA,Y,NA,A,01,0,0,3,0,0,0,0,0,0,-,-,33.743038177490234,-117.16249084472656,RIVERSIDE,MENIFEE,-117.16249084472656,33.74305725097656
90862271,2018,2018-11-19,9840,2018-09-19,1950,017504,NA,3,2,9,3300,0,2,4,NA,2,042,VAN BUREN BLVD.,WASHINGTON ST.,593,W,N,A,-,N,NA,NA,NA,NA,NA,NA,NA,NA,NA,Y,4,0,1,3,A,-,03,22350,NA,N,C,C,A,A,D,-,C,D,0,NA,NA,NA,NA,Y,NA,D,22,0,0,1,0,0,0,0,0,0,-,-,33.88233184814453,-117.36829376220705,RIVERSIDE,UNINCORPORATED,-117.36812591552734,33.88237762451172
90862272,2018,2018-11-19,9840,2018-10-21,1258,017504,NA,7,1,9,3300,0,2,4,NA,2,045,CAJALCO RD.,DECKER RD.,0,NA,Y,A,-,N,NA,NA,NA,NA,NA,NA,NA,NA,NA,Y,4,0,3,2,A,-,05,21460,A,N,A,C,A,A,H,-,A,A,0,NA,NA,NA,NA,Y,NA,A,07,0,0,3,0,0,0,0,0,0,-,-,33.83734130859375,-117.2681121826172,RIVERSIDE,UNINCORPORATED,-117.26815032958984,33.83736038208008
90862677,2018,2018-11-19,9840,2018-11-09,1251,014868,NA,5,1,6,3345,0,1,3,NA,2,010,SR-60 E/B,PYRITE ST.,2640,W,N,A,-,Y,NA,NA,NA,NA,NA,NA,NA,NA,NA,Y,4,0,1,2,A,-,03,22350,NA,N,C,C,A,A,H,-,A,D,0,NA,NA,NA,NA,Y,NA,D,22,0,0,1,0,0,0,0,0,0,-,-,34.0158805847168,-117.47029113769533,RIVERSIDE,JURUPA VALLEY,-117.47091674804688,34.01750564575195
90863565,2018,2018-12-11,9840,2018-11-14,1620,020058,NA,3,2,6,3315,0,1,1,NA,2,034,I-15 S/B,CAJALCO RD,2700,S,N,A,-,Y,NA,NA,15,NA,NA,NA,NA,NA,S,Y,3,0,1,2,A,-,03,22350,NA,N,C,C,A,A,D,-,B,D,0,NA,NA,Y,NA,Y,NA,-,-,0,1,0,0,0,0,0,0,1,-,-,33.815528869628906,-117.51236724853516,RIVERSIDE,CORONA,-117.51237487792967,33.815528869628906
90865297,2018,2018-11-21,9840,2018-11-19,1828,020058,NA,1,2,6,3315,0,1,3,NA,2,031,SR-91 EB TO I-15,MAIN ST.,3600,E,N,B,-,Y,NA,NA,91,NA,NA,NA,R,NA,E,N,3,0,5,2,A,-,03,22350,NA,N,C,C,A,A,H,-,C,D,0,NA,NA,NA,NA,Y,NA,A,01,0,3,2,0,0,0,0,0,0,-,-,33.87997055053711,-117.55210876464844,RIVERSIDE,CORONA,-117.55210876464844,33.87997055053711
90866061,2018,2018-11-26,9630,2018-11-10,0210,021416,NA,6,3,9,3300,0,1,1,NA,2,021,I-10 E/B,COOK ST,5280,E,N,A,-,Y,NA,NA,10,NA,NA,NA,NA,NA,E,Y,3,0,1,1,A,-,08,22107,NA,N,B,I,A,A,H,-,D,D,0,NA,NA,NA,NA,Y,NA,D,22,0,1,0,0,0,0,0,0,0,-,-,33.77785873413086,-116.34130859375,RIVERSIDE,UNINCORPORATED,-116.34127044677734,33.77792739868164
90867209,2018,2018-11-26,9630,2018-11-19,1749,020845,NA,1,2,9,3300,0,2,S,NA,2,405,WASHINGTON ST,VARNER RD.,0,NA,Y,A,-,N,NA,NA,NA,NA,NA,NA,NA,NA,NA,N,3,0,1,2,A,-,08,22107,NA,N,B,C,A,A,H,-,C,A,0,NA,NA,NA,NA,Y,NA,-,-,0,1,0,0,0,0,0,0,0,-,-,33.76128005981445,-116.30087280273438,RIVERSIDE,UNINCORPORATED,-116.3010025024414,33.761409759521484
90870038,2018,2018-11-29,9840,2018-11-21,1430,013968,NA,3,2,9,3300,0,2,4,NA,2,045,CAJALCO RD,ALEXANDER ST,500,E,N,A,-,N,NA,NA,NA,NA,NA,NA,NA,NA,NA,Y,4,0,1,4,A,-,03,22350,NA,N,C,C,A,A,H,-,A,D,0,NA,NA,NA,NA,Y,NA,D,22,0,0,1,0,0,0,0,0,0,-,-,33.83707046508789,-117.30166625976563,RIVERSIDE,UNINCORPORATED,-117.30345916748048,33.837059020996094
90870212,2018,2018-11-29,9840,2018-11-18,1405,020455,NA,7,2,4,3310,0,1,1,NA,2,011,I-15 S/B,SIXTH ST.,1000,S,N,A,-,Y,NA,NA,15,NA,NA,NA,NA,NA,S,Y,3,0,3,2,A,-,08,22107,NA,N,E,I,A,A,D,-,A,D,0,NA,NA,NA,NA,Y,NA,A,07,0,1,2,0,0,0,0,0,0,-,-,33.9340705871582,-117.55605316162108,RIVERSIDE,NORCO,-117.55623626708984,33.9340705871582
9087114,2019,2020-07-08,3342,2019-12-26,1929,1115,563,4,5,4,3342,0,0,0,NA,0,005,MURRIETA HOT SPRINGS RD,JACKSON AV,550,E,N,A,-,N,NA,NA,NA,NA,NA,NA,NA,NA,NA,NA,4,0,1,2,A,-,04,21703,NA,N,C,C,A,A,H,-,C,D,0,NA,NA,NA,NA,Y,Y,A,01,0,0,1,0,0,0,0,0,0,-,-,33.555850982666016,-117.17282104492188,RIVERSIDE,MURRIETA,-117.18563079833984,33.55553436279297
90871886,2018,2018-11-30,9840,2018-11-17,0635,017882,NA,6,1,9,3300,0,2,4,NA,2,045,CAJALCO RD.,BARTON ST.,842,W,N,A,-,N,NA,NA,NA,NA,NA,NA,NA,NA,NA,Y,4,0,1,2,A,-,05,21460,A,F,A,C,A,A,H,-,A,D,0,NA,NA,NA,NA,Y,NA,A,01,0,0,1,0,0,0,0,0,0,-,-,33.83707809448242,-117.31429290771484,RIVERSIDE,UNINCORPORATED,-117.31459808349608,33.837074279785156
90872696,2018,2018-11-30,9840,2018-11-21,0845,014868,NA,3,1,7,3313,0,1,1,NA,2,231,I-215 N/B,CENTRAL AVE,1584,S,N,A,-,Y,NA,NA,NA,NA,NA,NA,NA,NA,NA,Y,4,0,1,2,A,-,03,22350,NA,N,C,C,A,A,H,-,A,D,0,NA,NA,NA,NA,Y,NA,A,01,0,0,1,0,0,0,0,0,0,-,-,33.95526885986328,-117.3054428100586,RIVERSIDE,RIVERSIDE,NA,NA
90873612,2018,2018-12-03,9840,2018-11-26,0151,018983,NA,1,3,6,3315,0,1,3,NA,2,031,SR-91 W/B,E. GRAND BOULEVARD,800,E,N,A,-,Y,NA,NA,91,NA,NA,NA,NA,NA,W,Y,3,0,1,2,A,-,01,23152,A,N,C,C,A,A,H,-,D,D,0,NA,NA,NA,Y,Y,Y,A,01,0,1,0,0,0,0,0,0,0,-,-,33.87950897216797,-117.5579071044922,RIVERSIDE,CORONA,-117.5579071044922,33.8794059753418
90873924,2018,2018-12-03,9655,2018-11-27,1400,020695,NA,2,2,9,3300,0,1,3,NA,2,212,SR-60 E/B,TIMOTHY LN,1244,W,N,A,-,Y,NA,NA,60,NA,NA,NA,NA,NA,E,Y,4,0,1,2,A,-,03,22350,NA,N,C,C,A,A,H,-,A,D,0,NA,NA,NA,NA,Y,NA,A,01,0,0,1,0,0,0,0,0,0,-,-,33.942359924316406,-117.08757781982422,RIVERSIDE,UNINCORPORATED,-117.08757781982422,33.942359924316406
9087437,2020,2020-07-31,3308,2020-04-01,1802,10620,556,3,5,5,3308,0,0,0,NA,0,SOUTH,STATE ST,GILBERT ST,250,E,N,-,-,N,NA,NA,NA,NA,NA,NA,NA,NA,NA,N,4,0,2,1,B,-,22,NA,NA,N,E,I,A,A,A,-,A,D,0,NA,NA,Y,NA,Y,NA,C,02,0,0,2,0,0,0,0,0,2,-,-,NA,NA,RIVERSIDE,HEMET,NA,NA
90875550,2018,2018-12-05,9840,2018-11-26,0915,014916,NA,1,1,9,3300,0,3,5,NA,2,004,ALOHA RD,SAN JACINTO AVE,3696,N,N,A,-,N,NA,NA,NA,NA,NA,NA,NA,NA,NA,Y,4,0,1,1,A,-,08,22107,NA,N,E,I,A,A,H,-,A,D,0,NA,NA,NA,NA,Y,NA,A,01,0,0,1,0,0,0,0,0,0,-,-,33.7913703918457,-117.27043151855467,RIVERSIDE,UNINCORPORATED,-117.27359008789063,33.7926139831543
90875718,2018,2018-12-05,9840,2018-11-27,0655,014366,NA,2,1,6,3315,0,1,1,NA,2,034,I-15 N/B,ONTARIO AVE,2640,N,N,A,-,Y,NA,NA,15,NA,NA,NA,NA,NA,N,Y,4,0,1,3,A,-,03,22350,NA,N,C,C,A,A,H,-,A,D,0,NA,NA,NA,NA,Y,NA,A,01,0,0,1,0,0,0,0,0,0,-,-,33.858211517333984,-117.535888671875,RIVERSIDE,CORONA,-117.53575897216795,33.85825729370117
9087615,2020,2020-10-13,3308,2020-03-17,1300,10702,515,2,5,5,3308,0,0,0,NA,0,NORTH,FLORIDA AV,KIRBY ST,533,E,N,A,-,Y,RIV,8,74,-,-,38.987,I,5,W,Y,2,0,1,2,A,-,09,21801,A,N,D,C,A,A,H,-,A,D,0,NA,NA,NA,NA,Y,NA,A,01,1,0,0,0,0,0,0,0,0,-,-,33.74755859375,-116.99784088134766,RIVERSIDE,HEMET,-116.99781036376952,33.747432708740234
90876774,2018,2018-12-06,9840,2018-11-28,0815,014497,NA,3,1,9,3300,0,1,1,NA,2,040,I-215 N/B,CAJALCO EXPRESSWAY,2112,S,N,A,-,Y,NA,NA,215,NA,NA,NA,NA,NA,N,Y,3,0,2,2,A,-,03,22350,NA,N,C,C,A,A,H,-,A,D,0,NA,NA,NA,NA,Y,NA,A,01,0,1,1,0,0,0,0,0,0,-,-,33.838890075683594,-117.24918365478516,RIVERSIDE,UNINCORPORATED,-117.24919128417967,33.83888626098633
90877048,2018,2018-12-06,9685,2018-11-27,1900,016096,NA,2,2,4,3312,0,3,5,NA,2,002,MAPES RD.,SOPHIE ST.,950,E,N,B,-,N,NA,NA,NA,NA,NA,NA,NA,NA,NA,Y,4,0,1,2,A,-,09,21804,A,N,D,C,A,A,H,-,D,D,0,NA,NA,NA,NA,Y,NA,A,08,0,0,1,0,0,0,0,0,0,-,-,33.757530212402344,-117.2550811767578,RIVERSIDE,PERRIS,-117.25533294677734,33.757469177246094
90877168,2018,2018-12-06,9840,2018-11-28,1720,020455,NA,3,2,7,3313,0,1,1,NA,2,231,I-215 S/B,UNIVERSITY AVE,1000,S,N,A,-,Y,NA,NA,215,NA,NA,NA,NA,NA,S,Y,3,0,1,3,A,-,03,22350,NA,N,C,C,A,A,H,-,C,D,0,NA,NA,NA,NA,Y,NA,A,01,0,1,0,0,0,0,0,0,0,-,-,33.97364044189453,-117.33332824707033,RIVERSIDE,RIVERSIDE,-117.33335113525392,33.9736213684082
90878097,2018,2018-12-07,9685,2018-11-29,0910,015906,NA,4,1,9,3300,0,1,3,NA,1,012,SR-74 EASTBOUND,THEDA STREET,2112,W,N,B,C,Y,NA,NA,74,NA,NA,NA,NA,NA,E,Y,3,0,1,1,A,-,03,22350,NA,N,F,A,A,B,H,-,A,D,0,NA,NA,NA,NA,Y,NA,A,07,0,1,0,0,0,0,0,0,0,-,-,33.75300979614258,-117.2748794555664,RIVERSIDE,UNINCORPORATED,-117.27505493164063,33.753082275390625
90880634,2018,2018-12-11,9840,2018-12-03,0950,019361,NA,1,1,7,3313,0,1,1,NA,2,023,I-215 N/B,CENTRAL AVENUE,1584,S,N,A,-,Y,NA,NA,NA,NA,NA,NA,NA,NA,NA,N,4,0,1,1,A,-,08,22107,NA,N,E,I,A,A,H,-,A,D,0,NA,NA,NA,NA,Y,NA,A,07,0,0,1,0,0,0,0,0,0,-,-,33.95552062988281,-117.30564880371094,RIVERSIDE,RIVERSIDE,NA,NA
90881023,2018,2018-12-12,9840,2018-12-03,0955,015705,NA,1,1,7,3313,0,1,3,NA,2,020,SR-91 E/B,VAN BUREN BLVD.,1776,W,N,A,-,Y,NA,NA,91,NA,NA,NA,NA,NA,E,Y,3,0,2,2,C,-,18,NA,NA,N,E,C,A,A,H,-,A,D,0,NA,NA,NA,Y,Y,NA,-,-,0,2,0,0,0,0,0,0,0,-,-,33.911598205566406,-117.44725799560548,RIVERSIDE,RIVERSIDE,-117.44729614257813,33.91166305541992
90881525,2018,2018-12-12,9685,2018-12-03,1730,016096,NA,1,2,4,3342,0,3,5,NA,2,001,CLINTON KEITH ROAD,TENAJA ROAD,300,N,N,A,-,N,NA,NA,NA,NA,NA,NA,NA,NA,NA,N,4,0,1,1,C,-,18,NA,NA,N,E,H,A,A,H,-,D,D,0,NA,NA,NA,NA,Y,NA,-,-,0,0,1,0,0,0,0,0,0,-,-,33.528751373291016,-117.27294158935548,RIVERSIDE,MURRIETA,-117.27287292480467,33.52921676635742
90883090,2018,2018-12-18,9685,2018-12-07,1755,016113,NA,5,2,4,3307,0,1,1,NA,2,010,I-15 SOUTHBOUND,MAIN STREET,1800,N,N,B,-,Y,NA,NA,15,NA,NA,NA,NA,NA,S,Y,4,0,1,2,A,-,03,22350,NA,N,C,C,A,A,H,-,D,D,0,NA,NA,NA,NA,Y,NA,A,07,0,0,1,0,0,0,0,0,0,-,-,33.68096160888672,-117.32759857177734,RIVERSIDE,LAKE ELSINORE,-117.32762908935548,33.68092727661133
90883107,2018,2018-12-14,9840,2018-12-06,1215,014868,NA,4,1,7,3313,0,1,3,NA,2,021,SR-91 E/B,ADAMS ST.,100,E,N,C,-,Y,NA,NA,91,NA,NA,NA,NA,NA,E,Y,4,0,1,2,A,-,03,22350,NA,N,C,C,A,B,H,-,A,D,0,NA,NA,NA,NA,Y,NA,A,07,0,0,1,0,0,0,0,0,0,-,-,33.927650451660156,-117.41902923583984,RIVERSIDE,RIVERSIDE,-117.4190673828125,33.92771911621094
90883876,2018,2018-12-17,9840,2018-12-02,1030,017893,NA,7,1,9,3300,0,1,1,NA,2,037,I-15 N/B,MAYHEW WASH,87,S,N,A,-,Y,NA,NA,15,NA,NA,NA,NA,NA,N,Y,3,0,1,2,A,-,07,21658,A,F,E,I,A,A,H,-,A,D,0,NA,NA,NA,NA,Y,Y,-,99,0,1,0,0,0,0,0,0,0,-,-,33.762699127197266,-117.472900390625,RIVERSIDE,UNINCORPORATED,-117.47290802001952,33.762691497802734
90885729,2018,2019-01-31,9655,2018-12-06,1505,020963,NA,4,2,9,3300,0,1,3,NA,2,212,STATE ROUTE 60 W/B,JACK RABBIT TRAIL,52,E,N,C,-,Y,NA,NA,60,NA,NA,NA,NA,NA,W,Y,2,0,3,3,A,-,03,22350,NA,N,A,C,A,B,H,-,A,D,0,NA,NA,NA,NA,Y,NA,A,07,2,0,1,0,0,0,0,0,0,-,-,33.9339599609375,-117.03317260742188,RIVERSIDE,UNINCORPORATED,-117.0331573486328,33.93399429321289
90886597,2018,2018-12-19,9685,2018-11-15,1245,015360,NA,4,1,5,3335,0,1,1,NA,2,030,I-15 NORTHBOUND,WINCHESTER RD.,2640,N,N,A,-,Y,NA,NA,NA,NA,NA,NA,NA,NA,NA,Y,3,0,1,1,A,-,01,23152,F,N,E,A,A,A,H,-,A,D,0,NA,NA,NA,NA,Y,NA,D,22,0,1,0,0,0,0,0,0,0,-,-,33.336448669433594,-117.64737701416016,RIVERSIDE,TEMECULA,-117.16703033447266,33.52888107299805
90887784,2018,2018-12-21,9655,2018-12-17,1100,015795,NA,1,1,9,3300,0,1,3,NA,2,213,SR-79 S/B,CALIFORNIA AVENUE,5280,S,N,A,-,Y,NA,NA,79,NA,NA,NA,NA,NA,S,Y,3,0,1,1,A,-,08,22107,NA,N,E,I,A,A,H,-,A,D,0,NA,NA,NA,NA,Y,NA,A,01,0,1,0,0,0,0,0,0,0,-,-,33.89963912963867,-116.9867706298828,RIVERSIDE,UNINCORPORATED,-116.98676300048828,33.899635314941406
9088784,2020,2020-06-18,3308,2020-03-10,1003,10610,574,2,5,5,3308,0,0,0,NA,0,SOUTH,SANDERSON AV,DOMENIGONI PKWY,140,N,N,C,-,N,NA,NA,NA,NA,NA,NA,NA,NA,NA,Y,3,0,1,1,A,-,08,22107,NA,N,E,I,A,B,H,-,A,A,0,NA,NA,NA,NA,Y,NA,A,07,0,1,0,0,0,0,0,0,0,-,-,33.71363067626953,-117.006103515625,RIVERSIDE,HEMET,-117.00608825683594,33.714054107666016
90889257,2018,2018-12-24,9685,2018-12-21,0445,017399,NA,5,3,4,3307,0,1,1,NA,2,010,I-15 N/B,RAILROAD CANYON,1052,N,N,A,-,Y,NA,NA,15,NA,NA,NA,NA,NA,N,N,4,0,1,2,A,-,07,21658,A,N,B,C,A,A,H,-,D,D,0,NA,NA,NA,NA,Y,NA,A,01,0,0,1,0,0,0,0,0,0,-,-,33.66471862792969,-117.30110931396484,RIVERSIDE,LAKE ELSINORE,-117.30113983154295,33.664676666259766
90889687,2018,2018-12-26,9840,2018-12-14,1630,015683,NA,5,2,7,3313,0,1,1,NA,2,023,I-215 N/B,FAIR ISLE DR,400,N,N,A,-,Y,NA,NA,215,NA,NA,NA,NA,NA,N,Y,3,0,1,2,A,-,03,22350,NA,N,B,C,A,A,H,-,B,D,0,NA,NA,Y,NA,Y,NA,C,02,0,1,0,0,0,0,0,0,1,-,-,33.95024871826172,-117.30287933349608,RIVERSIDE,RIVERSIDE,-117.30282592773438,33.95027160644531
90890488,2018,2018-12-26,9685,2018-12-18,1938,015050,NA,2,2,9,3300,0,1,1,NA,2,020,STATE ROUTE 74,OLSEN RD.,0,NA,Y,A,-,Y,NA,NA,74,NA,NA,NA,NA,NA,NA,Y,2,0,1,2,A,-,09,21801,A,N,D,C,A,A,H,-,C,A,0,NA,NA,NA,NA,Y,NA,D,22,1,0,0,0,0,0,0,0,0,-,-,33.743080139160156,-117.104736328125,RIVERSIDE,UNINCORPORATED,-117.10475158691406,33.74304962158203
90891225,2018,2018-12-27,9685,2018-12-23,1420,016096,NA,7,2,4,3307,0,1,1,NA,2,010,I-15 SOUTHBOUND FWY,FRANKLIN STREET,1000,S,N,A,-,Y,NA,NA,15,NA,NA,NA,NA,NA,S,N,4,0,3,4,A,-,03,22350,NA,N,C,C,A,A,H,-,A,D,0,NA,NA,NA,NA,Y,NA,A,07,0,0,3,0,0,0,0,0,0,-,-,33.666011810302734,-117.30354309082033,RIVERSIDE,LAKE ELSINORE,-117.30345916748048,33.66612243652344
90891429,2018,2018-12-27,9655,2018-12-24,0900,015795,NA,1,1,9,3300,0,3,5,NA,2,002,GILMAN SPRINGS ROAD,JACK RABBIT TRAIL,3100,W,N,A,-,N,NA,NA,NA,NA,NA,NA,NA,NA,NA,Y,3,0,1,1,A,-,08,22107,NA,N,E,I,A,A,H,-,A,D,0,NA,NA,NA,NA,Y,NA,A,01,0,1,0,0,0,0,0,0,0,-,-,33.89059829711914,-117.0763931274414,RIVERSIDE,UNINCORPORATED,-117.08001708984376,33.892738342285156
90893201,2018,2018-12-28,9685,2018-12-25,0945,015360,NA,2,1,9,3300,0,1,1,NA,2,030,I-15 SOUTHBOUND,TEMECULA PARKWAY,5280,S,N,C,-,Y,NA,NA,NA,NA,NA,NA,NA,NA,NA,Y,4,0,1,2,A,-,08,22107,NA,N,B,C,A,B,H,-,A,D,0,NA,NA,NA,NA,Y,NA,A,01,0,0,1,0,0,0,0,0,0,-,-,33.44533157348633,-117.15563201904295,RIVERSIDE,UNINCORPORATED,NA,NA
90894396,2018,2018-12-31,9840,2018-12-19,1640,019527,NA,3,2,9,3300,0,3,5,NA,2,002,IOWA AVE,PALMER ST,25,S,N,A,-,N,NA,NA,NA,NA,NA,NA,NA,NA,NA,N,4,0,3,2,A,-,03,22350,NA,N,C,C,A,A,H,-,C,D,0,NA,NA,NA,NA,Y,Y,A,01,0,0,3,0,0,0,0,0,0,-,-,34.01477813720703,-117.33995056152344,RIVERSIDE,UNINCORPORATED,-117.33980560302734,34.014801025390625
90894471,2018,2018-12-31,9655,2018-12-18,0736,014421,NA,2,1,4,3301,0,1,3,NA,2,212,SR-60 WESTBOUND,GILMAN SPRINGS RD.,4224,E,N,A,-,Y,NA,NA,NA,NA,NA,NA,NA,NA,NA,Y,3,0,1,2,A,-,08,22107,NA,M,C,E,A,A,H,-,A,D,0,NA,NA,NA,Y,Y,NA,D,22,0,1,0,0,0,0,0,0,0,-,-,33.56079864501953,-117.06459808349608,RIVERSIDE,BANNING,-117.11399841308594,33.93601608276367
90894706,2018,2018-12-31,9840,2018-12-20,1520,018564,NA,4,2,4,3344,0,1,1,NA,2,011,I-15 S/B,PHILADELPHIA STREET,680,S,N,A,-,Y,NA,NA,15,NA,NA,NA,NA,NA,S,N,4,0,1,2,A,-,03,22350,NA,N,C,C,A,A,H,-,A,D,0,NA,NA,NA,NA,Y,NA,A,01,0,0,1,0,0,0,0,0,0,-,-,34.031471252441406,-117.55043029785156,RIVERSIDE,EASTVALE,-117.55046081542967,34.031471252441406
90894980,2018,2018-12-31,9685,2018-12-20,2015,016502,NA,4,2,4,3342,0,1,1,NA,2,030,I-15 NORTHBOUND,I-215 NORTHBOUND,1000,S,N,A,-,Y,NA,NA,NA,NA,NA,NA,NA,NA,NA,Y,4,0,2,2,A,-,01,23152,A,N,C,C,A,A,H,-,D,D,0,NA,NA,NA,NA,Y,Y,A,01,0,0,2,0,0,0,0,0,0,-,-,33.322898864746094,-117.10310363769533,RIVERSIDE,MURRIETA,-117.17945861816406,33.54727554321289
90895360,2018,2019-01-02,9840,2018-12-11,0535,015789,NA,2,3,7,3313,0,1,1,NA,2,022,I-215 S/B,SR-60,2640,N,N,A,-,Y,NA,NA,215,NA,NA,NA,NA,NA,S,N,4,0,1,2,A,-,03,22350,NA,N,C,C,A,A,H,-,C,D,0,NA,NA,NA,NA,Y,NA,A,01,0,0,1,0,0,0,0,0,0,-,-,34.00040817260742,-117.3527603149414,RIVERSIDE,RIVERSIDE,-117.3527374267578,34.00039291381836
90896555,2018,2019-01-03,9840,2018-12-27,1720,020455,NA,4,2,7,3313,0,1,3,NA,2,021,SR-91 W/B,CENTRAL AVE,1500,E,N,A,-,Y,NA,NA,91,NA,NA,NA,NA,NA,W,Y,4,0,2,3,A,-,03,22350,NA,N,C,C,A,A,H,-,C,D,0,NA,NA,NA,NA,Y,NA,A,07,0,0,2,0,0,0,0,0,0,-,-,33.95623016357422,-117.38082122802734,RIVERSIDE,RIVERSIDE,-117.3807373046875,33.956111907958984