CASE_ID,ACCIDENT_YEAR,PROC_DATE,JURIS,COLLISION_DATE,COLLISION_TIME,OFFICER_ID,REPORTING_DISTRICT,DAY_OF_WEEK,CHP_SHIFT,POPULATION,CNTY_CITY_LOC,SPECIAL_COND,BEAT_TYPE,CHP_BEAT_TYPE,CITY_DIVISION_LAPD,CHP_BEAT_CLASS,BEAT_NUMBER,PRIMARY_RD,SECONDARY_RD,DISTANCE,DIRECTION,INTERSECTION,WEATHER_1,WEATHER_2,STATE_HWY_IND,CALTRANS_COUNTY,CALTRANS_DISTRICT,STATE_ROUTE,ROUTE_SUFFIX,POSTMILE_PREFIX,POSTMILE,LOCATION_TYPE,RAMP_INTERSECTION,SIDE_OF_HWY,TOW_AWAY,COLLISION_SEVERITY,NUMBER_KILLED,NUMBER_INJURED,PARTY_COUNT,PRIMARY_COLL_FACTOR,PCF_CODE_OF_VIOL,PCF_VIOL_CATEGORY,PCF_VIOLATION,PCF_VIOL_SUBSECTION,HIT_AND_RUN,TYPE_OF_COLLISION,MVIW,PED_ACTION,ROAD_SURFACE,ROAD_COND_1,ROAD_COND_2,LIGHTING,CONTROL_DEVICE,CHP_ROAD_TYPE,PEDESTRIAN_ACCIDENT,BICYCLE_ACCIDENT,MOTORCYCLE_ACCIDENT,TRUCK_ACCIDENT,NOT_PRIVATE_PROPERTY,ALCOHOL_INVOLVED,STWD_VEHTYPE_AT_FAULT,CHP_VEHTYPE_AT_FAULT,COUNT_SEVERE_INJ,COUNT_VISIBLE_INJ,COUNT_COMPLAINT_PAIN,COUNT_PED_KILLED,COUNT_PED_INJURED,COUNT_BICYCLIST_KILLED,COUNT_BICYCLIST_INJURED,COUNT_MC_KILLED,COUNT_MC_INJURED,PRIMARY_RAMP,SECONDARY_RAMP,LATITUDE,LONGITUDE,COUNTY,CITY,POINT_X,POINT_Y
91030057,2019,2019-07-12,9630,2019-07-06,0811,021513,NA,6,1,9,3300,0,1,1,NA,2,010,I-10 W/B,N. INDIAN CANYON DR.,4752,W,N,A,-,Y,NA,NA,NA,NA,NA,NA,NA,NA,NA,Y,4,0,1,2,A,-,08,22107,NA,N,C,C,A,A,H,-,A,D,0,NA,NA,NA,Y,Y,NA,A,08,0,0,1,0,0,0,0,0,0,-,-,33.905941009521484,-116.56271362304688,RIVERSIDE,UNINCORPORATED,-116.56098175048828,33.9057502746582
91030398,2019,2019-07-15,9630,2019-07-03,0715,021162,NA,3,1,9,3300,0,3,5,NA,2,001,MOUNTAIN VIEW ROAD,20TH AVE,1056,S,N,A,-,N,NA,NA,NA,NA,NA,NA,NA,NA,NA,Y,2,0,2,2,A,-,06,21755,NA,N,A,C,A,A,H,-,A,D,0,NA,NA,NA,NA,Y,NA,A,01,1,1,0,0,0,0,0,0,0,-,-,33.900001525878906,-116.47550201416016,RIVERSIDE,UNINCORPORATED,-116.47550201416016,33.901241302490234
91030512,2019,2019-07-15,9840,2019-07-10,0810,014962,NA,3,1,6,3345,0,1,3,NA,2,010,SR-60 E/B,LA RUE ST. O/C,2000,W,N,A,-,Y,NA,NA,60,NA,NA,NA,NA,NA,E,Y,4,0,1,2,A,-,03,22350,NA,N,C,C,A,A,H,-,A,D,0,NA,NA,NA,NA,Y,NA,A,07,0,0,1,0,0,0,0,0,0,-,-,34.007301330566406,-117.41940307617188,RIVERSIDE,JURUPA VALLEY,-117.41942596435548,34.00722122192383
91031156,2019,2019-07-15,9840,2019-07-11,2059,018072,NA,4,2,6,3345,0,1,3,NA,2,010,SR-60 E/B TO MISSION BOULEVARD,MISSION BOULEVARD,20,W,N,A,-,Y,NA,NA,60,NA,NA,NA,R,NA,E,N,3,0,1,2,A,-,03,22350,NA,F,C,C,A,A,H,-,D,D,0,NA,NA,NA,NA,Y,NA,A,01,0,1,0,0,0,0,0,0,0,-,-,34.018009185791016,-117.50679779052734,RIVERSIDE,JURUPA VALLEY,-117.50679779052734,34.018009185791016
91032620,2019,2019-07-17,9685,2019-07-13,1411,015957,NA,6,2,5,3341,0,1,1,NA,2,020,I-215 SOUTHBOUND,MCCALL BLVD,2500,S,N,A,-,Y,NA,NA,215,NA,NA,NA,NA,NA,S,Y,4,0,1,1,A,-,08,22107,NA,N,E,I,A,A,H,-,A,D,0,NA,NA,NA,NA,Y,NA,A,07,0,0,1,0,0,0,0,0,0,-,-,33.700321197509766,-117.18105316162108,RIVERSIDE,MENIFEE,-117.18105316162108,33.7003173828125
91035313,2019,2019-07-22,9685,2019-07-15,0115,017169,NA,1,3,9,3300,0,3,5,NA,2,001,VIA VOLCANO,AVOCADO MESA ROAD,40,S,N,A,-,N,NA,NA,NA,NA,NA,NA,NA,NA,NA,Y,2,0,4,1,A,-,01,23152,A,N,E,J,A,A,H,-,D,D,0,NA,NA,NA,NA,Y,Y,A,01,4,0,0,0,0,0,0,0,0,-,-,33.503700256347656,-117.29293823242188,RIVERSIDE,UNINCORPORATED,-117.29327392578124,33.503910064697266
91037264,2019,2019-07-24,9655,2019-07-15,2000,020669,NA,1,2,9,3300,0,1,3,NA,1,115,SR-243 S/B,MPM 2.00,45,S,N,A,-,Y,NA,NA,243,NA,NA,NA,NA,NA,S,Y,4,0,1,1,A,-,03,22350,NA,N,E,I,A,A,H,-,B,D,0,NA,NA,NA,NA,Y,NA,A,01,0,0,1,0,0,0,0,0,0,-,-,33.71934127807617,-116.725341796875,RIVERSIDE,UNINCORPORATED,-116.72530364990234,33.719364166259766
91037360,2019,2019-07-25,9840,2019-07-12,0204,018849,NA,5,3,7,3313,0,1,3,NA,2,020,SR-91 W/B,LA SIERRA AVE,820,W,N,A,-,Y,NA,NA,91,NA,NA,NA,NA,NA,W,Y,2,0,1,1,A,-,01,23152,A,N,E,I,A,A,H,-,D,D,0,NA,NA,NA,NA,Y,Y,A,01,1,0,0,0,0,0,0,0,0,-,-,33.898868560791016,-117.47596740722656,RIVERSIDE,RIVERSIDE,-117.47598266601563,33.89889907836914
91040427,2019,2019-07-29,9840,2019-07-21,0430,021177,NA,7,3,9,3300,0,1,1,NA,2,034,INTERSTATE 15 N/B,DOS LAGOS DRIVE,3300,S,N,A,-,Y,NA,NA,15,NA,NA,NA,NA,NA,N,Y,3,0,1,1,A,-,01,23152,A,N,F,A,A,A,H,-,D,D,0,NA,NA,NA,NA,Y,Y,A,01,0,1,0,0,0,0,0,0,0,-,-,33.79890060424805,-117.5024185180664,RIVERSIDE,UNINCORPORATED,-117.50251770019533,33.79883575439453
91040474,2019,2019-07-29,9630,2019-07-18,0530,021416,NA,4,3,4,3309,0,1,1,NA,2,021,I-10 E/B,MONROE ST,3168,W,N,A,-,Y,NA,NA,10,NA,NA,NA,NA,NA,E,Y,3,0,2,2,A,-,08,22107,NA,N,B,E,A,A,H,-,B,D,0,NA,NA,NA,NA,Y,NA,A,01,0,2,0,0,0,0,0,0,0,-,-,33.73828887939453,-116.24472045898438,RIVERSIDE,INDIO,-116.24472045898438,33.73812484741211
91040664,2019,2019-07-29,9685,2019-07-24,2023,015906,NA,3,2,9,3300,0,3,5,NA,2,003,BENTON ROAD,TEMEKU STREET,0,NA,Y,A,-,N,NA,NA,NA,NA,NA,NA,NA,NA,NA,N,2,0,1,2,A,-,11,21950,B,N,G,B,B,A,H,-,C,A,0,Y,NA,NA,NA,Y,NA,N,60,1,0,0,0,1,0,0,0,0,-,-,33.59115982055664,-117.1231689453125,RIVERSIDE,UNINCORPORATED,-117.12328338623048,33.59109878540039
91042773,2019,2019-07-31,9685,2019-07-28,1150,013376,NA,7,1,4,3342,0,1,1,NA,2,030,I-15 NORTHBOUND,CALIFORNIA OAKS ROAD,100,S,N,A,-,Y,NA,NA,15,NA,NA,NA,NA,NA,N,Y,4,0,3,3,A,-,03,22350,NA,N,C,C,A,A,H,-,A,D,0,NA,NA,NA,NA,Y,NA,A,01,0,0,3,0,0,0,0,0,0,-,-,33.56829071044922,-117.21038055419922,RIVERSIDE,MURRIETA,-117.21038055419922,33.56828689575195
91044066,2019,2019-08-02,9840,2019-07-26,2340,021047,NA,5,3,7,3313,0,1,3,NA,2,021,SR-91 E/B,14TH ST.,1000,E,N,A,-,Y,NA,NA,91,NA,NA,NA,NA,NA,E,N,4,0,2,2,A,-,08,22107,NA,N,B,C,A,A,H,-,C,D,0,NA,NA,NA,NA,Y,NA,A,01,0,0,2,0,0,0,0,0,0,-,-,33.97645950317383,-117.3719482421875,RIVERSIDE,RIVERSIDE,-117.37179565429688,33.976417541503906
9104434,2020,2020-06-29,3313,2020-01-06,1847,1202,4,1,5,7,3313,0,0,0,NA,0,M30,ARLINGTON AV,MORNINGSIDE AV,27,E,N,A,-,N,NA,NA,NA,NA,NA,NA,NA,NA,NA,Y,4,0,1,1,A,-,03,22350,NA,N,E,I,A,A,H,-,C,D,0,NA,NA,NA,NA,Y,NA,A,01,0,0,1,0,0,0,0,0,0,-,-,33.945831298828125,-117.43341064453124,RIVERSIDE,RIVERSIDE,-117.43351745605467,33.94594955444336
9104436,2020,2020-06-29,3313,2020-01-03,1607,1475,2,5,5,7,3313,0,0,0,NA,0,M19,CENTRAL AV,CHICAGO AV,80,E,N,A,-,N,NA,NA,NA,NA,NA,NA,NA,NA,NA,N,4,0,1,2,A,-,03,22350,NA,N,C,C,A,A,H,-,A,A,0,NA,NA,NA,NA,Y,NA,A,01,0,0,1,0,0,0,0,0,0,-,-,33.95587158203125,-117.34651947021484,RIVERSIDE,RIVERSIDE,-117.34622192382813,33.95606994628906
91047988,2019,2019-08-08,9685,2019-08-01,2315,015800,NA,4,3,9,3300,0,3,5,NA,2,002,SR-74,ELLIS AVENUE,0,NA,Y,A,-,N,NA,NA,74,NA,NA,NA,NA,NA,NA,Y,2,0,1,2,A,-,01,23152,F,N,D,C,A,A,H,-,C,A,0,NA,NA,NA,NA,Y,NA,A,01,1,0,0,0,0,0,0,0,0,-,-,33.771568298339844,-117.25144958496094,RIVERSIDE,UNINCORPORATED,-117.25141143798828,33.771507263183594
91049035,2019,2019-08-09,9630,2019-08-03,1051,021063,NA,6,1,4,3309,0,1,1,NA,2,021,I-10 W/B,MONROE ST,1056,W,N,A,-,Y,NA,NA,10,NA,NA,NA,NA,NA,W,N,4,0,1,2,A,-,07,21658,A,N,B,C,A,A,H,-,A,D,0,NA,NA,NA,NA,Y,NA,A,01,0,0,1,0,0,0,0,0,0,-,-,33.738590240478516,-116.24034881591795,RIVERSIDE,INDIO,-116.2403564453125,33.73863220214844
91049750,2019,2019-08-12,9840,2019-07-29,1845,019566,NA,1,2,6,3315,0,1,1,NA,2,034,I-15 S/B,MAGNOLIA AVE,250,S,N,A,-,Y,NA,NA,15,NA,NA,NA,NA,NA,S,Y,4,0,1,2,A,-,08,22107,NA,N,C,C,A,A,H,-,A,D,0,NA,NA,NA,Y,Y,NA,D,22,0,0,1,0,0,0,0,0,0,-,-,33.86280822753906,-117.53936004638672,RIVERSIDE,CORONA,-117.53933715820313,33.862831115722656
91049863,2019,2019-08-12,9840,2019-07-31,2108,021096,NA,3,2,9,3300,0,1,1,NA,2,040,I-215 N/B,HARLEY KNOX BLVD.,1156,N,N,A,-,Y,NA,NA,215,NA,NA,NA,NA,NA,N,Y,4,0,1,2,A,-,03,22350,NA,N,C,C,A,A,H,-,D,D,0,NA,NA,NA,NA,Y,NA,I,20,0,0,1,0,0,0,0,0,0,-,-,33.865699768066406,-117.26084136962892,RIVERSIDE,UNINCORPORATED,-117.26084136962892,33.865699768066406
91049886,2019,2019-08-12,9840,2019-08-02,1140,019874,NA,5,1,7,3313,0,1,3,NA,2,020,SR-91 E/B TO ADAMS STREET,ADAMS ST,90,W,N,A,-,Y,NA,NA,91,NA,NA,NA,R,NA,E,Y,4,0,4,3,A,-,03,22350,NA,N,C,C,A,A,H,-,A,A,0,NA,NA,NA,NA,Y,NA,A,01,0,0,4,0,0,0,0,0,0,-,-,33.92702102661133,-117.41983032226563,RIVERSIDE,RIVERSIDE,-117.41983032226563,33.92702102661133
91050495,2019,2019-08-12,9685,2019-07-14,2250,017304,NA,7,3,4,3307,0,1,1,NA,2,010,INTERSTATE 15 SOUTHBOUND,CENTRAL AVE,940,S,N,A,-,Y,NA,NA,15,NA,NA,NA,NA,NA,S,Y,3,0,3,6,A,-,07,21658,A,N,C,C,E,A,H,-,C,D,0,Y,NA,NA,NA,Y,NA,A,01,0,1,2,0,3,0,0,0,0,-,-,33.68939971923828,-117.33560180664063,RIVERSIDE,LAKE ELSINORE,-117.33543395996094,33.68955612182617
91051108,2019,2019-08-13,9655,2019-05-03,0645,018320,NA,5,1,2,3336,0,1,1,NA,2,202,I-10 EASTBOUND,BROOKSIDE AVENUE,1584,E,N,A,-,Y,NA,NA,10,NA,NA,NA,NA,NA,E,Y,1,1,1,2,A,-,03,22350,NA,N,C,C,A,A,H,-,A,D,0,NA,NA,NA,NA,Y,NA,A,01,1,0,0,0,0,0,0,0,0,-,-,33.957550048828125,-117.01967620849608,RIVERSIDE,CALIMESA,-117.01972198486328,33.95748519897461
91051346,2019,2019-08-13,9630,2019-08-07,1238,019807,NA,3,1,9,3300,0,3,5,NA,2,503,HARRISON ST,MIDDLETON ST,2640,S,N,B,-,N,NA,NA,NA,NA,NA,NA,NA,NA,NA,Y,3,0,1,1,A,-,08,22107,NA,N,F,A,A,A,H,-,A,D,0,NA,NA,NA,NA,Y,NA,D,22,0,1,0,0,0,0,0,0,0,-,-,33.55672073364258,-116.16690826416016,RIVERSIDE,UNINCORPORATED,-116.16840362548828,33.55805206298828
91051373,2019,2019-08-13,9685,2019-08-07,1705,016096,NA,3,2,4,3307,0,1,1,NA,2,010,I-15 S/B FWY,FRANKLIN STREET,2640,N,N,A,-,Y,NA,NA,15,NA,NA,NA,NA,NA,S,Y,3,0,1,2,A,-,03,22350,NA,N,C,C,A,A,H,-,A,D,0,NA,NA,NA,NA,Y,NA,D,23,0,1,0,0,0,0,0,0,0,-,-,33.671669006347656,-117.31269073486328,RIVERSIDE,LAKE ELSINORE,-117.31266784667967,33.67171096801758
9105283,2020,2020-07-30,3325,2020-04-20,1053,2715,DESER,1,5,4,3325,0,0,0,NA,0,003,DATE PALM DR,VARNER RD,60,N,N,A,-,N,NA,NA,NA,NA,NA,NA,NA,NA,NA,Y,4,0,1,1,A,-,03,22350,NA,N,F,A,A,A,H,-,A,D,0,NA,NA,NA,NA,Y,NA,A,01,0,0,1,0,0,0,0,0,0,-,-,NA,NA,RIVERSIDE,CATHEDRAL CITY,-116.45540618896484,33.86112976074219
91053057,2019,2019-08-15,9685,2019-05-15,1552,015957,NA,3,2,5,3341,0,1,1,NA,2,020,INTERSTATE 215 NORTHBOUND,STATE ROUTE 74 (EAST),3068,N,N,B,-,Y,NA,NA,NA,NA,NA,NA,NA,NA,NA,Y,1,1,0,1,A,-,08,22107,NA,N,F,A,A,A,H,-,A,D,0,NA,NA,NA,NA,Y,NA,A,07,0,0,0,0,0,0,0,0,0,-,-,33.76668930053711,-117.19010925292967,RIVERSIDE,MENIFEE,-117.18914031982422,33.7625732421875
91053564,2019,2019-08-16,9685,2019-08-10,1545,016113,NA,6,2,4,3342,0,1,1,NA,2,034,I-215 NORTHBOUND (TO SCOTT RD.),SCOTT ROAD,300,S,N,A,-,Y,NA,NA,215,NA,NA,NA,NA,NA,N,Y,4,0,2,3,A,-,21,22106,NA,N,C,C,A,A,H,-,A,A,0,NA,NA,NA,NA,Y,NA,A,01,0,0,2,0,0,0,0,0,0,-,-,33.64054870605469,-117.17037963867188,RIVERSIDE,MURRIETA,-117.17106628417967,33.64054489135742
91055101,2019,2019-08-20,9630,2019-08-12,1620,020445,NA,1,2,9,3300,0,1,1,NA,2,021,I-10 E/B,COOK STREET,1056,W,N,A,-,Y,NA,NA,10,NA,NA,NA,NA,NA,E,Y,3,0,2,3,A,-,03,22350,NA,N,C,C,A,A,H,-,E,D,0,NA,NA,NA,NA,Y,NA,A,01,0,2,0,0,0,0,0,0,0,-,-,33.78805923461914,-116.3582763671875,RIVERSIDE,UNINCORPORATED,-116.35829162597656,33.78804016113281
91055833,2019,2019-08-22,9630,2019-08-12,0455,021897,NA,1,3,9,3300,0,1,1,NA,2,301,I-10 E/B,DILLON RD,25344,E,N,A,-,Y,NA,NA,10,NA,NA,NA,NA,NA,E,Y,3,0,1,2,A,-,01,23152,G,N,B,C,A,A,H,-,D,D,0,NA,NA,NA,NA,Y,Y,A,01,0,1,0,0,0,0,0,0,0,-,-,33.699031829833984,-116.09185791015624,RIVERSIDE,UNINCORPORATED,-116.09186553955078,33.69904327392578
91059195,2019,2019-08-26,9630,2019-08-22,0440,021897,NA,4,3,9,3300,0,1,3,NA,2,086,SR-86 S/B,AIRPORT BLVD,3696,S,N,A,-,Y,NA,NA,86,NA,NA,NA,NA,NA,S,Y,3,0,2,2,A,-,03,22350,NA,N,C,C,A,A,H,-,D,D,0,NA,NA,NA,Y,Y,NA,A,01,0,2,0,0,0,0,0,0,0,-,-,33.63370132446289,-116.12684631347656,RIVERSIDE,UNINCORPORATED,-116.12685394287108,33.633697509765625
91059283,2019,2019-08-26,9840,2019-08-04,2015,020659,NA,7,2,9,3300,0,2,4,NA,2,043,RAMONA EXPY,LAKEVIEW AVE,0,NA,Y,A,-,N,NA,NA,NA,NA,NA,NA,NA,NA,NA,Y,3,0,1,1,A,-,08,22107,NA,N,E,I,A,A,H,-,A,A,0,NA,NA,NA,NA,Y,NA,A,07,0,1,0,0,0,0,0,0,0,-,-,33.83776092529297,-117.12368011474608,RIVERSIDE,UNINCORPORATED,-117.12374877929688,33.83768844604492
91059516,2019,2019-08-26,9840,2019-08-15,1816,012191,NA,4,2,7,3313,0,1,3,NA,2,020,SR-91 W/B,MAGNOLIA AVE. U/C,100,W,N,A,-,Y,NA,NA,91,NA,NA,NA,NA,NA,W,Y,3,0,2,3,A,-,03,22350,NA,N,C,C,A,A,H,-,A,D,0,NA,NA,NA,NA,Y,NA,A,01,0,2,0,0,0,0,0,0,0,-,-,33.897220611572266,-117.48818206787108,RIVERSIDE,RIVERSIDE,-117.48817443847656,33.89725112915039
91061623,2019,2019-08-28,9840,2019-08-19,1430,012191,NA,1,2,9,3300,0,2,4,NA,2,045,CAJALCO RD,SEATON AVE,650,E,N,A,-,N,NA,NA,NA,NA,NA,NA,NA,NA,NA,Y,3,0,2,2,A,-,09,21804,A,N,D,C,A,A,H,-,A,D,0,NA,NA,NA,NA,Y,NA,A,01,0,2,0,0,0,0,0,0,0,-,-,33.8377685546875,-117.25946807861328,RIVERSIDE,UNINCORPORATED,-117.25972747802734,33.83766174316406
91064363,2019,2019-08-30,9840,2019-08-13,1140,015683,NA,2,1,7,3313,0,1,3,NA,2,021,SR-91 E/B,SPRUCE ST,377,E,N,A,-,Y,NA,NA,91,NA,NA,NA,NA,NA,E,Y,4,0,1,1,A,-,08,22107,NA,N,E,I,A,A,H,-,A,D,0,NA,NA,NA,NA,Y,NA,A,07,0,0,1,0,0,0,0,0,0,-,-,33.9921989440918,-117.35774230957033,RIVERSIDE,RIVERSIDE,-117.35787963867188,33.99229049682617
91064710,2019,2019-08-30,9840,2019-08-22,0351,021218,NA,4,3,7,3313,0,1,1,NA,2,023,I-215 S/B,FAIR ISLE DR,1446,S,N,A,-,Y,NA,NA,215,NA,NA,NA,NA,NA,S,Y,2,0,1,2,A,-,03,22350,NA,N,C,C,A,A,H,-,D,D,0,NA,NA,NA,NA,Y,NA,A,01,1,0,0,0,0,0,0,0,0,-,-,33.94580078125,-117.29740142822266,RIVERSIDE,RIVERSIDE,-117.29737854003906,33.94584274291992
91066041,2019,2019-09-03,9685,2019-07-18,1200,015165,NA,4,1,9,3300,0,1,1,NA,2,034,I-215 S/B,CLINTON KEITH RD.,1584,S,N,A,-,Y,NA,NA,NA,NA,NA,NA,NA,NA,NA,Y,4,0,1,2,A,-,01,23152,F,N,C,C,A,A,H,-,A,D,0,NA,NA,NA,Y,Y,NA,A,01,0,0,1,0,0,0,0,0,0,-,-,33.594730377197266,-117.17755126953124,RIVERSIDE,UNINCORPORATED,NA,NA
91066723,2019,2019-09-04,9840,2019-08-24,1844,020058,NA,6,2,6,3315,0,1,3,NA,2,030,SR-91 W/B,SERFAS CLUB DR,1000,W,N,A,-,Y,NA,NA,91,NA,NA,NA,NA,NA,W,Y,3,0,4,4,A,-,03,22350,NA,N,C,C,A,A,H,-,A,D,0,NA,NA,NA,NA,Y,NA,A,07,0,2,2,0,0,0,0,0,0,-,-,33.88119125366211,-117.61527252197266,RIVERSIDE,CORONA,-117.6152801513672,33.88111877441406
91066772,2019,2019-09-04,9840,2019-08-23,1220,019874,NA,5,1,7,3313,0,1,1,NA,2,023,I-215 N/B,CENTRAL AVE,1850,S,N,A,-,Y,NA,NA,NA,NA,NA,NA,NA,NA,NA,N,3,0,2,3,A,-,04,21703,NA,N,C,C,A,A,H,-,A,D,0,NA,NA,NA,NA,Y,NA,A,01,0,1,1,0,0,0,0,0,0,-,-,33.95515060424805,-117.30536651611328,RIVERSIDE,RIVERSIDE,NA,NA
91067254,2019,2019-09-04,9840,2019-08-26,0745,017441,NA,1,1,7,3313,0,1,1,NA,2,024,I-215 S/B,EASTRIDGE DR.,2070,S,N,A,-,Y,NA,NA,215,NA,NA,NA,NA,NA,S,Y,3,0,2,2,A,-,03,22350,NA,N,C,C,A,A,H,-,A,D,0,NA,NA,NA,Y,Y,NA,G,25,0,2,0,0,0,0,0,0,0,-,-,33.92552185058594,-117.28887939453124,RIVERSIDE,RIVERSIDE,-117.28881072998048,33.92552185058594
91067472,2019,2019-09-04,9655,2019-08-26,1605,019871,NA,1,2,9,3300,0,1,1,NA,2,204,I-10 E/B,MORONGO TRAIL,1600,W,N,A,-,Y,NA,NA,10,NA,NA,NA,NA,NA,E,N,4,0,1,1,A,-,03,22350,NA,N,E,J,A,A,H,-,A,D,0,NA,NA,NA,Y,Y,NA,G,25,0,0,1,0,0,0,0,0,0,-,-,33.923709869384766,-116.81121826171876,RIVERSIDE,UNINCORPORATED,-116.81114196777344,33.92382049560547
91070876,2019,2019-09-10,9655,2019-09-08,0257,019462,NA,7,3,9,3300,0,1,3,NA,1,314,CYNTHIA STREET,CAROLINE COURT,60,S,N,A,-,N,NA,NA,NA,NA,NA,NA,NA,NA,NA,Y,3,0,3,1,A,-,01,23152,F,N,E,I,A,A,H,-,C,D,0,NA,NA,NA,NA,Y,NA,A,01,0,2,1,0,0,0,0,0,0,-,-,33.73789978027344,-116.9521713256836,RIVERSIDE,UNINCORPORATED,-116.95207977294922,33.73793411254883
91071772,2019,2019-09-10,9840,2019-09-02,1640,020455,NA,1,2,9,3300,0,3,5,NA,2,002,FAIR ISLE DR,I-215 N/B,33,E,N,A,-,Y,NA,NA,NA,NA,NA,NA,NA,NA,NA,N,4,0,2,2,A,-,21,22106,NA,N,C,C,A,A,H,-,A,A,0,NA,NA,NA,NA,Y,NA,D,22,0,0,2,0,0,0,0,0,0,-,-,33.94858169555664,-117.30094146728516,RIVERSIDE,UNINCORPORATED,NA,NA
91073155,2019,2019-09-12,9840,2019-09-07,0221,021261,NA,6,3,7,3313,0,1,3,NA,2,021,SR-91 E/B FROM 14TH ST,14TH ST,360,E,N,A,-,Y,NA,NA,91,NA,NA,NA,R,NA,E,Y,4,0,1,1,A,-,01,23152,A,N,E,I,A,A,H,-,C,D,0,NA,NA,NA,NA,Y,Y,A,01,0,0,1,0,0,0,0,0,0,-,-,33.97500991821289,-117.37188720703124,RIVERSIDE,RIVERSIDE,-117.37188720703124,33.97500991821289
91073246,2019,2019-09-12,9840,2019-09-06,0748,017441,NA,5,1,7,3313,0,1,3,NA,2,020,SR-91 W/B,TYLER ST.,100,E,N,A,-,Y,NA,NA,91,NA,NA,NA,NA,NA,W,N,4,0,1,2,A,-,07,21658,A,N,B,C,A,A,H,-,A,D,0,NA,NA,NA,NA,Y,NA,D,22,0,0,1,0,0,0,0,0,0,-,-,33.90660858154297,-117.45648956298828,RIVERSIDE,RIVERSIDE,-117.4564971923828,33.9066162109375
91074182,2019,2019-09-13,9685,2019-09-05,1500,012979,NA,4,2,4,3342,0,1,1,NA,2,010,I-15 NORTHBOUND,CAL OAKS RD,10,N,N,A,-,Y,NA,NA,NA,NA,NA,NA,NA,NA,NA,Y,3,0,1,3,A,-,03,22350,NA,N,C,C,A,A,H,-,A,D,0,NA,NA,NA,NA,Y,NA,A,01,0,1,0,0,0,0,0,0,0,-,-,33.64154052734375,-117.1191864013672,RIVERSIDE,MURRIETA,-117.20701599121094,33.565757751464844
91074580,2019,2019-09-30,9655,2019-09-03,1956,021017,NA,2,2,9,3300,0,1,1,NA,2,204,I-10 E/B,HARGRAVE ST,7920,E,N,A,-,Y,NA,NA,NA,NA,NA,NA,NA,NA,NA,Y,4,0,1,2,A,-,01,23152,A,N,B,C,A,A,H,-,D,D,0,NA,NA,NA,Y,Y,Y,A,01,0,0,1,0,0,0,0,0,0,-,-,33.92795181274414,-116.84515380859376,RIVERSIDE,UNINCORPORATED,-116.8427276611328,33.92860794067383
91075660,2019,2019-09-16,9840,2019-09-01,1925,021311,NA,7,2,6,3315,0,3,5,NA,2,003,CAJALCO RD.,TEMESCAL CANYON RD,2640,E,N,A,-,N,NA,NA,NA,NA,NA,NA,NA,NA,NA,Y,2,0,1,1,A,-,01,23152,A,N,F,A,A,A,H,-,D,D,0,NA,NA,Y,NA,Y,Y,C,02,1,0,0,0,0,0,0,0,1,-,-,33.82456970214844,-117.50051879882813,RIVERSIDE,CORONA,-117.5179443359375,33.821014404296875
91076943,2019,2019-09-18,9840,2019-08-27,1402,019566,NA,2,2,9,3300,0,1,1,NA,2,034,I-15 N/B TO EL CERRITO RD,EL CERRITO RD,22,S,N,A,-,Y,NA,NA,15,NA,NA,NA,R,NA,N,Y,4,0,1,2,A,-,01,23152,F,N,C,C,A,A,H,-,A,A,0,NA,NA,NA,NA,Y,NA,A,01,0,0,1,0,0,0,0,0,0,-,-,33.83211898803711,-117.52912902832033,RIVERSIDE,UNINCORPORATED,-117.52912902832033,33.83211898803711
91078220,2019,2020-02-19,9685,2019-09-09,0350,016986,NA,1,3,5,3335,0,1,1,NA,2,030,I-15 NORTHBOUND,SANTIAGO RD.,100,S,N,A,-,Y,NA,NA,15,NA,NA,NA,NA,NA,N,Y,3,0,2,4,A,-,08,22107,NA,N,B,C,A,A,H,-,D,D,0,NA,NA,NA,NA,Y,NA,A,01,0,1,1,0,0,0,0,0,0,-,-,33.489891052246094,-117.14380645751952,RIVERSIDE,TEMECULA,-117.1438446044922,33.48987579345703
91080229,2019,2019-09-23,9840,2019-09-07,1600,020659,NA,6,2,9,3300,0,3,5,NA,2,002,MAIN ST,MICHIGAN AVE.,760,W,N,A,-,N,NA,NA,NA,NA,NA,NA,NA,NA,NA,N,3,0,1,2,A,-,08,22107,NA,N,C,E,A,A,H,-,A,D,0,NA,Y,NA,NA,Y,NA,L,04,0,1,0,0,0,0,1,0,0,-,-,33.019290924072266,-117.3248291015625,RIVERSIDE,UNINCORPORATED,-117.32489013671876,34.01933288574219