CASE_ID,ACCIDENT_YEAR,PROC_DATE,JURIS,COLLISION_DATE,COLLISION_TIME,OFFICER_ID,REPORTING_DISTRICT,DAY_OF_WEEK,CHP_SHIFT,POPULATION,CNTY_CITY_LOC,SPECIAL_COND,BEAT_TYPE,CHP_BEAT_TYPE,CITY_DIVISION_LAPD,CHP_BEAT_CLASS,BEAT_NUMBER,PRIMARY_RD,SECONDARY_RD,DISTANCE,DIRECTION,INTERSECTION,WEATHER_1,WEATHER_2,STATE_HWY_IND,CALTRANS_COUNTY,CALTRANS_DISTRICT,STATE_ROUTE,ROUTE_SUFFIX,POSTMILE_PREFIX,POSTMILE,LOCATION_TYPE,RAMP_INTERSECTION,SIDE_OF_HWY,TOW_AWAY,COLLISION_SEVERITY,NUMBER_KILLED,NUMBER_INJURED,PARTY_COUNT,PRIMARY_COLL_FACTOR,PCF_CODE_OF_VIOL,PCF_VIOL_CATEGORY,PCF_VIOLATION,PCF_VIOL_SUBSECTION,HIT_AND_RUN,TYPE_OF_COLLISION,MVIW,PED_ACTION,ROAD_SURFACE,ROAD_COND_1,ROAD_COND_2,LIGHTING,CONTROL_DEVICE,CHP_ROAD_TYPE,PEDESTRIAN_ACCIDENT,BICYCLE_ACCIDENT,MOTORCYCLE_ACCIDENT,TRUCK_ACCIDENT,NOT_PRIVATE_PROPERTY,ALCOHOL_INVOLVED,STWD_VEHTYPE_AT_FAULT,CHP_VEHTYPE_AT_FAULT,COUNT_SEVERE_INJ,COUNT_VISIBLE_INJ,COUNT_COMPLAINT_PAIN,COUNT_PED_KILLED,COUNT_PED_INJURED,COUNT_BICYCLIST_KILLED,COUNT_BICYCLIST_INJURED,COUNT_MC_KILLED,COUNT_MC_INJURED,PRIMARY_RAMP,SECONDARY_RAMP,LATITUDE,LONGITUDE,COUNTY,CITY,POINT_X,POINT_Y
91372151,2020,2020-12-21,9630,2020-12-11,1315,015710,NA,5,1,9,3300,0,3,5,NA,2,502,CALHOUN ST.,51ST AVE.,1056,N,N,A,-,N,NA,NA,NA,NA,NA,NA,NA,NA,NA,N,3,0,1,1,A,-,08,22107,NA,N,H,A,A,A,H,-,A,D,0,NA,NA,Y,NA,Y,NA,C,06,0,1,0,0,0,0,0,0,1,-,-,33.68109893798828,-116.20770263671876,RIVERSIDE,UNINCORPORATED,-116.20777893066406,33.681007385253906
91373455,2020,2021-03-12,9685,2020-10-21,1635,015050,NA,3,2,9,3300,0,1,1,NA,2,010,I-15 NORTHBOUND,GRUNDER DR.,1017,N,N,A,-,Y,NA,NA,NA,NA,NA,NA,NA,NA,NA,Y,2,0,1,1,C,-,18,NA,NA,N,E,I,A,A,H,-,A,D,0,NA,NA,NA,NA,Y,NA,-,-,1,0,0,0,0,0,0,0,0,-,-,33.67060852050781,-117.31050872802734,RIVERSIDE,UNINCORPORATED,NA,NA
91375899,2020,2020-12-28,9840,2020-12-19,1105,018248,NA,6,1,9,3300,0,1,1,NA,2,034,I-15 N/B,DOS LAGOS DR,114,N,N,A,-,Y,NA,NA,15,NA,NA,NA,NA,NA,N,Y,4,0,2,3,A,-,03,22350,NA,N,C,C,A,A,H,-,A,D,0,NA,NA,NA,NA,Y,NA,D,22,0,0,2,0,0,0,0,0,0,-,-,33.807430267333984,-117.50749206542967,RIVERSIDE,UNINCORPORATED,-117.50746154785156,33.80744552612305
91376291,2020,2021-09-15,9630,2020-10-02,2100,021513,NA,5,2,3,3306,0,1,1,NA,2,010,INTERSTATE 10 EASTBOUND,NORTH INDIAN CANYON DRIVE,6600,E,N,A,-,Y,NA,NA,10,NA,NA,NA,NA,NA,E,Y,1,1,1,1,A,-,08,22107,NA,N,E,I,A,A,H,-,D,D,0,NA,NA,NA,NA,Y,NA,A,01,0,1,0,0,0,0,0,0,0,-,-,33.89704132080078,-116.52559661865234,RIVERSIDE,DESERT HOT SPRINGS,-116.52554321289063,33.89714050292969
91377067,2020,2020-12-29,9685,2020-12-26,1715,016502,NA,6,2,9,3300,0,3,5,NA,2,004,HERNLEY RD.,TRAILMASTER DR.,460,W,N,A,-,N,NA,NA,NA,NA,NA,NA,NA,NA,NA,Y,2,0,2,2,A,-,05,21752,A,N,A,C,A,A,H,-,B,D,0,NA,NA,NA,NA,Y,NA,-,-,2,0,0,0,0,0,0,0,0,-,-,33.492801666259766,-116.756103515625,RIVERSIDE,UNINCORPORATED,-116.756103515625,33.492820739746094
91378090,2020,2020-12-30,9840,2020-12-08,0945,014335,NA,2,1,6,3315,0,1,3,NA,2,031,SR-91 EASTBOUND,I-15,1800,W,N,A,-,Y,NA,NA,91,NA,NA,NA,NA,NA,E,Y,4,0,2,2,A,-,07,21658,A,N,B,C,A,A,H,-,A,D,0,NA,NA,NA,Y,Y,NA,G,25,0,0,2,0,0,0,0,0,0,-,-,33.87997817993164,-117.55214691162108,RIVERSIDE,CORONA,-117.55224609375,33.88031005859375
91378865,2020,2020-12-31,9655,2020-12-24,1000,015795,NA,4,1,9,3300,0,3,5,NA,2,002,REDLANDS BOULEVARD,SAN TIMOTEO CANYON ROAD,0,NA,Y,B,-,N,NA,NA,NA,NA,NA,NA,NA,NA,NA,Y,4,0,1,1,A,-,01,23152,F,N,E,I,A,A,H,-,A,D,0,NA,NA,NA,NA,Y,NA,A,01,0,0,1,0,0,0,0,0,0,-,-,33.99285888671875,-117.15381622314452,RIVERSIDE,UNINCORPORATED,-117.15374755859376,33.99266052246094
91380598,2020,2021-01-05,9840,2020-12-27,0200,019501,NA,7,3,7,3313,0,1,3,NA,2,021,SR-91 E/B,BROCKTON AVE.,945,W,N,A,-,Y,NA,NA,91,NA,NA,NA,NA,NA,E,Y,2,0,2,1,A,-,08,22107,NA,N,E,I,A,A,H,-,D,D,0,NA,NA,NA,NA,Y,NA,A,01,1,0,1,0,0,0,0,0,0,-,-,33.94055938720703,-117.3963623046875,RIVERSIDE,RIVERSIDE,-117.39645385742188,33.94069290161133
91383264,2020,2021-01-07,9840,2020-12-28,0217,021862,NA,1,3,9,3300,0,1,1,NA,2,023,INTERSTATE 215 N/B,FAIR ISLE DR,2065,N,N,C,-,Y,NA,NA,215,NA,NA,NA,NA,NA,N,Y,3,0,1,2,A,-,01,23152,A,N,E,I,A,B,H,-,C,D,0,NA,NA,NA,NA,Y,Y,D,22,0,1,0,0,0,0,0,0,0,-,-,33.94990921020508,-117.30258178710938,RIVERSIDE,UNINCORPORATED,-117.30265808105467,33.949867248535156
91384122,2021,2021-01-08,9840,2021-01-02,2228,021862,NA,6,3,9,3300,0,2,4,NA,2,045,CAJALCO RD.,SEATON AVE.,0,NA,Y,A,-,N,NA,NA,NA,NA,NA,NA,NA,NA,NA,Y,4,0,1,2,A,-,09,21801,A,N,D,C,A,A,H,-,C,D,0,NA,NA,NA,NA,Y,NA,D,22,0,0,1,0,0,0,0,0,0,-,-,33.837371826171875,-117.26157379150392,RIVERSIDE,UNINCORPORATED,-117.26158905029295,33.837371826171875
91384458,2021,2021-01-08,9685,2021-01-03,1013,017285,NA,7,1,5,3341,0,1,1,NA,2,020,I-215 N/B,NEWPORT ROAD,80,S,N,A,-,Y,NA,NA,215,NA,NA,NA,NA,NA,N,Y,4,0,1,1,A,-,01,23152,A,N,E,I,A,A,H,-,A,D,0,NA,NA,NA,NA,Y,Y,A,08,0,0,1,0,0,0,0,0,0,-,-,33.68476104736328,-117.17131805419922,RIVERSIDE,MENIFEE,-117.17121124267578,33.684791564941406
91384849,2021,2021-01-11,9840,2021-01-05,0502,018849,NA,2,3,6,3345,0,1,1,NA,2,011,I-15 N/B FROM CANTU GALLEANO RNH RD,CANTU GALLEANO RANCH RD,145,S,N,E,-,Y,NA,NA,15,NA,NA,NA,R,NA,N,Y,4,0,1,1,A,-,08,22107,NA,N,E,I,A,A,H,-,C,D,0,NA,NA,NA,NA,Y,NA,A,01,0,0,1,0,0,0,0,0,0,-,-,34.00205993652344,-117.54888153076172,RIVERSIDE,JURUPA VALLEY,-117.54888153076172,34.00205993652344
91386870,2021,2021-01-13,9685,2021-01-08,1540,016185,NA,5,2,5,3335,0,1,1,NA,2,030,I-15 S/B,RANCHO CALIFORNIA ROAD,2512,N,N,A,-,Y,NA,NA,15,NA,NA,NA,NA,NA,S,Y,3,0,1,3,A,-,03,22350,NA,N,C,C,A,A,H,-,A,D,0,NA,NA,NA,NA,Y,NA,D,23,0,1,0,0,0,0,0,0,0,-,-,33.507999420166016,-117.15470123291016,RIVERSIDE,TEMECULA,-117.15483856201172,33.5079345703125
91386894,2021,2021-01-13,9840,2021-01-07,2058,021096,NA,4,2,7,3313,0,1,1,NA,2,023,I-215 S/B,FAIR ISLE DR,1975,N,N,A,-,Y,NA,NA,215,NA,NA,NA,NA,NA,S,N,4,0,1,3,A,-,07,21658,A,N,B,C,A,A,H,-,D,D,0,NA,NA,NA,Y,Y,NA,F,25,0,0,1,0,0,0,0,0,0,-,-,33.95323181152344,-117.30419921875,RIVERSIDE,RIVERSIDE,-117.30418395996094,33.953243255615234
9138715,2020,2020-10-07,3313,2020-07-27,1513,0282,5,1,5,7,3313,0,0,0,NA,0,T48,GOLDEN TERRACE DR,PARKHAVEN WY,60,S,N,A,-,N,NA,NA,NA,NA,NA,NA,NA,NA,NA,Y,4,0,1,1,A,-,08,22107,NA,N,E,I,A,A,H,-,A,D,0,NA,NA,NA,NA,Y,NA,A,07,0,0,1,0,0,0,0,0,0,-,-,33.938621520996094,-117.50064086914063,RIVERSIDE,RIVERSIDE,-117.50054168701172,33.93836975097656
91387758,2020,2021-10-12,9630,2020-12-15,0825,015165,NA,2,1,9,3300,0,1,1,NA,2,020,I-10 E/B TO MONTEREY AVENUE,MONTEREY AVENUE,10,W,N,A,-,Y,NA,NA,10,NA,NA,NA,R,NA,E,N,3,0,1,2,A,-,03,22350,NA,M,C,C,A,A,H,-,A,D,0,NA,NA,NA,NA,Y,NA,D,22,0,1,0,0,0,0,0,0,0,-,-,33.805870056152344,-116.3883819580078,RIVERSIDE,UNINCORPORATED,-116.3883819580078,33.805870056152344
91389496,2021,2021-01-18,9840,2021-01-15,2045,020058,NA,5,2,6,3394,0,1,3,NA,2,025,SR-60 W/B,PIGEON PASS RD,1500,W,N,A,-,Y,NA,NA,60,NA,NA,NA,NA,NA,W,Y,2,0,2,2,A,-,03,22350,NA,N,C,C,A,A,C,-,D,D,0,NA,NA,NA,NA,Y,NA,A,01,1,1,0,0,0,0,0,0,0,-,-,33.94081115722656,-117.2664031982422,RIVERSIDE,MORENO VALLEY,-117.26639556884766,33.94086456298828
91389517,2021,2021-01-18,9840,2021-01-07,1118,015789,NA,4,1,9,3300,0,3,5,NA,2,004,CAJALCO RD.,BROWN ST.,5,E,N,A,-,Y,NA,NA,NA,NA,NA,NA,NA,NA,NA,N,4,0,1,2,A,-,08,22107,NA,N,B,D,A,A,H,-,A,A,0,NA,NA,NA,NA,Y,NA,A,01,0,0,1,0,0,0,0,0,0,-,-,33.8377799987793,-117.29534912109376,RIVERSIDE,UNINCORPORATED,-117.2963638305664,33.83713150024414
91390930,2021,2021-01-19,9840,2021-01-16,2135,021297,NA,6,2,9,3300,0,2,4,NA,2,045,CAJALCO RD,GAVILAN DR,826,E,N,A,-,N,NA,NA,NA,NA,NA,NA,NA,NA,NA,Y,4,0,1,2,A,-,01,23152,A,N,B,C,A,A,H,-,D,D,0,NA,NA,NA,NA,Y,Y,A,01,0,0,1,0,0,0,0,0,0,-,-,33.833641052246094,-117.3584213256836,RIVERSIDE,UNINCORPORATED,-117.35973358154295,33.83304977416992
91392250,2021,2021-01-21,9840,2021-01-20,1505,016619,NA,3,2,4,3310,0,1,1,NA,2,011,I-15 N/B,DETROIT ST,350,S,N,A,-,Y,NA,NA,15,NA,NA,NA,NA,NA,N,Y,4,0,1,2,A,-,03,22350,NA,N,C,C,A,A,D,-,A,D,0,NA,NA,NA,NA,Y,NA,A,01,0,0,1,0,0,0,0,0,0,-,-,33.94137954711914,-117.55551147460938,RIVERSIDE,NORCO,-117.55548095703124,33.941375732421875
91392332,2021,2021-01-21,9630,2021-01-15,0110,021897,NA,5,3,9,3300,0,1,1,NA,2,021,I-10 E/B,COOK ST,1584,E,N,A,-,Y,NA,NA,NA,NA,NA,NA,NA,NA,NA,Y,2,0,2,2,A,-,03,22350,NA,N,C,C,A,A,H,-,D,D,0,NA,NA,NA,Y,Y,NA,G,25,1,0,1,0,0,0,0,0,0,-,-,33.777099609375,-116.63996887207033,RIVERSIDE,UNINCORPORATED,-116.35108947753906,33.783756256103516
91394122,2021,2021-01-26,9840,2021-01-23,1350,021311,NA,6,1,6,3315,0,1,1,NA,2,034,I-15 S/B,DOS LAGOS DR,5280,S,N,B,C,Y,NA,NA,NA,NA,NA,NA,NA,NA,NA,Y,4,0,1,2,A,-,03,22350,NA,N,C,C,A,B,H,-,A,D,0,NA,NA,NA,NA,Y,NA,A,07,0,0,1,0,0,0,0,0,0,-,-,33.793800354003906,-117.49949645996094,RIVERSIDE,CORONA,-117.4997329711914,33.79408645629883
91398767,2021,2021-01-29,9630,2021-01-21,0955,015710,NA,4,1,9,3300,0,2,4,NA,2,053,HARRISON ST.,76TH AVE.,20,S,N,A,-,N,NA,NA,NA,NA,NA,NA,NA,NA,NA,Y,4,0,1,1,A,-,01,23152,A,N,F,A,A,A,H,-,A,D,0,NA,NA,NA,Y,Y,Y,F,26,0,0,1,0,0,0,0,0,0,-,-,33.49879837036133,-116.11930084228516,RIVERSIDE,UNINCORPORATED,-116.11927795410156,33.49886703491211
91399015,2021,2021-01-29,9840,2021-01-29,1325,018221,NA,5,1,6,3315,0,1,1,NA,2,034,I-15 N/B,E. SIXTH ST.,600,S,N,B,C,Y,NA,NA,15,NA,NA,NA,NA,NA,N,Y,3,0,1,1,A,-,08,22107,NA,N,E,I,A,B,D,-,A,D,0,NA,NA,NA,NA,Y,NA,A,01,0,1,0,0,0,0,0,0,0,-,-,33.87248992919922,-117.54521942138672,RIVERSIDE,CORONA,-117.54467010498048,33.87263107299805
91400416,2021,2021-02-02,9840,2021-01-28,1500,016619,NA,4,2,7,3313,0,1,3,NA,2,010,SR-60 W/B,MARKET ST,500,E,N,A,-,Y,NA,NA,60,NA,NA,NA,NA,NA,W,Y,4,0,1,4,A,-,03,22350,NA,N,C,C,A,A,D,-,A,D,0,NA,NA,NA,NA,Y,NA,A,01,0,0,1,0,0,0,0,0,0,-,-,34.000160217285156,-117.37265014648438,RIVERSIDE,RIVERSIDE,-117.37278747558594,33.99983215332031
91400469,2021,2021-02-02,9685,2021-01-23,0050,017169,NA,6,3,5,3335,0,1,1,NA,2,030,I-15 N/B,WINCHESTER ROAD,2640,S,N,B,-,Y,NA,NA,15,NA,NA,NA,NA,NA,N,Y,3,0,3,2,A,-,01,23152,A,N,B,C,A,B,H,-,D,D,0,NA,NA,NA,NA,Y,Y,A,01,0,3,0,0,0,0,0,0,0,-,-,33.517250061035156,-117.15908050537108,RIVERSIDE,TEMECULA,-117.15923309326172,33.51714324951172
91400995,2021,2021-02-02,9655,2021-01-27,0938,014516,NA,3,1,9,3300,0,1,1,NA,2,206,I-10 E/B,WHITEWATER O/C,1162,W,N,B,-,Y,NA,NA,10,NA,NA,NA,NA,NA,E,Y,3,0,1,2,A,-,03,22350,NA,N,C,C,A,A,D,-,A,D,0,NA,NA,NA,Y,Y,NA,A,01,0,1,0,0,0,0,0,0,0,-,-,33.922698974609375,-116.64887237548828,RIVERSIDE,UNINCORPORATED,-116.6488800048828,33.92274475097656
91401684,2021,2021-02-03,9840,2021-02-02,0835,015705,NA,2,1,7,3313,0,1,1,NA,2,022,I-215 N/B,COLUMBIA AVE,170,S,N,B,-,Y,NA,NA,215,NA,NA,NA,NA,NA,N,N,3,0,1,2,A,-,03,22350,NA,N,C,C,A,A,H,-,A,D,0,NA,NA,NA,NA,Y,NA,A,07,0,1,0,0,0,0,0,0,0,-,-,34.000511169433594,-117.35233306884766,RIVERSIDE,RIVERSIDE,-117.35238647460938,34.00054931640625
91403922,2021,2021-02-08,9840,2021-01-29,2125,021311,NA,5,2,9,3300,0,1,1,NA,2,037,I-15 S/B,NICHOLS RD,4200,N,N,B,-,Y,NA,NA,15,NA,NA,NA,NA,NA,S,Y,2,0,2,1,A,-,17,21711,NA,N,E,I,A,B,H,-,D,D,0,NA,NA,NA,NA,Y,NA,B,07,1,1,0,0,0,0,0,0,0,-,-,33.725040435791016,-117.37097930908205,RIVERSIDE,UNINCORPORATED,-117.37096405029295,33.72507095336914
91405079,2021,2021-02-09,9655,2021-02-02,0737,014743,NA,2,1,9,3300,0,1,3,NA,2,212,SR-60 W/B,GILMAN SPRINGS ROAD,5808,E,N,A,-,Y,NA,NA,60,NA,NA,NA,NA,NA,W,Y,3,0,1,2,A,-,03,22350,NA,N,C,C,A,A,D,-,A,D,0,NA,NA,NA,NA,Y,NA,A,01,0,1,0,0,0,0,0,0,0,-,-,33.93606948852539,-117.1072998046875,RIVERSIDE,UNINCORPORATED,-117.10718536376952,33.93585968017578
91405483,2021,2021-02-09,9655,2021-01-28,2105,019346,NA,4,2,9,3300,0,1,1,NA,2,206,I-10 E/B,HAUGEN-LEHMANN WAY,5280,W,N,A,-,Y,NA,NA,10,NA,NA,NA,NA,NA,E,Y,4,0,1,1,A,-,08,22107,NA,N,E,I,A,A,H,-,C,D,0,NA,NA,Y,NA,Y,NA,C,02,0,0,1,0,0,0,0,0,1,-,-,33.922950744628906,-116.70123291015624,RIVERSIDE,UNINCORPORATED,-116.70124816894533,33.92301940917969
91406006,2021,2021-02-10,9630,2021-02-06,0113,021570,NA,6,3,4,3309,0,1,1,NA,2,021,I-10 E/B,JEFFERSON ST,2112,E,N,A,-,Y,NA,NA,10,NA,NA,NA,NA,NA,E,Y,3,0,1,2,A,-,08,22107,NA,N,B,C,A,A,H,-,D,D,0,NA,NA,NA,Y,Y,NA,A,01,0,1,0,0,0,0,0,0,0,-,-,33.74518966674805,-116.26264190673828,RIVERSIDE,INDIO,-116.26268768310548,33.74510955810547
91408156,2021,2021-02-15,9655,2021-02-05,2110,020963,NA,5,2,3,3302,0,1,1,NA,2,202,I-10 E/B,STATE ROUTE 60,2112,W,N,A,-,Y,NA,NA,10,NA,NA,NA,NA,NA,E,Y,2,0,2,2,A,-,01,23152,A,N,C,C,A,A,H,-,D,D,0,NA,NA,NA,NA,Y,Y,A,01,1,0,1,0,0,0,0,0,0,-,-,33.93690872192383,-116.99600219726563,RIVERSIDE,BEAUMONT,-116.99597930908205,33.93693161010742
91408657,2021,2021-02-16,9840,2021-02-06,0210,021261,NA,6,3,9,3300,0,1,1,NA,2,041,I-215 S/B,PLACENTIA AVE,1955,S,N,A,-,Y,NA,NA,215,NA,NA,NA,NA,NA,S,Y,2,0,2,3,A,-,01,23152,A,N,B,C,A,A,H,-,D,D,0,NA,NA,NA,NA,Y,Y,A,07,1,1,0,0,0,0,0,0,0,-,-,33.817501068115234,-117.23995971679688,RIVERSIDE,UNINCORPORATED,-117.24000549316406,33.81748962402344
91410112,2021,2021-02-17,9840,2021-02-16,1451,021047,NA,2,2,9,3300,0,1,1,NA,2,023,I-215 N/B,CENTRAL AVE.,850,S,N,A,-,Y,NA,NA,215,NA,NA,NA,NA,NA,N,Y,3,0,1,2,A,-,03,22350,NA,N,C,C,A,A,H,-,A,D,0,NA,NA,NA,NA,Y,NA,A,01,0,1,0,0,0,0,0,0,0,-,-,33.95732879638672,-117.30721282958984,RIVERSIDE,UNINCORPORATED,-117.30721282958984,33.95732879638672
91411210,2021,2021-02-18,9655,2021-02-12,1112,018320,NA,5,1,4,3301,0,1,1,NA,2,204,I-10 E/B,MALKI RD,1584,W,N,A,-,Y,NA,NA,10,NA,NA,NA,NA,NA,E,N,4,0,2,3,A,-,04,21703,NA,N,C,C,A,A,D,-,A,D,0,NA,NA,NA,NA,Y,NA,A,07,0,0,2,0,0,0,0,0,0,-,-,33.931541442871094,-116.82711791992188,RIVERSIDE,BANNING,-116.8271255493164,33.9314079284668
91411678,2021,2021-02-19,9685,2021-02-17,1847,016185,NA,3,2,5,3335,0,1,1,NA,2,030,I-15 N/B,SANTIAGO ROAD,10,S,N,A,-,Y,NA,NA,15,NA,NA,NA,NA,NA,N,Y,3,0,1,2,A,-,03,22350,NA,N,C,C,A,A,H,-,C,D,0,NA,NA,NA,NA,Y,NA,A,07,0,1,0,0,0,0,0,0,0,-,-,33.4900016784668,-117.1439971923828,RIVERSIDE,TEMECULA,-117.14390563964844,33.49003601074219
9141181,2020,2020-09-24,3300,2020-07-03,2003,4940,920A,5,5,4,3314,0,0,0,NA,0,070,6TH ST,JORDAN AV,132,E,N,A,-,N,NA,NA,NA,NA,NA,NA,NA,NA,NA,N,3,0,1,2,A,-,01,23153,NA,N,G,B,D,A,H,-,B,D,0,Y,NA,NA,NA,Y,NA,A,07,0,1,0,0,1,0,0,0,0,-,-,33.78202819824219,-116.95661926269533,RIVERSIDE,SAN JACINTO,-116.95618438720705,33.78199005126953
91412418,2021,2021-02-22,9840,2021-02-14,1435,020455,NA,7,2,6,3315,0,1,S,NA,2,300,SR-91 E/B,GREEN RIVER RD,3000,W,N,A,-,Y,NA,NA,91,NA,NA,NA,NA,NA,E,Y,2,0,2,1,A,-,08,22107,NA,N,E,I,A,A,H,-,A,D,0,NA,NA,NA,NA,Y,NA,A,01,2,0,0,0,0,0,0,0,0,-,-,33.8720703125,-117.66541290283205,RIVERSIDE,CORONA,-117.66539764404295,33.872047424316406
91412791,2021,2021-02-22,9685,2021-02-15,1550,016381,NA,1,2,9,3300,0,1,1,NA,2,030,I-15 NORTHBOUND,SANTIAGO RD O/C,50,S,N,A,-,Y,NA,NA,NA,NA,NA,NA,NA,NA,NA,N,4,0,1,3,A,-,03,22350,NA,N,C,C,A,A,H,-,A,D,0,NA,NA,NA,NA,Y,NA,D,22,0,0,1,0,0,0,0,0,0,-,-,33.489830017089844,-117.14376068115234,RIVERSIDE,UNINCORPORATED,-117.14389038085938,33.48994827270508
91413328,2021,2021-02-23,9840,2021-02-20,1423,020535,NA,6,2,7,3313,0,1,3,NA,2,020,SR-91 W/B,LA SIERRA AVE,300,E,N,A,-,Y,NA,NA,91,NA,NA,NA,NA,NA,W,Y,4,0,1,2,A,-,03,22350,NA,N,C,C,A,A,H,-,A,D,0,NA,NA,NA,NA,Y,NA,A,01,0,0,1,0,0,0,0,0,0,-,-,33.90095138549805,-117.47032928466795,RIVERSIDE,RIVERSIDE,-117.4703369140625,33.90097427368164
91413424,2021,2021-02-23,9840,2021-02-22,1430,021950,NA,1,2,6,3394,0,1,3,NA,2,025,SR-60 W/B,FREDRICK ST.,2000,E,N,A,-,Y,NA,NA,60,NA,NA,NA,NA,NA,W,Y,4,0,1,2,A,-,03,22350,NA,N,C,C,A,A,H,-,A,D,0,NA,NA,NA,NA,Y,NA,A,01,0,0,1,0,0,0,0,0,0,-,-,33.94105911254883,-117.2509994506836,RIVERSIDE,MORENO VALLEY,-117.2509994506836,33.94108581542969
91413918,2021,2021-02-23,9660,2021-02-12,2317,021591,NA,5,3,9,3300,0,1,1,NA,2,031,I-10 E/B,WILEY'S WELL ROAD O/C,1450,E,N,A,-,Y,NA,NA,10,NA,NA,NA,NA,NA,E,Y,4,0,1,2,A,-,17,22109,NA,N,C,C,A,A,H,-,D,D,0,NA,NA,NA,Y,Y,NA,A,01,0,0,1,0,0,0,0,0,0,-,-,33.607818603515625,-114.89640808105467,RIVERSIDE,UNINCORPORATED,-114.89640808105467,33.60783004760742
91414666,2021,2021-02-24,9685,2021-02-15,1439,015957,NA,1,2,9,3300,0,1,3,NA,2,011,SR-74,GRAND AVE,7920,W,N,B,-,Y,NA,NA,74,NA,NA,NA,NA,NA,NA,Y,2,0,2,3,A,-,08,22107,NA,N,D,C,A,A,H,-,A,D,0,NA,NA,NA,NA,Y,NA,A,01,1,0,1,0,0,0,0,0,0,-,-,33.646690368652344,-117.37045288085938,RIVERSIDE,UNINCORPORATED,-117.37046051025392,33.6467170715332
91416737,2021,2021-02-26,9840,2021-02-23,0730,019042,NA,2,1,6,3315,0,1,3,NA,2,031,SR-91 W/B,LINCOLN AVE.,2580,E,N,A,-,Y,NA,NA,91,NA,NA,NA,NA,NA,W,N,4,0,2,2,A,-,03,22350,NA,N,C,C,A,A,H,-,A,D,0,NA,NA,NA,Y,Y,NA,F,26,0,0,2,0,0,0,0,0,0,-,-,33.881248474121094,-117.57451629638672,RIVERSIDE,CORONA,-117.57453918457033,33.88106155395508
91417216,2021,2021-02-26,9840,2021-02-25,1505,020058,NA,4,2,9,3300,0,1,1,NA,2,040,I-215 N/B,CACTUS AVE.,400,N,N,A,-,Y,NA,NA,215,NA,NA,NA,NA,NA,N,Y,4,0,1,3,A,-,03,22350,NA,N,C,C,A,A,H,-,A,D,0,NA,NA,NA,NA,Y,NA,D,22,0,0,1,0,0,0,0,0,0,-,-,33.91004943847656,-117.2817611694336,RIVERSIDE,UNINCORPORATED,-117.28174591064452,33.910064697265625
91418369,2021,2021-03-01,9655,2021-02-22,0602,017000,NA,1,1,3,3302,0,1,3,NA,2,212,STATE ROUTE 60 W/B,I-10,2640,W,N,A,-,Y,NA,NA,60,NA,NA,NA,NA,NA,W,N,4,0,1,2,A,-,07,21658,A,N,B,C,A,A,H,-,B,D,0,NA,NA,NA,Y,Y,NA,G,25,0,0,1,0,0,0,0,0,0,-,-,33.933448791503906,-116.99703216552734,RIVERSIDE,BEAUMONT,-116.99703216552734,33.93341064453125
9141876,2020,2020-08-27,3309,2020-07-02,1817,2003,3309,4,5,4,3309,0,0,0,NA,0,001,RT 111,GRACE ST,0,NA,Y,A,-,N,NA,NA,NA,NA,NA,NA,NA,NA,NA,Y,3,0,1,2,A,-,08,22107,NA,N,B,C,A,A,H,-,A,D,0,NA,NA,NA,NA,Y,NA,D,22,0,1,0,0,0,0,0,0,0,-,-,NA,NA,RIVERSIDE,INDIO,-116.2148,33.71491
91421478,2021,2021-03-05,9840,2021-02-22,1220,019527,NA,1,1,6,3315,0,1,1,NA,2,034,I-15 N/B,PARKRIDGE AVE,200,N,N,A,-,Y,NA,NA,15,NA,NA,NA,NA,NA,N,Y,4,0,2,2,A,-,08,22107,NA,N,B,D,A,A,H,-,A,D,0,NA,NA,NA,NA,Y,NA,A,01,0,0,2,0,0,0,0,0,0,-,-,33.88656997680664,-117.55063629150392,RIVERSIDE,CORONA,-117.55059814453124,33.8866081237793
9142175,2020,2020-11-30,3300,2020-08-14,1705,5397,905M,5,5,4,3307,0,0,0,NA,0,093,RIVERSIDE DR,GUNNERSON ST,911,E,N,A,-,Y,RIV,8,74,-,R,15.17,H,-,E,Y,4,0,2,2,A,-,07,21658,A,N,A,C,A,A,H,-,A,D,0,NA,NA,NA,Y,Y,NA,A,01,0,0,2,0,0,0,0,0,0,-,-,33.69095993041992,-117.35434722900392,RIVERSIDE,LAKE ELSINORE,-117.3521728515625,33.689849853515625