CASE_ID,ACCIDENT_YEAR,PROC_DATE,JURIS,COLLISION_DATE,COLLISION_TIME,OFFICER_ID,REPORTING_DISTRICT,DAY_OF_WEEK,CHP_SHIFT,POPULATION,CNTY_CITY_LOC,SPECIAL_COND,BEAT_TYPE,CHP_BEAT_TYPE,CITY_DIVISION_LAPD,CHP_BEAT_CLASS,BEAT_NUMBER,PRIMARY_RD,SECONDARY_RD,DISTANCE,DIRECTION,INTERSECTION,WEATHER_1,WEATHER_2,STATE_HWY_IND,CALTRANS_COUNTY,CALTRANS_DISTRICT,STATE_ROUTE,ROUTE_SUFFIX,POSTMILE_PREFIX,POSTMILE,LOCATION_TYPE,RAMP_INTERSECTION,SIDE_OF_HWY,TOW_AWAY,COLLISION_SEVERITY,NUMBER_KILLED,NUMBER_INJURED,PARTY_COUNT,PRIMARY_COLL_FACTOR,PCF_CODE_OF_VIOL,PCF_VIOL_CATEGORY,PCF_VIOLATION,PCF_VIOL_SUBSECTION,HIT_AND_RUN,TYPE_OF_COLLISION,MVIW,PED_ACTION,ROAD_SURFACE,ROAD_COND_1,ROAD_COND_2,LIGHTING,CONTROL_DEVICE,CHP_ROAD_TYPE,PEDESTRIAN_ACCIDENT,BICYCLE_ACCIDENT,MOTORCYCLE_ACCIDENT,TRUCK_ACCIDENT,NOT_PRIVATE_PROPERTY,ALCOHOL_INVOLVED,STWD_VEHTYPE_AT_FAULT,CHP_VEHTYPE_AT_FAULT,COUNT_SEVERE_INJ,COUNT_VISIBLE_INJ,COUNT_COMPLAINT_PAIN,COUNT_PED_KILLED,COUNT_PED_INJURED,COUNT_BICYCLIST_KILLED,COUNT_BICYCLIST_INJURED,COUNT_MC_KILLED,COUNT_MC_INJURED,PRIMARY_RAMP,SECONDARY_RAMP,LATITUDE,LONGITUDE,COUNTY,CITY,POINT_X,POINT_Y
91951513,2022,2022-12-23,9685,2022-12-16,2025,016185,NA,5,2,4,3342,0,1,1,NA,2,030,I-15 NORTHBOUND,MURRIETA HOT SPRINGS,5280,S,N,A,-,Y,RIV,NA,15,NA,NA,7.942,H,NA,R,Y,3,0,2,2,A,-,03,22350,NA,N,C,C,A,A,H,-,D,A,0,NA,NA,NA,NA,Y,NA,A,01,0,2,0,0,0,0,0,0,0,-,-,33.53950881958008,-117.17398834228516,RIVERSIDE,MURRIETA,-117.17404174804688,33.539485931396484
91953655,2022,2022-12-27,9630,2022-12-19,1709,019228,NA,1,2,9,3300,0,1,1,NA,2,301,I-10 W/B,FRONTAGE RD,19008,W,N,A,-,Y,RIV,NA,10,NA,R,71.257,H,NA,L,Y,3,0,1,1,A,-,08,22107,NA,N,F,A,A,A,H,-,D,D,0,NA,NA,NA,NA,Y,NA,A,01,0,1,0,0,0,0,0,0,0,-,-,33.68016052246094,-115.97859954833984,RIVERSIDE,UNINCORPORATED,-115.97861480712892,33.68034362792969
91954785,2022,2022-12-28,9655,2022-12-15,0600,019321,NA,4,1,9,3300,0,1,1,NA,2,204,INTERSTATE 10 EASTBOUND,MORONGO TRAIL,3696,E,N,A,-,Y,RIV,NA,10,NA,R,18.372,H,NA,R,Y,4,0,3,3,A,-,03,22350,NA,N,C,C,A,A,D,-,D,A,0,NA,NA,NA,Y,Y,NA,G,25,0,0,3,0,0,0,0,0,0,-,-,33.918609619140625,-116.79498291015624,RIVERSIDE,UNINCORPORATED,-116.79498291015624,33.918582916259766
91954812,2022,2022-12-28,9630,2022-12-22,1624,019228,NA,4,2,9,3300,0,1,1,NA,2,021,I-10 W/B,WASHINGTON ST,4224,E,N,A,-,Y,RIV,NA,10,NA,NA,51.241,H,NA,L,Y,4,0,1,2,A,-,03,22350,NA,N,C,C,A,A,H,-,A,D,0,NA,NA,NA,NA,Y,NA,A,01,0,0,1,0,0,0,0,0,0,-,-,33.756160736083984,-116.28880310058594,RIVERSIDE,UNINCORPORATED,-116.28878021240234,33.75619888305664
9195804,2020,2021-01-22,3308,2020-10-06,1430,10610,518,2,5,5,3308,0,0,0,NA,0,NORTH,OAKLAND AV,PARK AV,5,W,N,A,-,N,NA,NA,NA,NA,NA,NA,NA,NA,NA,N,4,0,1,2,A,-,21,22106,NA,N,C,C,A,A,H,-,A,A,0,NA,NA,NA,NA,Y,NA,D,22,0,0,1,0,0,0,0,0,0,-,-,33.754791259765625,-116.9461669921875,RIVERSIDE,HEMET,-116.94607543945313,33.75490951538086
9195974,2020,2021-02-13,3300,2020-11-20,2315,3786,011F,5,5,4,3344,0,0,0,NA,0,062,SCHLEISMAN RD,SUMNER AV,36,W,N,A,-,N,NA,NA,NA,NA,NA,NA,NA,NA,NA,Y,4,0,1,2,A,-,03,22350,NA,N,-,C,A,A,H,-,C,A,0,NA,NA,NA,NA,Y,NA,A,08,0,0,1,0,0,0,0,0,0,-,-,33.960899353027344,-117.57569885253906,RIVERSIDE,EASTVALE,-117.57589721679688,33.96088790893555
91961851,2022,2023-01-06,9685,2022-12-28,0835,016347,NA,3,1,9,3300,0,1,3,NA,2,011,SR-74 (ORTEGA HWY),GRAND AVENUE,12672,W,N,B,-,Y,RIV,NA,74,NA,NA,9.525,H,NA,R,Y,3,0,1,1,A,-,01,23152,G,N,E,I,A,B,H,-,A,D,0,NA,NA,NA,NA,Y,Y,A,07,0,1,0,0,0,0,0,0,0,-,-,33.640838623046875,-117.3814697265625,RIVERSIDE,UNINCORPORATED,-117.38140106201172,33.640872955322266
9196276,2020,2021-02-11,3313,2020-11-06,1146,1905,1,5,5,7,3313,0,0,0,NA,0,2R15,JURUPA AV,PALM AV,0,NA,Y,A,-,N,NA,NA,NA,NA,NA,NA,NA,NA,NA,Y,3,0,1,2,A,-,10,21950,A,N,G,B,B,A,H,-,A,A,0,Y,NA,NA,NA,Y,NA,A,01,0,1,0,0,1,0,0,0,0,-,-,33.96110916137695,-117.40119934082033,RIVERSIDE,RIVERSIDE,-117.4010772705078,33.961029052734375
91962817,2023,2023-01-09,9685,2023-01-01,555,015757,NA,7,3,9,3300,0,3,5,NA,2,003,CLINTON KEITH RD,TROIS VALLEY ST,1056,W,N,B,C,N,NA,NA,NA,NA,NA,NA,NA,NA,NA,Y,4,0,1,1,A,-,01,23152,A,N,E,I,A,B,H,-,D,A,0,NA,NA,NA,NA,Y,Y,A,01,0,0,1,0,0,0,0,0,0,-,-,33.60224151611328,-117.13838958740234,RIVERSIDE,UNINCORPORATED,-117.13838958740234,33.60214614868164
91963226,2023,2023-01-09,9685,2023-01-04,45,015800,NA,3,3,9,3300,0,1,3,NA,1,026,STATE ROUTE 74,LEON ROAD,5,E,N,C,-,N,NA,NA,NA,NA,NA,NA,NA,NA,NA,Y,2,0,1,1,A,-,08,22107,NA,N,E,I,A,B,H,-,C,A,0,NA,NA,NA,NA,Y,NA,A,01,1,0,0,0,0,0,0,0,0,-,-,33.74306106567383,-117.11900329589844,RIVERSIDE,UNINCORPORATED,-117.11900329589844,33.74317932128906
91963746,2022,2023-01-09,9840,2022-12-28,1535,020659,NA,3,2,6,3394,0,1,3,NA,2,025,SR-60 E/B,FREDERICK ST,1750,W,N,A,-,Y,RIV,NA,60,NA,NA,14.008,H,NA,R,Y,2,0,1,2,A,-,03,22350,NA,N,C,C,A,A,H,-,A,D,0,NA,NA,Y,NA,Y,NA,-,-,1,0,0,0,0,0,0,0,1,-,-,33.94068145751953,-117.26718139648438,RIVERSIDE,MORENO VALLEY,-117.26718139648438,33.940673828125
91963747,2023,2023-01-09,9630,2023-01-04,310,019758,NA,3,3,9,3300,0,3,5,NA,2,501,JACKSON ST,64TH AVE,4224,S,N,A,-,N,NA,NA,NA,NA,NA,NA,NA,NA,NA,Y,3,0,1,1,A,-,08,22107,NA,M,F,I,A,A,H,-,D,D,0,NA,NA,NA,NA,Y,Y,A,01,0,1,0,0,0,0,0,0,0,-,-,33.57217025756836,-116.21614074707033,RIVERSIDE,UNINCORPORATED,-116.2160186767578,33.57220458984375
91963913,2023,2023-01-17,9630,2023-01-08,1957,021409,NA,7,2,9,3300,0,1,1,NA,2,020,I-10 E/B,RAMON ROAD,1056,E,N,A,-,Y,RIV,NA,10,NA,NA,43.573,H,NA,R,Y,3,0,3,2,A,-,01,23152,A,N,B,C,A,A,H,-,D,D,0,NA,NA,NA,NA,Y,Y,A,01,0,3,0,0,0,0,0,0,0,-,-,33.81420135498047,-116.40142059326172,RIVERSIDE,UNINCORPORATED,-116.4014129638672,33.814208984375
91964349,2022,2023-01-10,9630,2022-12-29,1646,021652,NA,4,2,9,3300,0,3,5,NA,2,405,42ND AVE,HERMITAGE DRIVE,120,E,N,A,-,N,NA,NA,NA,NA,NA,NA,NA,NA,NA,Y,3,0,2,3,A,-,01,23152,A,N,B,E,A,A,H,-,B,D,0,NA,NA,NA,NA,Y,Y,A,01,0,2,0,0,0,0,0,0,0,-,-,33.743858337402344,-116.28363800048828,RIVERSIDE,UNINCORPORATED,-116.2837371826172,33.74370193481445
91964487,2023,2023-01-10,9840,2023-01-07,1742,021047,NA,6,2,9,3300,0,3,5,NA,2,004,BROWN STREET,PINEWOOD ST.,70,N,N,B,-,N,NA,NA,NA,NA,NA,NA,NA,NA,NA,Y,4,0,1,1,A,-,01,23152,A,N,F,F,A,A,H,-,D,D,0,NA,NA,NA,NA,Y,Y,A,01,0,0,1,0,0,0,0,0,0,-,-,33.8319091796875,-117.29625701904295,RIVERSIDE,UNINCORPORATED,-117.29639434814452,33.83183288574219
91964730,2023,2023-01-10,9630,2023-01-05,2055,020445,NA,4,2,9,3300,0,3,5,NA,2,401,DILLON ROAD,BERDOO CANYON ROAD,4224,E,N,A,-,N,NA,NA,NA,NA,NA,NA,NA,NA,NA,Y,4,0,1,1,A,-,08,22107,NA,N,E,I,A,A,H,-,D,D,0,NA,NA,NA,NA,Y,NA,A,07,0,0,1,0,0,0,0,0,0,-,-,33.789119720458984,-116.18128967285156,RIVERSIDE,UNINCORPORATED,-116.18101501464844,33.788818359375
91965745,2022,2023-01-11,9630,2022-12-30,2339,021604,NA,5,3,9,3300,0,1,1,NA,2,302,I-10 E/B,RED CLOUD MINE RD,10560,W,N,A,-,Y,RIV,NA,10,NA,R,93.216,H,NA,R,Y,2,0,3,2,A,-,08,22107,NA,N,C,C,A,A,H,-,D,D,0,NA,NA,NA,NA,Y,NA,A,08,2,1,0,0,0,0,0,0,0,-,-,33.67190170288086,-115.60069274902344,RIVERSIDE,UNINCORPORATED,-115.60069274902344,33.67194747924805
9196590,2020,2021-03-01,3300,2020-11-16,0830,4323,910S,1,5,5,3335,0,0,0,NA,0,070,TEMECULA PKWY,REDHAWK PKWY,0,NA,Y,A,-,N,NA,NA,NA,NA,NA,NA,NA,NA,NA,Y,4,0,1,2,A,-,12,21453,A,N,D,C,A,A,H,-,A,A,0,NA,NA,NA,NA,Y,NA,A,01,0,0,1,0,0,0,0,0,0,-,-,NA,NA,RIVERSIDE,TEMECULA,NA,NA
9196595,2020,2021-02-18,3300,2020-11-16,1923,N7146,910F,1,5,5,3335,0,0,0,NA,0,062,YNEZ RD,RANCHO CALIFORNIA RD,0,NA,Y,A,-,N,NA,NA,NA,NA,NA,NA,NA,NA,NA,NA,4,0,1,2,A,-,12,21453,A,N,D,C,A,A,H,-,C,A,0,NA,NA,NA,NA,Y,NA,A,07,0,0,1,0,0,0,0,0,0,-,-,33.502769470214844,-117.14862823486328,RIVERSIDE,TEMECULA,-117.14856719970705,33.50288009643555
91967992,2023,2023-01-13,9840,2023-01-01,635,019219,NA,7,1,7,3313,0,1,1,NA,2,023,I-215 NORTHBOUND,MARTIN LUTHER KING BLVD,620,S,N,B,-,Y,RIV,NA,215,NA,NA,40.806,H,NA,R,N,2,0,2,2,A,-,08,22107,NA,N,G,B,E,B,G,-,A,D,0,Y,NA,NA,NA,Y,NA,A,01,1,1,0,0,1,0,0,0,0,-,-,33.96799087524414,-117.32756805419922,RIVERSIDE,RIVERSIDE,-117.32769775390624,33.96794128417969
91968038,2023,2023-01-13,9840,2023-01-03,1735,020455,NA,2,2,7,3313,0,1,3,NA,2,020,SR-91 W/B,ADAMS ST,250,W,N,B,-,Y,RIV,NA,91,NA,NA,15.553,H,NA,L,N,4,0,1,2,A,-,03,22350,NA,N,C,C,A,B,H,-,C,D,0,NA,NA,NA,NA,Y,NA,A,01,0,0,1,0,0,0,0,0,0,-,-,33.92689895629883,-117.42082977294922,RIVERSIDE,RIVERSIDE,-117.42082977294922,33.92689514160156
91968255,2023,2023-01-13,9840,2023-01-05,1100,020582,NA,4,1,9,3300,0,1,3,NA,1,038,SR-71 N/B,EUCLID AVENUE,4500,S,N,C,-,Y,RIV,NA,71,NA,NA,0.031,H,NA,R,Y,3,0,1,1,A,-,03,22350,NA,N,F,A,A,B,H,-,A,D,0,NA,NA,NA,NA,Y,NA,A,01,0,1,0,0,0,0,0,0,0,-,-,33.923980712890625,-117.65493774414063,RIVERSIDE,UNINCORPORATED,-117.65506744384766,33.923927307128906
91969577,2023,2023-01-17,9840,2023-01-01,15,021873,NA,7,3,6,3394,0,1,3,NA,2,025,SR-60 E/B,FREDERICK ST.,1100,W,N,C,-,Y,RIV,NA,60,NA,NA,14.121,H,NA,R,Y,3,0,3,2,A,-,08,22107,NA,N,E,8,A,B,H,-,C,D,0,NA,NA,NA,NA,Y,NA,A,01,0,3,0,0,0,0,0,0,0,-,-,33.9404296875,-117.26521301269533,RIVERSIDE,MORENO VALLEY,-117.26521301269533,33.94068908691406
91969951,2023,2023-01-17,9840,2023-01-17,427,018949,NA,2,3,7,3313,0,1,1,NA,2,023,I-215 S/B,CENTRAL AVE,50,N,N,B,-,Y,RIV,NA,215,NA,NA,39.484,H,NA,L,N,4,0,1,1,A,-,08,22107,NA,N,E,I,A,B,H,-,D,D,0,NA,NA,NA,NA,Y,NA,A,07,0,0,1,0,0,0,0,0,0,-,-,33.95872116088867,-117.30928802490234,RIVERSIDE,RIVERSIDE,-117.3093490600586,33.95866775512695
91973934,2022,2023-01-23,9840,2022-12-21,1449,021080,NA,3,2,6,3394,0,1,1,NA,2,040,I-215 N/B,ALESSANDRO BLVD,100,S,N,A,-,Y,RIV,NA,215,NA,R,36.388,H,NA,R,N,4,0,1,2,A,-,03,22350,NA,M,C,C,A,A,H,-,A,D,0,NA,NA,NA,NA,Y,NA,-,-,0,0,1,0,0,0,0,0,0,-,-,33.91632080078125,-117.2872314453125,RIVERSIDE,MORENO VALLEY,-117.2871551513672,33.91634750366211
91973972,2023,2023-01-23,9840,2023-01-17,1338,020220,NA,2,1,7,3313,0,1,1,NA,2,023,I-215 N/B,CENTRAL AVENUE,1525,S,N,A,-,Y,RIV,NA,215,NA,NA,39.194,H,NA,R,Y,4,0,1,4,A,-,03,22350,NA,N,C,C,A,A,H,-,A,D,0,NA,NA,NA,NA,Y,NA,A,01,0,0,1,0,0,0,0,0,0,-,-,33.955780029296875,-117.30584716796876,RIVERSIDE,RIVERSIDE,-117.3058624267578,33.955772399902344
91974144,2023,2023-01-23,9840,2023-01-11,754,017481,NA,3,1,6,3315,0,1,3,NA,2,031,SR-91 E/B,MCKINLEY STREET,30,E,N,A,-,Y,RIV,NA,91,NA,NA,9.185,H,NA,R,Y,3,0,1,2,A,-,07,21658,A,N,B,C,A,A,H,-,A,D,0,NA,NA,NA,NA,Y,NA,A,01,0,1,0,0,0,0,0,0,0,-,-,33.88628005981445,-117.51786041259766,RIVERSIDE,CORONA,-117.51782989501952,33.886234283447266
91974181,2023,2023-01-23,9840,2023-01-17,1545,017546,NA,2,2,9,3300,0,2,4,NA,2,045,EL SOBRANTE RD,MOCKINGBIRD CANYON RD,8870,N,N,A,-,N,NA,NA,NA,NA,NA,NA,NA,NA,NA,N,4,0,1,2,A,-,03,22350,NA,N,C,C,A,A,H,-,A,D,0,NA,NA,NA,NA,Y,NA,A,01,0,0,1,0,0,0,0,0,0,-,-,33.8554801940918,-117.4017333984375,RIVERSIDE,UNINCORPORATED,-117.40159606933594,33.85542297363281
91974882,2023,2023-01-23,9840,2023-01-20,1600,017546,NA,5,2,7,3313,0,1,3,NA,2,010,SR-60 E/B,MARKET STREET,2440,W,N,A,-,Y,RIV,NA,60,NA,NA,10.61,H,NA,R,N,4,0,1,2,A,-,03,22350,NA,N,C,C,A,A,H,-,A,D,0,NA,NA,NA,Y,Y,NA,F,26,0,0,1,0,0,0,0,0,0,-,-,34.00360870361328,-117.38236236572266,RIVERSIDE,RIVERSIDE,-117.38233184814452,34.003662109375
91977286,2023,2023-01-25,9630,2023-01-14,1800,020344,NA,6,2,4,3309,0,3,5,NA,2,402,22ND AVE,CURTIN RD.,210,E,N,C,-,N,NA,NA,NA,NA,NA,NA,NA,NA,NA,N,4,0,1,2,A,-,08,22107,NA,N,A,E,A,B,H,-,D,D,0,NA,NA,NA,NA,Y,NA,A,07,0,0,1,0,0,0,0,0,0,-,-,33.88933181762695,-116.36155700683594,RIVERSIDE,INDIO,-116.3616180419922,33.889244079589844
91978575,2023,2023-01-26,9840,2023-01-16,920,020535,NA,1,1,7,3313,0,1,S,NA,2,300,I-215 S/B,FAIR ISLE DR,2200,S,N,B,C,Y,RIV,NA,215,NA,R,38.43,H,NA,L,N,4,0,1,1,A,-,03,22350,NA,N,E,I,A,B,H,-,A,D,0,NA,NA,NA,NA,Y,NA,D,22,0,0,1,0,0,0,0,0,0,-,-,33.94470977783203,-117.29476165771484,RIVERSIDE,RIVERSIDE,-117.29489135742188,33.944549560546875
9197947,2020,2021-02-03,3308,2020-11-18,0849,10620,556,3,5,5,3308,0,0,0,NA,0,SOUTH,STETSON AV,ELK ST,370,E,N,A,-,N,NA,NA,NA,NA,NA,NA,NA,NA,NA,Y,3,0,3,2,A,-,03,22350,NA,N,C,C,A,A,H,-,A,D,0,NA,NA,NA,NA,Y,NA,A,01,0,1,2,0,0,0,0,0,0,-,-,33.729488372802734,-116.98522186279295,RIVERSIDE,HEMET,-116.98388671875,33.72936248779297
91982487,2023,2023-01-31,9685,2023-01-08,10,015800,NA,7,3,9,3300,0,1,1,NA,2,020,INTERSTATE 215,STATE ROUTE 74 L,4000,N,N,A,-,Y,RIV,NA,215,NA,NA,24.445,H,NA,R,Y,2,0,1,1,A,-,01,23152,A,N,E,I,A,A,H,-,C,D,0,NA,NA,NA,NA,Y,Y,A,01,1,0,0,0,0,0,0,0,0,-,-,33.767189025878906,-117.1906280517578,RIVERSIDE,UNINCORPORATED,-117.1906967163086,33.76713943481445
91982893,2023,2023-01-31,9840,2023-01-21,722,018248,NA,6,1,9,3300,0,1,1,NA,2,034,I-15 N/B,TEMESCAL CANYON RD,6019,N,N,A,-,Y,RIV,NA,15,NA,NA,34.407,H,NA,R,Y,4,0,1,2,A,-,07,21658,A,N,B,C,A,A,H,-,A,D,0,NA,NA,Y,NA,Y,NA,D,22,0,0,1,0,0,0,0,0,1,-,-,33.79121017456055,-117.49710845947266,RIVERSIDE,UNINCORPORATED,-117.4971160888672,33.79120635986328
91983473,2023,2023-01-31,9630,2023-01-22,1817,020445,NA,7,2,9,3300,0,3,5,NA,2,504,GRAPEFRUIT BLVD,4TH STREET,0,NA,Y,A,-,N,NA,NA,NA,NA,NA,NA,NA,NA,NA,Y,4,0,2,2,A,-,12,21453,A,N,A,C,A,A,H,-,C,A,0,NA,NA,NA,NA,Y,NA,D,22,0,0,2,0,0,0,0,0,0,-,-,33.57102966308594,-116.07955169677734,RIVERSIDE,UNINCORPORATED,-116.17546844482422,33.68159103393555
91983609,2023,2023-02-01,9840,2023-01-27,1833,017546,NA,5,2,7,3313,0,1,3,NA,2,201,SR-91 W/B,VAN BUREN BLVD,90,W,N,A,-,Y,RIV,NA,91,NA,NA,14.047,H,NA,L,N,4,0,2,3,A,-,03,22350,NA,N,C,2,A,A,H,-,D,D,0,NA,NA,NA,NA,Y,NA,A,07,0,0,2,0,0,0,0,0,0,-,-,33.91461181640625,-117.44236755371094,RIVERSIDE,RIVERSIDE,-117.44239044189452,33.914634704589844
91985131,2023,2023-02-02,9840,2023-01-27,1815,016619,NA,5,2,6,3345,0,1,3,NA,2,010,SR-60 W/B,MISSION BLVD,200,W,N,A,-,Y,RIV,NA,60,NA,R,1.75,H,NA,L,N,4,0,1,2,A,-,08,22107,NA,M,B,C,A,A,H,-,D,D,0,NA,NA,NA,NA,Y,NA,-,99,0,0,1,0,0,0,0,0,0,-,-,34.018218994140625,-117.52911376953124,RIVERSIDE,JURUPA VALLEY,-117.52910614013672,34.01814651489258
91985134,2023,2023-02-02,9840,2023-01-27,2307,021194,NA,5,3,7,3313,0,1,1,NA,2,022,I-215 S/B,CENTER STREET,1584,S,N,A,-,Y,RIV,NA,215,NA,NA,44.665,H,NA,L,Y,3,0,2,2,A,-,03,22350,NA,N,C,C,A,A,H,-,A,D,0,NA,NA,NA,NA,Y,Y,A,01,0,2,0,0,0,0,0,0,0,-,-,34.01103973388672,-117.34539794921876,RIVERSIDE,RIVERSIDE,-117.34557342529295,34.0111198425293
9198622,2020,2021-02-22,3302,2020-12-07,1749,1186,NA,1,5,3,3302,0,0,0,NA,0,NA,6TH ST,ELM AV,33,E,N,A,-,N,NA,NA,NA,NA,NA,NA,NA,NA,NA,NA,4,0,1,4,A,-,06,21750,NA,N,B,C,A,A,H,-,C,A,0,NA,NA,NA,Y,Y,NA,A,01,0,0,1,0,0,0,0,0,0,-,-,33.93115997314453,-116.98468017578124,RIVERSIDE,BEAUMONT,-116.98450469970705,33.9310302734375
9198627,2020,2021-01-21,3313,2020-10-04,2335,1334,4,7,5,7,3313,0,0,0,NA,0,1R45,RAILROAD AV,DEPOT ST,340,W,N,A,-,NA,NA,NA,NA,NA,NA,NA,NA,NA,NA,Y,3,0,1,1,A,-,08,22107,NA,N,E,I,A,A,H,-,C,D,0,NA,NA,NA,NA,Y,Y,D,22,0,1,0,0,0,0,0,0,0,-,-,33.931640625,-117.40712738037108,RIVERSIDE,RIVERSIDE,-117.40769958496094,33.930721282958984
91989136,2023,2023-02-08,9840,2023-02-02,745,019219,NA,4,1,9,3300,0,2,4,NA,2,045,CAJALCO ROAD,HAINES ST,40,E,N,A,-,N,NA,NA,NA,NA,NA,NA,NA,NA,NA,N,4,0,1,2,A,-,03,22350,NA,F,C,C,A,A,H,-,A,D,0,NA,NA,NA,NA,Y,NA,D,22,0,0,1,0,0,0,0,0,0,-,-,33.83721923828125,-117.29180908203124,RIVERSIDE,UNINCORPORATED,-117.2918701171875,33.837181091308594
91989570,2023,2023-02-08,9630,2023-01-27,1550,021128,NA,5,2,9,3300,0,1,1,NA,2,021,I-10 E/B,COOK ST,5280,W,N,A,-,Y,RIV,NA,10,NA,NA,46.105,H,NA,R,N,4,0,1,1,C,-,18,NA,NA,N,E,I,A,A,H,-,A,D,0,NA,NA,NA,NA,Y,NA,-,-,0,0,1,0,0,0,0,0,0,-,-,33.79262161254883,-116.36580657958984,RIVERSIDE,UNINCORPORATED,-116.36588287353516,33.79253387451172
91991055,2023,2023-02-09,9685,2023-02-04,2318,019860,NA,6,3,9,3300,0,1,1,NA,2,030,I-15 S/B,TEMECULA PARKWAY,700,S,N,A,-,Y,NA,NA,NA,NA,NA,NA,NA,NA,NA,Y,3,0,1,1,A,-,01,23152,A,N,E,I,A,A,H,-,C,D,0,NA,NA,NA,NA,Y,Y,A,01,0,1,0,0,0,0,0,0,0,-,-,33.48088836669922,-117.14299011230467,RIVERSIDE,UNINCORPORATED,-117.14100646972656,33.48084259033203
91991163,2023,2023-02-10,9685,2023-02-03,2235,015800,NA,5,3,9,3300,0,3,5,NA,2,001,STATE ROUTE 74 (ORTEGA HIGHWAY),TENAJA TRUCK TRAIL,3100,W,N,A,-,Y,RIV,NA,74,NA,NA,2.554,H,NA,R,Y,2,0,2,2,A,-,01,23152,G,N,A,C,A,A,H,-,D,D,0,NA,NA,NA,NA,Y,Y,A,01,2,0,0,0,0,0,0,0,0,-,-,33.60921096801758,-117.42933654785156,RIVERSIDE,UNINCORPORATED,-117.42953491210938,33.6093635559082
91993155,2022,2023-02-13,9840,2022-04-11,0105,021873,NA,1,3,6,3315,0,1,3,NA,2,031,STATE ROUTE 91 EASTBOUND,MCKINLEY STREET,1150,W,N,B,-,Y,RIV,NA,91,NA,NA,9.005,H,NA,R,Y,1,1,1,2,A,-,17,21200,NA,N,H,G,A,A,H,-,C,D,0,NA,Y,NA,NA,Y,Y,L,04,0,1,0,0,0,1,0,0,0,-,-,33.885009765625,-117.52059173583984,RIVERSIDE,CORONA,-117.52059173583984,33.885009765625
9199325,2020,2021-01-30,3313,2020-11-05,0711,2005,1,4,5,7,3313,0,0,0,NA,0,T74,INTERCHANGE ST,PRIMER ST,125,E,N,A,-,N,NA,NA,NA,NA,NA,NA,NA,NA,NA,Y,4,0,1,2,A,-,09,21804,A,N,D,C,A,A,H,-,A,D,0,NA,NA,NA,NA,Y,NA,A,01,0,0,1,0,0,0,0,0,0,-,-,34.00313186645508,-117.35298919677734,RIVERSIDE,RIVERSIDE,-117.35247802734376,34.0029411315918
91993587,2022,2023-02-14,9630,2022-06-18,2332,021923,NA,6,3,9,3300,0,1,3,NA,2,015,SR-62 E/B,N. INDIAN CYN DR,2640,E,N,A,-,Y,RIV,NA,62,NA,R,6.962,H,NA,R,Y,4,0,2,2,A,-,03,22350,NA,N,C,C,A,A,H,-,D,D,0,NA,NA,NA,NA,Y,NA,A,01,0,0,2,0,0,0,0,0,0,-,-,34.01198959350586,-116.57533264160156,RIVERSIDE,UNINCORPORATED,-116.57534790039063,34.011985778808594
91993783,2023,2023-02-14,9685,2023-01-31,2040,018539,NA,2,2,9,3300,0,1,3,NA,1,026,SR-74 W/B,CREAG AVENUE,0,NA,Y,A,-,Y,RIV,NA,74,NA,NA,32.509,H,NA,L,Y,4,0,1,2,A,-,01,23152,A,N,D,C,A,A,H,-,C,D,0,NA,NA,NA,NA,Y,Y,D,22,0,0,1,0,0,0,0,0,0,-,-,33.74346160888672,-117.10682678222656,RIVERSIDE,UNINCORPORATED,-117.10682678222656,33.74342727661133
91994521,2023,2023-02-14,9630,2023-02-05,2240,021652,NA,7,3,9,3300,0,3,5,NA,2,001,MOUNTAIN VIEW RD,DILLON RD,40,S,N,A,-,N,NA,NA,NA,NA,NA,NA,NA,NA,NA,Y,4,0,1,4,A,-,03,22350,NA,N,C,C,A,A,H,-,D,A,0,NA,NA,NA,NA,Y,NA,D,22,0,0,1,0,0,0,0,0,0,-,-,33.924659729003906,-116.47560119628906,RIVERSIDE,UNINCORPORATED,-116.4756317138672,33.92485046386719
91995086,2023,2023-02-15,9660,2023-02-09,131,022114,NA,4,3,9,3300,0,1,1,NA,2,040,INTERSTATE 10,MILEPOST MARKER 156.4,262,W,N,A,-,Y,RIV,NA,10,NA,R,156.451,H,NA,R,Y,3,0,2,4,A,-,03,22350,NA,M,C,C,A,A,H,-,D,A,0,NA,NA,NA,Y,Y,NA,G,25,0,2,0,0,0,0,0,0,0,-,-,33.60498046875,-114.53153228759766,RIVERSIDE,UNINCORPORATED,-114.53159332275392,33.60483169555664