CASE_ID,ACCIDENT_YEAR,PROC_DATE,JURIS,COLLISION_DATE,COLLISION_TIME,OFFICER_ID,REPORTING_DISTRICT,DAY_OF_WEEK,CHP_SHIFT,POPULATION,CNTY_CITY_LOC,SPECIAL_COND,BEAT_TYPE,CHP_BEAT_TYPE,CITY_DIVISION_LAPD,CHP_BEAT_CLASS,BEAT_NUMBER,PRIMARY_RD,SECONDARY_RD,DISTANCE,DIRECTION,INTERSECTION,WEATHER_1,WEATHER_2,STATE_HWY_IND,CALTRANS_COUNTY,CALTRANS_DISTRICT,STATE_ROUTE,ROUTE_SUFFIX,POSTMILE_PREFIX,POSTMILE,LOCATION_TYPE,RAMP_INTERSECTION,SIDE_OF_HWY,TOW_AWAY,COLLISION_SEVERITY,NUMBER_KILLED,NUMBER_INJURED,PARTY_COUNT,PRIMARY_COLL_FACTOR,PCF_CODE_OF_VIOL,PCF_VIOL_CATEGORY,PCF_VIOLATION,PCF_VIOL_SUBSECTION,HIT_AND_RUN,TYPE_OF_COLLISION,MVIW,PED_ACTION,ROAD_SURFACE,ROAD_COND_1,ROAD_COND_2,LIGHTING,CONTROL_DEVICE,CHP_ROAD_TYPE,PEDESTRIAN_ACCIDENT,BICYCLE_ACCIDENT,MOTORCYCLE_ACCIDENT,TRUCK_ACCIDENT,NOT_PRIVATE_PROPERTY,ALCOHOL_INVOLVED,STWD_VEHTYPE_AT_FAULT,CHP_VEHTYPE_AT_FAULT,COUNT_SEVERE_INJ,COUNT_VISIBLE_INJ,COUNT_COMPLAINT_PAIN,COUNT_PED_KILLED,COUNT_PED_INJURED,COUNT_BICYCLIST_KILLED,COUNT_BICYCLIST_INJURED,COUNT_MC_KILLED,COUNT_MC_INJURED,PRIMARY_RAMP,SECONDARY_RAMP,LATITUDE,LONGITUDE,COUNTY,CITY,POINT_X,POINT_Y
9588463,2023,2023-07-06,3300,2023-05-20,2220,6041,001F,6,5,6,3345,0,0,0,NA,0,012,34TH ST,ARMSTRONG RD,0,NA,Y,A,-,N,NA,NA,NA,NA,NA,NA,NA,NA,NA,N,4,0,3,2,A,-,12,22451,A,N,D,C,A,A,H,-,C,A,0,NA,NA,NA,Y,Y,NA,F,76,0,0,3,0,0,0,0,0,0,-,-,34.013710021972656,-117.427001953125,RIVERSIDE,JURUPA VALLEY,-117.42813873291016,34.015419006347656
9590455,2023,2023-07-03,3301,2023-04-12,845,U473,28,3,5,4,3301,0,0,0,NA,0,003,WEST WILSON ST,NORTH SUNSET AV,24,W,N,A,-,N,NA,NA,NA,NA,NA,NA,NA,NA,NA,Y,4,0,1,2,A,-,12,22450,A,N,D,C,A,A,H,-,A,A,0,NA,NA,NA,NA,Y,NA,A,01,0,0,1,0,0,0,0,0,0,-,-,33.932491302490234,-116.91181182861328,RIVERSIDE,BANNING,-116.91189575195313,33.93247985839844
9590637,2023,2023-06-16,3309,2023-04-20,2050,436,3309,4,5,4,3309,0,0,0,NA,0,002,JACKSON ST,POLE #120879,63,N,N,A,-,N,NA,NA,NA,NA,NA,NA,NA,NA,NA,Y,4,0,1,2,A,-,01,23152,A,N,C,C,A,A,H,-,C,-,0,NA,NA,NA,NA,Y,Y,A,01,0,0,1,0,0,0,0,0,0,-,-,NA,NA,RIVERSIDE,INDIO,NA,NA
9597495,2023,2023-07-24,3302,2023-04-21,1700,1197,NA,5,5,3,3302,0,0,0,NA,0,002,6TH ST,ALLEGHENY AV,40,W,N,A,-,N,NA,NA,NA,NA,NA,NA,NA,NA,NA,N,3,0,3,2,A,-,09,21801,A,N,D,C,A,A,H,-,A,D,0,NA,NA,NA,NA,Y,NA,B,01,0,1,2,0,0,0,0,0,0,-,-,33.92940139770508,-116.9493408203125,RIVERSIDE,BEAUMONT,-116.94942474365234,33.92945098876953
9604723,2023,2024-02-26,3300,2023-12-08,2200,6102,915B,5,5,4,3312,0,0,0,NA,0,032,REDLANDS AV,SAN JACINTO AV,5,S,N,A,-,N,NA,NA,NA,NA,NA,NA,NA,NA,NA,Y,4,0,1,2,A,-,05,21651,B,N,B,C,A,A,H,-,C,A,0,NA,NA,NA,NA,Y,Y,A,01,0,0,1,0,0,0,0,0,0,-,-,33.78657150268555,-117.21549987792967,RIVERSIDE,PERRIS,-117.21533203125,33.78660583496094
9607878,2023,2023-09-21,3325,2023-08-05,1118,20206,NA,6,5,4,3325,0,0,0,NA,0,003,VISTA CHINO,LANDAU BL,320,E,N,A,-,N,NA,NA,NA,NA,NA,NA,NA,NA,NA,Y,3,0,5,2,A,-,09,21801,A,N,D,C,A,A,H,-,A,D,0,NA,NA,NA,NA,Y,NA,A,01,0,1,4,0,0,0,0,0,0,-,-,NA,NA,RIVERSIDE,CATHEDRAL CITY,-116.47482299804688,33.844947814941406
9608897,2023,2023-08-25,3300,2023-08-09,526,2812,011A,3,5,4,3344,0,0,0,NA,0,060,GOODMAN WY,THE STATION,1390,S,N,A,-,N,NA,NA,NA,NA,NA,NA,NA,NA,NA,N,3,0,1,2,A,-,08,22100,B,N,D,C,A,A,H,-,C,D,0,NA,NA,NA,NA,Y,NA,A,07,0,1,0,0,0,0,0,0,0,-,-,NA,NA,RIVERSIDE,EASTVALE,NA,NA
9615910,2022,2023-10-12,3301,2022-08-20,0043,U496,2,6,5,4,3301,0,0,0,NA,0,002,W RAMSEY ST,16TH ST,0,NA,Y,A,-,N,NA,NA,NA,NA,NA,NA,NA,NA,NA,Y,2,0,1,2,A,-,01,23153,A,F,A,C,A,A,H,-,C,A,0,NA,NA,NA,Y,Y,Y,A,07,1,0,0,0,0,0,0,0,0,-,-,33.92539978027344,-116.89434051513672,RIVERSIDE,BANNING,-116.8943099975586,33.925411224365234
9619774,2023,2024-02-29,3300,2023-12-08,1207,N5790,916D,5,5,4,3312,0,0,0,NA,0,035,SAN JACINTO AV,PERRIS BL,0,NA,Y,A,-,N,NA,NA,NA,NA,NA,NA,NA,NA,NA,N,4,0,1,2,A,-,10,21950,A,N,D,G,A,A,H,-,A,A,0,NA,Y,NA,NA,Y,NA,A,01,0,0,1,0,0,0,1,0,0,-,-,33.78654098510742,-117.22604370117188,RIVERSIDE,PERRIS,-117.22615051269533,33.786556243896484
9620626,2023,2023-12-02,3325,2023-10-06,1617,1908,DESER,5,5,4,3325,0,0,0,NA,0,001,CATHEDRAL CANYON DR,EAST PALM CANYON DR,0,NA,Y,A,-,N,NA,NA,NA,NA,NA,NA,NA,NA,NA,N,3,0,1,2,A,-,10,21950,NA,N,G,-,A,A,H,-,A,A,0,NA,NA,NA,NA,Y,Y,-,-,0,1,0,0,0,0,0,0,0,-,-,NA,NA,RIVERSIDE,CATHEDRAL CITY,-116.4668197631836,33.78056335449219
9620730,2023,2023-11-03,3325,2023-09-29,1912,1908,DESER,5,5,4,3325,0,0,0,NA,0,002,CORRAL RD,NAVAJO TRL,6,W,N,A,-,N,NA,NA,NA,NA,NA,NA,NA,NA,NA,N,3,0,1,1,A,-,03,22350,NA,N,E,I,A,A,H,-,C,D,0,NA,NA,Y,NA,Y,NA,C,02,0,1,0,0,0,0,0,0,1,-,-,NA,NA,RIVERSIDE,CATHEDRAL CITY,-116.4690170288086,33.81227111816406
9625485,2023,2023-10-09,3309,2023-09-01,848,2211,3309,5,5,4,3309,0,0,0,NA,0,002,JACKSON ST,SHOWCASE PKWY,51,S,N,A,-,N,NA,NA,NA,NA,NA,NA,NA,NA,NA,Y,4,0,3,3,A,-,08,22107,NA,N,B,C,A,A,H,-,A,A,0,NA,NA,NA,NA,Y,NA,A,01,0,0,3,0,0,0,0,0,0,-,-,NA,NA,RIVERSIDE,INDIO,-116.21673583984376,33.74197006225586
9626160,2023,2023-09-29,3302,2023-04-28,840,1282,NA,5,5,3,3302,0,0,0,NA,0,NA,6TH ST,BEAUMONT AV,93,E,N,A,-,N,NA,NA,NA,NA,NA,NA,NA,NA,NA,N,4,0,2,2,A,-,09,21801,A,N,D,C,A,A,H,-,A,D,0,NA,NA,NA,NA,Y,NA,A,01,0,0,2,0,0,0,0,0,0,-,-,33.92940139770508,-116.97718811035156,RIVERSIDE,BEAUMONT,-116.97686767578124,33.92937469482422
9627284,2023,2023-10-16,3302,2023-08-06,1448,1260,3302,7,5,3,3302,0,0,0,NA,0,004,OAK VALLEY PKWY,TUKWET CANYON,0,NA,Y,A,-,N,NA,NA,NA,NA,NA,NA,NA,NA,NA,Y,3,0,4,2,A,-,09,21801,A,N,D,C,A,A,H,-,A,A,0,NA,NA,NA,NA,Y,NA,A,01,0,3,1,0,0,0,0,0,0,-,-,NA,NA,RIVERSIDE,BEAUMONT,-117.047174,33.94456
9627439,2023,2023-10-16,3302,2023-08-26,1113,1259,3302,6,5,3,3302,0,0,0,NA,0,002,HIGHLAND SPRINGS AV,6TH ST,302,S,N,A,-,N,NA,NA,NA,NA,NA,NA,NA,NA,NA,N,4,0,1,2,A,-,09,21801,A,N,D,C,A,A,H,-,A,D,0,NA,NA,NA,NA,Y,NA,A,01,0,0,1,0,0,0,0,0,0,-,-,33.92937088012695,-116.94686889648438,RIVERSIDE,BEAUMONT,-116.94690704345705,33.92848205566406
9632056,2023,2023-11-27,3302,2023-10-18,634,1186,NA,3,5,3,3302,0,0,0,NA,0,003,CALIFORNIA AV,10TH ST,171,S,N,A,-,N,NA,NA,NA,NA,NA,NA,NA,NA,NA,N,3,0,1,2,A,-,03,22350,NA,N,C,E,A,A,H,-,A,D,0,NA,NA,NA,NA,Y,NA,A,01,0,1,0,0,0,0,0,0,0,-,-,33.93503952026367,-116.98159790039063,RIVERSIDE,BEAUMONT,-116.98135375976563,33.935062408447266
9640695,2023,2024-07-16,3349,2023-10-14,1538,399,NA,6,5,5,3341,0,0,0,NA,0,004,MATTHEWS RD,1760382E,130,E,N,A,-,N,NA,NA,NA,NA,NA,NA,NA,NA,NA,Y,1,1,1,1,A,-,03,22350,NA,N,E,I,A,A,H,-,A,D,0,NA,NA,NA,NA,Y,NA,A,07,0,1,0,0,0,0,0,0,0,-,-,NA,NA,RIVERSIDE,MENIFEE,NA,NA
9641019,2024,2024-10-16,3309,2024-09-01,1724,118,3309,7,5,4,3309,0,0,0,NA,0,001,INDIO BL,FARGO ST,78,E,N,A,-,N,NA,NA,NA,NA,NA,NA,NA,NA,NA,N,1,1,4,3,A,-,01,23152,A,N,A,C,A,A,H,-,A,D,0,NA,NA,NA,NA,Y,Y,A,01,3,0,1,0,0,0,0,0,0,-,-,NA,NA,RIVERSIDE,INDIO,-116.21666717529295,33.72087478637695
9641022,2023,2024-10-21,3311,2023-09-03,1448,16128,NA,7,5,4,3311,0,0,0,NA,0,004,GENE AUTRY TRL,VIA ESCUELA,4672,N,N,F,G,N,NA,NA,NA,NA,NA,NA,NA,NA,NA,Y,1,3,2,3,A,-,03,22350,NA,N,C,C,A,A,H,-,A,D,0,NA,NA,NA,NA,Y,Y,D,22,0,2,0,0,0,0,0,0,0,-,-,33.848358154296875,-116.5067901611328,RIVERSIDE,PALM SPRINGS,-116.50582122802734,33.86129379272461
9641467,2023,2023-12-07,3302,2023-09-25,152,1215,3302,1,5,3,3302,0,0,0,NA,0,002,PENNSYLVANIA AV,6TH ST,172,S,N,A,-,N,NA,NA,NA,NA,NA,NA,NA,NA,NA,N,4,0,2,2,A,-,03,22350,NA,F,C,C,A,A,H,-,A,A,0,NA,NA,NA,NA,Y,NA,-,99,0,0,2,0,0,0,0,0,0,-,-,33.929359436035156,-116.9660873413086,RIVERSIDE,BEAUMONT,-116.96605682373048,33.92893981933594
9642698,2023,2023-11-17,3309,2023-09-16,1807,2303,3309,6,5,4,3309,0,0,0,NA,0,002,SHOWCASE PKWY,JACKSON ST,316,W,N,A,-,N,NA,NA,NA,NA,NA,NA,NA,NA,NA,N,4,0,1,2,A,-,09,21801,A,N,D,C,A,A,H,-,A,A,0,NA,NA,NA,NA,Y,NA,A,01,0,0,1,0,0,0,0,0,0,-,-,NA,NA,RIVERSIDE,INDIO,-116.2177734375,33.74211120605469
9645007,2024,2024-05-06,3325,2024-02-14,1313,2702,NA,3,5,4,3325,0,0,0,NA,0,NA,VARNER RD,MOUNTIAN VIEW RD,379,E,N,A,-,N,NA,NA,NA,NA,NA,NA,NA,NA,NA,Y,4,0,1,2,A,-,03,22350,NA,N,C,C,A,A,H,-,A,D,0,NA,NA,NA,NA,Y,NA,D,22,0,0,1,0,0,0,0,0,0,-,-,NA,NA,RIVERSIDE,CATHEDRAL CITY,-116.47452545166016,33.88567352294922
9645110,2024,2024-04-30,3325,2024-02-05,728,515,3325,1,5,4,3325,0,0,0,NA,0,003,VISTA CHINO,AVENIDA QUINTANA,0,NA,Y,A,-,N,NA,NA,NA,NA,NA,NA,NA,NA,NA,Y,3,0,1,2,A,-,12,21453,A,N,D,C,A,A,H,-,A,A,0,NA,NA,NA,NA,Y,NA,A,01,0,1,0,0,0,0,0,0,0,-,-,NA,NA,RIVERSIDE,CATHEDRAL CITY,-116.48458862304688,33.84484100341797
9647580,2023,2023-12-13,3309,2023-09-22,1518,2104,DESER,5,5,4,3309,0,0,0,NA,0,003,INDIO BL,VAN BUREN ST,0,NA,Y,A,-,N,NA,NA,NA,NA,NA,NA,NA,NA,NA,Y,3,0,2,2,A,-,12,21453,A,N,D,C,A,A,H,-,A,A,0,NA,NA,NA,NA,Y,NA,A,01,0,2,0,0,0,0,0,0,0,-,-,NA,NA,RIVERSIDE,INDIO,-116.19889068603516,33.70865249633789
9648532,2023,2024-01-30,3309,2023-10-25,1211,332,3309,3,5,4,3309,0,0,0,NA,0,004,AVE 50,HJORTH ST,0,NA,Y,A,-,N,NA,NA,NA,NA,NA,NA,NA,NA,NA,Y,2,0,2,2,A,-,12,22450,A,N,D,C,A,A,H,-,A,A,0,NA,NA,NA,NA,Y,Y,A,01,1,1,0,0,0,0,0,0,0,-,-,NA,NA,RIVERSIDE,INDIO,-116.24697875976563,33.68534469604492
9649378,2023,2024-02-16,3302,2023-12-19,1357,1186,NA,2,5,3,3302,0,0,0,NA,0,002,PENNSYLVANIA AV,10TH ST,0,NA,Y,A,-,N,NA,NA,NA,NA,NA,NA,NA,NA,NA,N,4,0,1,2,A,-,12,22450,A,F,D,C,A,A,H,-,A,A,0,NA,NA,NA,NA,Y,NA,-,NA,0,0,1,0,0,0,0,0,0,-,-,33.93552017211914,-116.96605682373048,RIVERSIDE,BEAUMONT,-116.96607208251952,33.935569763183594
9654875,2023,2024-02-17,3325,2023-12-04,1541,1908,DESER,1,5,4,3325,0,0,0,NA,0,003,DATE PALM DR,VISTA CHINO,41,S,N,A,-,N,NA,NA,NA,NA,NA,NA,NA,NA,NA,Y,4,0,1,2,A,-,01,23152,NA,N,D,C,A,A,H,-,A,A,0,NA,NA,Y,NA,Y,Y,C,06,0,0,1,0,0,0,0,0,1,-,-,NA,NA,RIVERSIDE,CATHEDRAL CITY,-116.45850372314452,33.84478759765625
9657471,2023,2024-02-06,3309,2023-12-13,104,2301,3309,3,5,4,3309,0,0,0,NA,0,005,INDIO BL,MADISON ST,182,W,N,A,-,N,NA,NA,NA,NA,NA,NA,NA,NA,NA,Y,3,0,1,1,A,-,08,22107,NA,N,E,J,A,A,H,-,C,D,0,NA,NA,NA,NA,Y,NA,A,08,0,1,0,0,0,0,0,0,0,-,-,NA,NA,RIVERSIDE,INDIO,-116.25188446044922,33.73865509033203
9658252,2024,2024-04-04,3325,2024-01-06,1156,20213,3325,6,5,4,3325,0,0,0,NA,0,003,VERONA RD,NORTADA DR,154,W,N,A,-,N,NA,NA,NA,NA,NA,NA,NA,NA,NA,N,3,0,2,1,A,-,08,22107,NA,N,H,J,A,A,H,-,A,D,0,NA,NA,Y,NA,Y,NA,C,02,0,2,0,0,0,0,0,0,2,-,-,NA,NA,RIVERSIDE,CATHEDRAL CITY,-116.48589324951172,33.85204315185547
9661114,2024,2024-03-29,3302,2024-01-10,734,1186,3302,3,5,3,3302,0,0,0,NA,0,002,PENNSYLVANIA AV,8TH ST,0,NA,Y,A,-,N,NA,NA,NA,NA,NA,NA,NA,NA,NA,Y,4,0,1,2,A,-,09,21800,A,N,D,C,A,A,H,-,A,A,0,NA,NA,NA,NA,Y,NA,A,07,0,0,1,0,0,0,0,0,0,-,-,33.93199920654297,-116.96600341796876,RIVERSIDE,BEAUMONT,-116.96604919433594,33.932491302490234
9679727,2023,2024-06-05,3309,2023-10-16,756,2011,3309,1,5,4,3309,0,0,0,NA,0,005,JEFFERSON ST,AVE 42,68,N,N,A,-,N,NA,NA,NA,NA,NA,NA,NA,NA,NA,Y,4,0,1,2,A,-,08,22100,B,N,A,C,A,A,H,-,A,A,0,NA,NA,NA,NA,Y,NA,A,01,0,0,1,0,0,0,0,0,0,-,-,NA,NA,RIVERSIDE,INDIO,-116.26474761962892,33.7410888671875
9683086,2023,2024-04-26,3313,2023-05-23,1652,1827,2,2,5,7,3313,0,0,0,NA,0,T43,MARTIN LUTHER KING BLVD,IOWA AVE,800,E,N,A,-,N,NA,NA,NA,NA,NA,NA,NA,NA,NA,Y,4,0,1,3,A,-,03,22350,NA,N,C,C,A,A,H,-,A,D,0,NA,NA,NA,NA,Y,NA,A,01,0,0,1,0,0,0,0,0,0,-,-,33.96841049194336,-117.3376693725586,RIVERSIDE,RIVERSIDE,-117.33728790283205,33.968170166015625
9683165,2022,2024-05-09,3313,2022-11-22,1659,0282,5,2,5,7,3313,0,0,0,NA,0,T48,LA SIERRA AV,CYPRESS AV,320,S,N,A,-,N,NA,NA,NA,NA,NA,NA,NA,NA,NA,Y,3,0,1,2,A,-,08,22107,NA,N,C,E,A,A,H,-,B,D,0,NA,NA,NA,NA,Y,NA,A,01,0,1,0,0,0,0,0,0,0,-,-,NA,NA,RIVERSIDE,RIVERSIDE,-117.49710845947266,33.93756103515625
9683179,2023,2024-05-09,3313,2023-10-30,1316,1798,4,1,5,7,3313,0,0,0,NA,0,M23,ADAMS ST,BRIARWOOD DR,4400,S,N,A,-,N,NA,NA,NA,NA,NA,NA,NA,NA,NA,NA,4,0,2,2,A,-,09,21801,A,N,D,C,A,A,H,-,A,D,0,NA,NA,NA,NA,Y,NA,A,07,0,0,2,0,0,0,0,0,0,-,-,33.92918014526367,-117.42134857177734,RIVERSIDE,RIVERSIDE,-117.41321563720705,33.919456481933594
9683191,2023,2024-05-14,3313,2023-09-24,1718,1827,2,7,5,7,3313,0,0,0,NA,0,T43,ARLINGTON AV,DURANGO RD,285,E,N,A,-,N,NA,NA,NA,NA,NA,NA,NA,NA,NA,NA,3,0,1,4,-,-,-,NA,A,N,A,C,A,A,H,-,A,D,0,NA,NA,NA,NA,Y,NA,A,01,0,1,0,0,0,0,0,0,0,-,-,NA,NA,RIVERSIDE,RIVERSIDE,-117.37833404541016,33.946495056152344
9683226,2023,2024-05-15,3313,2023-10-12,1518,1882,4,4,5,7,3313,0,0,0,NA,0,M20,INDIANA AV,TYLER ST,1000,E,N,A,-,N,NA,NA,NA,NA,NA,NA,NA,NA,NA,Y,3,0,2,2,A,-,09,21804,A,N,D,C,A,A,H,-,A,A,0,NA,NA,NA,NA,Y,NA,A,01,0,1,1,0,0,0,0,0,0,-,-,NA,NA,RIVERSIDE,RIVERSIDE,-117.45355224609376,33.90724563598633
9683826,2023,2024-05-15,3313,2023-08-28,1535,1827,2,1,5,7,3313,0,0,0,NA,0,T43,CENTRAL AV,VICTORIA AV,12,W,N,A,-,N,NA,NA,NA,NA,NA,NA,NA,NA,NA,NA,4,0,1,2,A,-,11,21456,A,N,G,B,B,A,H,-,A,A,0,Y,NA,NA,NA,Y,NA,N,60,0,0,1,0,1,0,0,0,0,-,-,NA,NA,RIVERSIDE,RIVERSIDE,-117.37049865722656,33.953609466552734
9685356,2024,2024-06-28,3313,2024-01-25,1551,1384,5,4,5,7,3313,0,0,0,NA,0,M17,SAMPSON AV,BUCHANAN ST,0,NA,Y,B,-,N,NA,NA,NA,NA,NA,NA,NA,NA,NA,N,4,0,1,2,A,-,00,24650,NA,N,G,C,A,A,H,-,A,A,0,NA,NA,NA,NA,Y,NA,M,94,0,0,1,0,0,0,0,0,0,-,-,33.89173126220703,-117.50025177001952,RIVERSIDE,RIVERSIDE,-117.49936676025392,33.891849517822266
9685945,2024,2024-07-29,3313,2024-05-10,955,1686,3,5,5,7,3313,0,0,0,NA,0,T58,VAN BUREN BL,BARTON ST,0,NA,Y,A,-,N,NA,NA,NA,NA,NA,NA,NA,NA,NA,Y,4,0,1,2,A,-,12,21453,A,N,D,C,A,A,H,-,A,A,0,NA,NA,NA,NA,Y,NA,-,-,0,0,1,0,0,0,0,0,0,-,-,33.88631820678711,-117.31484985351563,RIVERSIDE,RIVERSIDE,-117.31388092041016,33.88809585571289
9689237,2023,2024-04-23,3313,2023-12-10,1032,2033,2,7,5,7,3313,0,0,0,NA,0,2R27,RUSTIN AV,BLAINE ST,200,S,N,A,-,N,NA,NA,NA,NA,NA,NA,NA,NA,NA,Y,3,0,1,3,A,-,01,23152,A,N,B,E,A,A,H,-,A,D,0,NA,NA,NA,NA,Y,Y,A,01,0,1,0,0,0,0,0,0,0,-,-,33.98133087158203,-117.33492279052734,RIVERSIDE,RIVERSIDE,-117.33537292480467,33.982452392578125
9692254,2024,2024-05-22,3309,2024-03-24,1742,2217,3309,7,5,4,3309,0,0,0,NA,0,002,MONROE ST,AVE 44,0,NA,Y,A,-,N,NA,NA,NA,NA,NA,NA,NA,NA,NA,Y,4,0,1,2,A,-,12,21453,A,N,D,C,A,A,H,-,A,A,0,NA,NA,NA,NA,Y,NA,A,07,0,0,1,0,0,0,0,0,0,-,-,NA,NA,RIVERSIDE,INDIO,-116.23373413085938,33.733177185058594
9692466,2024,2024-06-07,3309,2024-04-03,1437,W2113,DESER,3,5,4,3309,0,0,0,NA,0,002,AVE 45,PALO VERDE AV,0,NA,Y,A,-,N,NA,NA,NA,NA,NA,NA,NA,NA,NA,Y,4,0,1,2,A,-,12,22450,NA,N,D,C,A,A,H,-,A,A,0,NA,NA,NA,NA,Y,NA,A,01,0,0,1,0,0,0,0,0,0,-,-,NA,NA,RIVERSIDE,INDIO,-116.21201324462892,33.722206115722656
9693684,2024,2024-06-26,3325,2024-04-14,1537,20206,3325,7,5,4,3325,0,0,0,NA,0,002,DATE PALM DR,MCCALLUM WY,55,N,N,A,-,N,NA,NA,NA,NA,NA,NA,NA,NA,NA,Y,4,0,1,2,A,-,03,22350,NA,N,C,C,A,A,H,-,A,A,0,NA,NA,NA,NA,Y,NA,A,01,0,0,1,0,0,0,0,0,0,-,-,NA,NA,RIVERSIDE,CATHEDRAL CITY,-116.4582748413086,33.823299407958984
9694389,2023,2024-05-28,3313,2023-07-07,2254,2100,3,5,5,7,3313,0,0,0,NA,0,NA,KRAMERIA AV,WOOD RD,33,W,N,A,-,N,NA,NA,NA,NA,NA,NA,NA,NA,NA,N,4,0,1,2,A,-,03,22350,NA,F,C,G,A,A,H,-,C,D,0,NA,Y,NA,NA,Y,NA,A,07,0,0,1,0,0,0,1,0,0,-,-,NA,NA,RIVERSIDE,RIVERSIDE,-117.33146667480467,33.88002395629883
9694468,2023,2024-11-01,3313,2023-10-06,1729,2120,3,5,5,7,3313,0,0,0,NA,0,T41,CANYON CREST DR,VIA VISTA,0,NA,Y,A,-,N,NA,NA,NA,NA,NA,NA,NA,NA,NA,Y,3,0,2,4,A,-,09,21802,A,N,D,C,A,A,H,-,A,A,0,NA,NA,NA,NA,Y,NA,D,82,0,2,0,0,0,0,0,0,0,-,-,33.93484878540039,-117.33570861816406,RIVERSIDE,RIVERSIDE,-117.33582305908205,33.934600830078125
9694557,2023,2024-05-01,3313,2023-08-17,1917,1882,5,4,5,7,3313,0,0,0,NA,0,M20,WELLS AV,WOHLSETTER ST,30,E,N,A,-,N,NA,NA,NA,NA,NA,NA,NA,NA,NA,Y,3,0,2,1,A,-,03,22350,NA,N,E,I,A,A,H,-,A,A,0,NA,NA,NA,NA,Y,NA,A,07,0,1,1,0,0,0,0,0,0,-,-,NA,NA,RIVERSIDE,RIVERSIDE,-117.46155548095705,33.935142517089844
9694565,2023,2024-04-25,3313,2023-03-10,1518,1882,5,5,5,7,3313,0,0,0,NA,0,M20,LA SIERRA AV,ORIOLE DR,10,S,N,A,C,NA,NA,NA,NA,NA,NA,NA,NA,NA,NA,Y,2,0,1,1,C,-,18,NA,NA,N,E,I,A,B,H,-,A,D,0,NA,NA,NA,NA,Y,NA,-,-,1,0,0,0,0,0,0,0,0,-,-,NA,NA,RIVERSIDE,RIVERSIDE,-117.49523162841795,33.93160629272461
9695016,2023,2024-05-10,3313,2023-01-20,2306,2047,5,5,5,7,3313,0,0,0,NA,0,1R59,WARREN ST,TREY AV,135,N,N,A,-,N,NA,NA,NA,NA,NA,NA,NA,NA,NA,N,4,0,1,2,A,-,08,22107,NA,F,B,E,A,A,H,-,C,A,0,NA,NA,NA,NA,Y,NA,A,01,0,0,1,0,0,0,0,0,0,-,-,33.94068908691406,-117.46011352539063,RIVERSIDE,RIVERSIDE,-117.46025848388672,33.94089889526367
9696898,2024,2024-05-31,3325,2024-04-03,2039,1701,3325,3,5,4,3325,0,0,0,NA,0,002,RAMON RD,DAVALL DR,0,NA,Y,A,-,N,NA,NA,NA,NA,NA,NA,NA,NA,NA,Y,4,0,1,2,A,-,08,22107,NA,N,B,C,A,A,H,-,C,A,0,NA,NA,NA,NA,Y,NA,A,01,0,0,1,0,0,0,0,0,0,-,-,NA,NA,RIVERSIDE,CATHEDRAL CITY,-116.44068145751952,33.81589889526367
9716963,2024,2024-09-10,3313,2024-05-24,1515,2164,4,5,5,7,3313,0,0,0,NA,0,T71,JURUPA AV,FLORENCE ST,0,NA,Y,A,-,N,NA,NA,NA,NA,NA,NA,NA,NA,NA,Y,3,0,1,2,A,-,03,22350,NA,N,C,C,A,A,H,-,A,A,0,NA,NA,NA,NA,Y,NA,A,01,0,1,0,0,0,0,0,0,0,-,-,33.96199035644531,-117.43081665039063,RIVERSIDE,RIVERSIDE,-117.4309310913086,33.96277618408203
9717026,2024,2024-07-31,3313,2024-06-04,1854,2164,2,2,5,7,3313,0,0,0,NA,0,T71,ROCKHILL WAY,IVY ST,0,NA,Y,A,-,N,NA,NA,NA,NA,NA,NA,NA,NA,NA,Y,3,0,1,1,A,-,03,22350,NA,N,H,J,A,A,H,-,A,D,0,NA,NA,Y,NA,Y,NA,C,02,0,1,0,0,0,0,0,0,1,-,-,NA,NA,RIVERSIDE,RIVERSIDE,-117.37705230712892,33.95964431762695
9717193,2024,2024-10-11,3309,2024-05-17,608,2213,3309,5,5,4,3309,0,0,0,NA,0,004,RT 111,DOCTOR CARREON BL,0,NA,Y,A,-,N,NA,NA,NA,NA,NA,NA,NA,NA,NA,Y,3,0,1,2,A,-,12,21453,NA,N,D,C,A,A,H,-,A,A,0,NA,NA,NA,NA,Y,NA,A,01,0,1,0,0,0,0,0,0,0,-,-,NA,NA,RIVERSIDE,INDIO,-116.2425537109375,33.707611083984375
9717456,2024,2024-10-24,3301,2024-03-27,1447,U539,3,3,5,4,3301,0,0,0,NA,0,003,W RAMSEY,N WOODLAND,4,E,N,A,-,N,NA,NA,NA,NA,NA,NA,NA,NA,NA,N,3,0,1,2,A,-,17,21209,NA,M,H,G,A,A,H,-,A,D,0,NA,Y,NA,NA,Y,NA,A,01,0,1,0,0,0,0,1,0,0,-,-,33.92723846435547,-116.90516662597656,RIVERSIDE,BANNING,-116.90512847900392,33.9256706237793
9717460,2024,2024-08-08,3309,2024-03-27,925,W2113,DESER,3,5,4,3309,0,0,0,NA,0,005,FRED WARING DR,AV 44,0,NA,Y,A,-,N,NA,NA,NA,NA,NA,NA,NA,NA,NA,Y,4,0,1,2,A,-,09,21801,A,N,D,C,A,A,H,-,A,A,0,NA,NA,NA,NA,Y,NA,A,07,0,0,1,0,0,0,0,0,0,-,-,NA,NA,RIVERSIDE,INDIO,-116.23553466796876,33.72920227050781
9718922,2024,2024-08-09,3309,2024-03-26,1532,W2113,DESER,2,5,4,3309,0,0,0,NA,0,005,JEFFERSON ST,NORTHGATE RD,0,NA,Y,A,C,N,NA,NA,NA,NA,NA,NA,NA,NA,NA,Y,4,0,1,2,A,-,09,21800,A,N,D,C,A,B,H,-,A,B,0,NA,NA,NA,NA,Y,NA,D,22,0,0,1,0,0,0,0,0,0,-,-,NA,NA,RIVERSIDE,INDIO,NA,NA