CASE_ID,ACCIDENT_YEAR,PROC_DATE,JURIS,COLLISION_DATE,COLLISION_TIME,OFFICER_ID,REPORTING_DISTRICT,DAY_OF_WEEK,CHP_SHIFT,POPULATION,CNTY_CITY_LOC,SPECIAL_COND,BEAT_TYPE,CHP_BEAT_TYPE,CITY_DIVISION_LAPD,CHP_BEAT_CLASS,BEAT_NUMBER,PRIMARY_RD,SECONDARY_RD,DISTANCE,DIRECTION,INTERSECTION,WEATHER_1,WEATHER_2,STATE_HWY_IND,CALTRANS_COUNTY,CALTRANS_DISTRICT,STATE_ROUTE,ROUTE_SUFFIX,POSTMILE_PREFIX,POSTMILE,LOCATION_TYPE,RAMP_INTERSECTION,SIDE_OF_HWY,TOW_AWAY,COLLISION_SEVERITY,NUMBER_KILLED,NUMBER_INJURED,PARTY_COUNT,PRIMARY_COLL_FACTOR,PCF_CODE_OF_VIOL,PCF_VIOL_CATEGORY,PCF_VIOLATION,PCF_VIOL_SUBSECTION,HIT_AND_RUN,TYPE_OF_COLLISION,MVIW,PED_ACTION,ROAD_SURFACE,ROAD_COND_1,ROAD_COND_2,LIGHTING,CONTROL_DEVICE,CHP_ROAD_TYPE,PEDESTRIAN_ACCIDENT,BICYCLE_ACCIDENT,MOTORCYCLE_ACCIDENT,TRUCK_ACCIDENT,NOT_PRIVATE_PROPERTY,ALCOHOL_INVOLVED,STWD_VEHTYPE_AT_FAULT,CHP_VEHTYPE_AT_FAULT,COUNT_SEVERE_INJ,COUNT_VISIBLE_INJ,COUNT_COMPLAINT_PAIN,COUNT_PED_KILLED,COUNT_PED_INJURED,COUNT_BICYCLIST_KILLED,COUNT_BICYCLIST_INJURED,COUNT_MC_KILLED,COUNT_MC_INJURED,PRIMARY_RAMP,SECONDARY_RAMP,LATITUDE,LONGITUDE,COUNTY,CITY,POINT_X,POINT_Y
6467391,2014,2014-07-22,9630,2014-04-04,1937,020645,NA,5,2,9,3300,0,3,5,NA,2,005,55TH AV,DEERFERN PL,0,NA,Y,A,-,N,NA,NA,NA,NA,NA,NA,NA,NA,NA,N,3,0,2,2,A,-,12,22450,A,N,H,G,A,A,H,-,C,A,0,NA,Y,NA,NA,Y,NA,L,04,0,2,0,0,0,0,2,0,0,-,-,33.64948,-116.21432,RIVERSIDE,UNINCORPORATED,-116.21438,33.649429
6469421,2014,2014-06-19,3306,2014-01-06,0745,087,3306,1,5,3,3306,0,0,0,NA,0,NA,12TH ST,SANTA CRUZ RD,0,NA,Y,A,-,N,NA,NA,NA,NA,NA,NA,NA,NA,NA,N,2,0,1,2,A,-,11,21950,B,N,G,B,D,A,H,-,A,A,0,Y,NA,NA,NA,Y,NA,N,60,1,0,0,0,1,0,0,0,0,-,-,NA,NA,RIVERSIDE,DESERT HOT SPRINGS,-116.50704005,33.97235011
6470367,2014,2016-04-16,9840,2014-04-24,1115,16342,NA,4,1,6,3315,0,1,3,NA,2,031,RT 91,RT 15,50,W,N,A,-,Y,RIV,8,91,-,-,7.44,H,-,E,N,4,0,1,2,A,-,07,21658,A,N,B,C,A,A,H,-,A,D,1,NA,NA,NA,NA,Y,NA,D,22,0,0,1,0,0,0,0,0,0,-,-,33.8817,-117.54774,RIVERSIDE,CORONA,-117.54745867,33.88173997
6470556,2014,2016-04-16,9840,2014-04-24,1715,13500,NA,4,2,7,3313,0,1,3,NA,2,020,RT 91,TYLER ST,2000,E,N,A,-,Y,RIV,8,91,-,-,13.44,H,-,E,Y,4,0,2,3,A,-,03,22350,NA,N,C,C,A,A,H,-,A,D,1,NA,NA,NA,NA,Y,NA,D,22,0,0,2,0,0,0,0,0,0,-,-,33.91002,-117.45007,RIVERSIDE,RIVERSIDE,-117.45110993,33.909517460000004
6472493,2014,2014-07-22,3302,2014-04-11,2500,727,3302,5,5,3,3302,0,0,0,NA,0,002,HIGHLAND SPRINGS AV,JOSHUA PALMER,150,S,N,A,-,N,NA,NA,NA,NA,NA,NA,NA,NA,NA,N,4,0,1,2,A,-,03,22350,NA,N,C,C,A,A,H,-,A,A,0,NA,NA,NA,NA,Y,NA,J,48,0,0,1,0,0,0,0,0,0,-,-,NA,NA,RIVERSIDE,BEAUMONT,-116.94688,33.92727936
6474913,2014,2014-07-10,3313,2014-04-22,0850,1068,W,2,5,7,3313,0,0,0,NA,0,0FC,INDIANA AV,LA SIERRA AV,0,NA,Y,A,-,N,NA,NA,NA,NA,NA,NA,NA,NA,NA,N,4,0,1,2,D,-,00,NA,NA,N,C,C,A,A,H,-,A,D,0,NA,NA,NA,NA,Y,NA,-,-,0,0,1,0,0,0,0,0,0,-,-,NA,NA,RIVERSIDE,RIVERSIDE,-117.47117008,33.89720005
6475803,2014,2014-07-18,9630,2014-04-17,1635,13022,NA,4,2,9,3300,0,3,5,NA,2,002,AVENIDA DESCANSO,CAMINO IDILIO,0,NA,Y,A,-,N,NA,NA,NA,NA,NA,NA,NA,NA,NA,Y,4,0,1,2,A,-,12,22450,A,N,D,C,A,A,H,-,A,D,0,NA,NA,NA,NA,Y,NA,A,01,0,0,1,0,0,0,0,0,0,-,-,33.92854,-116.49783,RIVERSIDE,UNINCORPORATED,-116.49749006,33.92857005
6479939,2014,2014-07-09,9655,2014-04-30,2200,017720,NA,3,3,9,3300,0,3,5,NA,2,003,GILMAN SPRINGS RD,BRIDGE ST,2641,E,N,A,-,N,NA,NA,NA,NA,NA,NA,NA,NA,NA,Y,3,0,1,1,A,-,08,22107,NA,N,E,I,A,A,H,-,D,D,0,NA,NA,NA,NA,Y,NA,A,07,0,1,0,0,0,0,0,0,0,-,-,33.86672,-117.03544,RIVERSIDE,UNINCORPORATED,-117.06288605,33.88456589
6481733,2014,2014-07-12,9840,2014-04-29,0512,015663,NA,2,3,9,3300,0,3,5,NA,2,004,SAN JACINTO AV,LUKENS LN,70,W,N,A,-,N,NA,NA,NA,NA,NA,NA,NA,NA,NA,Y,3,0,2,2,A,-,05,21650,NA,N,B,C,A,A,-,-,B,D,0,NA,NA,NA,NA,Y,NA,A,01,0,1,1,0,0,0,0,0,0,-,-,NA,NA,RIVERSIDE,UNINCORPORATED,-117.26148966,33.7865
6482977,2014,2014-07-17,3313,2014-04-10,2215,1601,CENTR,4,5,7,3313,0,0,0,NA,0,C310,HILLSIDE AV,CENTRAL AV,18,N,N,A,-,N,NA,NA,NA,NA,NA,NA,NA,NA,NA,N,3,0,1,2,A,-,08,22107,NA,N,D,G,A,A,H,-,C,A,0,NA,Y,NA,NA,Y,NA,L,04,0,1,0,0,0,0,1,0,0,-,-,NA,NA,RIVERSIDE,RIVERSIDE,-117.42747247,33.95331892
6483619,2014,2016-04-16,9840,2014-05-03,1035,19242,NA,6,1,6,3315,0,1,3,NA,2,030,RT 91,LINCOLN AV,400,W,N,A,-,Y,RIV,8,91,-,-,5.3,H,-,W,Y,4,0,2,3,A,-,03,22350,NA,F,C,C,A,A,H,-,A,D,1,NA,NA,NA,NA,Y,NA,A,01,0,0,2,0,0,0,0,0,0,-,-,33.87654,-117.62836,RIVERSIDE,CORONA,-117.58389724,33.8821051
6485409,2014,2014-07-16,3311,2014-04-20,1452,15896,NA,7,5,4,3311,0,0,0,NA,0,002,SUNRISE WY,VIA ESCUELA,0,NA,Y,A,-,N,NA,NA,NA,NA,NA,NA,NA,NA,NA,Y,4,0,1,2,A,-,12,21453,A,N,D,C,A,A,H,-,A,A,0,NA,NA,NA,NA,Y,NA,A,08,0,0,1,0,0,0,0,0,0,-,-,NA,NA,RIVERSIDE,PALM SPRINGS,-116.52817007,33.84848001
6486916,2014,2014-07-18,3300,2014-04-19,2132,4765,82E2,6,5,3,3305,0,0,0,NA,0,082,HARRISON ST,53RD AV,0,NA,Y,A,-,N,NA,NA,NA,NA,NA,NA,NA,NA,NA,Y,4,0,2,3,A,-,01,23152,A,N,D,C,A,A,H,-,C,A,0,NA,NA,NA,NA,Y,Y,A,01,0,0,2,0,0,0,0,0,0,-,-,NA,NA,RIVERSIDE,COACHELLA,-116.18195003,33.66382006
6487310,2014,2014-07-15,3300,2014-04-25,1722,N4224,603C2,5,5,6,3394,0,0,0,NA,0,036,CACTUS AV,KITCHING ST,0,NA,Y,B,-,N,NA,NA,NA,NA,NA,NA,NA,NA,NA,Y,4,0,1,2,A,-,03,22350,NA,N,C,C,A,A,H,-,B,A,0,NA,NA,NA,NA,Y,NA,A,01,0,0,1,0,0,0,0,0,0,-,-,NA,NA,RIVERSIDE,MORENO VALLEY,-117.2173401,33.91006011
6488842,2014,2014-07-31,3313,2014-05-12,0928,1792,NORTH,1,5,7,3313,0,0,0,NA,0,T70,MAGNOLIA AV,15TH ST,0,NA,Y,A,-,N,NA,NA,NA,NA,NA,NA,NA,NA,NA,N,3,0,1,2,A,-,08,22100,B,M,B,G,A,A,H,-,A,A,0,NA,Y,NA,NA,Y,NA,L,04,0,1,0,0,0,0,1,0,0,-,-,NA,NA,RIVERSIDE,RIVERSIDE,-117.38094007,33.97518011
6491558,2014,2014-07-26,9655,2014-05-17,1615,15795,NA,6,2,9,3300,0,3,5,NA,2,003,STANFORD ST,WHITTIER AV,0,NA,Y,A,-,N,NA,NA,NA,NA,NA,NA,NA,NA,NA,N,4,0,2,2,A,-,09,21802,A,N,D,C,A,A,H,-,A,A,0,NA,NA,NA,NA,Y,NA,A,01,0,0,2,0,0,0,0,0,0,-,-,33.737,-116.93262,RIVERSIDE,UNINCORPORATED,-116.93250012,33.73682011
6491927,2014,2016-04-16,9840,2014-05-15,2100,17037,NA,4,2,4,3344,0,1,1,NA,2,011,RT 15,CANTU GALLEANO RANCH RD,500,N,N,A,-,Y,RIV,8,15,-,-,50.22,H,-,S,Y,4,0,1,3,A,-,03,22350,NA,N,C,C,A,A,H,-,C,D,1,NA,NA,NA,NA,Y,NA,A,01,0,0,1,0,0,0,0,0,0,-,-,34.00997,-117.55063,RIVERSIDE,EASTVALE,-117.55052007,34.00356852
6491947,2014,2014-07-29,9840,2014-05-15,1420,17169,NA,4,2,9,3300,0,3,5,NA,2,003,WEIRICK RD,KNABE RD,200,E,N,A,-,N,NA,NA,NA,NA,NA,NA,NA,NA,NA,Y,4,0,2,2,A,-,08,22107,NA,N,B,C,A,A,H,-,A,D,0,NA,NA,NA,NA,Y,NA,A,01,0,0,2,0,0,0,0,0,0,-,-,33.80633,-117.50885,RIVERSIDE,UNINCORPORATED,-117.50886625,33.80641375
6491987,2014,2016-04-16,9840,2014-05-10,1746,19874,NA,6,2,6,3315,0,1,3,NA,2,030,RT 91,SMITH AV,500,E,N,A,-,Y,RIV,8,91,-,-,4.25,H,-,E,N,4,0,1,3,A,-,03,22350,NA,N,C,C,A,A,H,-,A,D,1,NA,NA,NA,NA,Y,NA,A,01,0,0,1,0,0,0,0,0,0,-,-,33.88188,-117.59183,RIVERSIDE,CORONA,-117.60198834,33.88035282
6491991,2014,2016-04-19,9840,2014-05-13,2120,19844,NA,2,2,6,3394,0,1,3,NA,2,025,RT 60,DAY ST,2300,E,N,A,-,Y,RIV,8,60,-,-,13.78,H,-,W,Y,4,0,3,2,A,-,03,22350,NA,N,C,C,A,A,H,-,D,D,1,NA,NA,NA,NA,Y,NA,A,01,0,0,3,0,0,0,0,0,0,-,-,33.94144,-117.27138,RIVERSIDE,MORENO VALLEY,-117.27108553,33.94139098
6493149,2014,2016-04-16,9630,2014-05-13,2235,15339,NA,2,3,4,3311,0,1,1,NA,2,010,RT 10,NORTH INDIAN CANYON DR,1584,W,N,A,-,Y,RIV,8,10,-,-,32.83,H,-,W,Y,4,0,1,3,A,-,03,22350,NA,F,C,C,A,A,H,-,D,D,1,NA,NA,NA,Y,Y,NA,G,25,0,0,1,0,0,0,0,0,0,-,-,33.9051,-116.55151,RIVERSIDE,PALM SPRINGS,-116.55055056,33.90505786
6493959,2014,2014-07-24,3313,2014-05-18,0048,1290,C,7,5,7,3313,0,0,0,NA,0,A329,ARLINGTON AV,PEGASUS ST,90,E,N,A,-,N,NA,NA,NA,NA,NA,NA,NA,NA,NA,Y,3,0,1,1,A,-,08,22107,NA,N,E,I,A,A,H,-,C,D,0,NA,NA,NA,NA,Y,NA,D,22,0,1,0,0,0,0,0,0,0,-,-,NA,NA,RIVERSIDE,RIVERSIDE,-117.4508141,33.94588
6495746,2014,2015-03-27,9840,2014-05-27,2205,019650,NA,2,3,6,3315,0,1,1,NA,2,034,RT 15,EL CERRITO RD,40,S,N,A,-,Y,NA,NA,15,NA,NA,NA,NA,NA,NA,Y,4,0,1,1,A,-,08,22107,NA,N,E,I,A,A,H,-,D,D,0,NA,NA,NA,NA,Y,NA,D,22,0,0,1,0,0,0,0,0,0,-,-,33.83153,-117.52933,RIVERSIDE,CORONA,-117.52923086,33.83158595
6498951,2014,2014-08-01,3300,2014-05-07,1810,3212,905K,3,5,4,3307,0,0,0,NA,0,094,LAKE ST,AMBERHILL RANCH RD,0,NA,Y,A,-,N,NA,NA,NA,NA,NA,NA,NA,NA,NA,Y,4,0,1,2,A,-,09,21453,C,N,D,C,A,A,H,-,A,A,0,NA,NA,NA,NA,Y,NA,A,01,0,0,1,0,0,0,0,0,0,-,-,NA,NA,RIVERSIDE,LAKE ELSINORE,-117.38935,33.70501
6499483,2014,2014-07-29,3300,2014-05-22,1644,N4654,910H,4,5,5,3335,0,0,0,NA,0,063,RANCHO CALIFORNIA RD,COSMIC DR,416,W,N,A,-,N,NA,NA,NA,NA,NA,NA,NA,NA,NA,Y,4,0,2,3,A,-,03,22350,NA,N,C,C,A,A,H,-,A,A,0,NA,NA,NA,NA,Y,NA,D,22,0,0,2,0,0,0,0,0,0,-,-,NA,NA,RIVERSIDE,TEMECULA,-117.13410881,33.50836794
6502795,2014,2014-07-28,3313,2014-05-15,0808,1026,N,4,5,7,3313,0,0,0,NA,0,T52,LIME ST,UNIVERSITY AV,0,NA,Y,A,-,N,NA,NA,NA,NA,NA,NA,NA,NA,NA,Y,3,0,2,2,A,-,09,21801,A,N,A,C,A,A,H,-,A,A,0,NA,NA,NA,NA,Y,NA,A,07,0,1,1,0,0,0,0,0,0,-,-,NA,NA,RIVERSIDE,RIVERSIDE,-117.37098006,33.98027001
6502897,2014,2015-03-18,9630,2014-05-26,1155,12477,NA,1,1,9,3300,0,3,5,NA,2,005,MIRAMAR DR,PLEASANT VIEW DR,130,N,N,A,-,N,NA,NA,NA,NA,NA,NA,NA,NA,NA,Y,4,0,1,1,A,-,03,22350,NA,N,E,I,A,A,H,-,A,D,0,NA,NA,NA,NA,Y,NA,A,07,0,0,1,0,0,0,0,0,0,-,-,33.53,-115.9362,RIVERSIDE,UNINCORPORATED,-115.93615919,33.53000362
6504019,2014,2014-07-31,9630,2014-05-22,0040,020570,NA,4,3,9,3300,0,2,4,NA,2,018,PALM DR,20TH AV,1584,N,N,A,-,N,NA,NA,NA,NA,NA,NA,NA,NA,NA,Y,4,0,1,1,A,-,03,22350,NA,N,E,I,A,A,H,-,D,D,0,NA,NA,NA,NA,Y,NA,D,22,0,0,1,0,0,0,0,0,0,-,-,33.90912,-116.50149,RIVERSIDE,UNINCORPORATED,-116.50161864,33.90755493
6504035,2014,2016-04-16,9630,2014-05-22,2300,20570,NA,4,3,9,3300,0,1,1,NA,2,020,RT 10,BOB HOPE DR,7920,W,N,A,-,Y,RIV,8,10,-,-,41.65,H,-,W,Y,4,0,1,2,A,-,03,22350,NA,N,C,C,A,A,H,-,D,D,1,NA,NA,NA,Y,Y,NA,G,25,0,0,1,0,0,0,0,0,0,-,-,33.83834,-116.43965,RIVERSIDE,UNINCORPORATED,-116.42771257,33.83136396
6504163,2014,2016-04-16,9630,2014-05-31,2215,020570,NA,6,3,9,3300,0,1,3,NA,1,074,RT 74,PALOWET DR,9504,W,N,A,-,Y,RIV,8,74,-,-,90.54,H,-,E,Y,3,0,6,3,A,-,08,22107,NA,N,A,C,A,A,H,-,D,D,0,NA,NA,NA,NA,Y,NA,A,01,0,5,1,0,0,0,0,0,0,-,-,33.6501,-116.3961,RIVERSIDE,UNINCORPORATED,-116.39622936,33.65612896
6504211,2014,2014-07-25,3309,2014-05-15,1851,251,NA,4,5,4,3309,0,0,0,NA,0,003,MONROE ST,RT 111,332,S,N,A,-,N,NA,NA,NA,NA,NA,NA,NA,NA,NA,N,4,0,1,2,A,-,09,21804,A,N,G,B,C,A,H,-,A,D,0,Y,NA,NA,NA,Y,NA,A,01,0,0,1,0,1,0,0,0,0,-,-,NA,NA,RIVERSIDE,INDIO,-116.23383,33.71366171
6504557,2014,2014-07-28,3313,2014-05-21,1558,1073,WEST,3,5,7,3313,0,0,0,NA,0,T42,MAGNOLIA AV,TYLER ST,614,W,N,A,-,N,NA,NA,NA,NA,NA,NA,NA,NA,NA,N,4,0,1,2,A,-,03,22350,NA,N,C,C,A,A,H,-,A,D,0,NA,NA,NA,NA,Y,NA,A,01,0,0,1,0,0,0,0,0,0,-,-,NA,NA,RIVERSIDE,RIVERSIDE,-117.46320017,33.91099366
6505688,2014,2014-08-04,3313,2014-05-26,0928,1349,C,1,5,7,3313,0,0,0,NA,0,S23,INDIAN AV,MADISON AV,375,E,N,A,-,N,NA,NA,NA,NA,NA,NA,NA,NA,NA,N,3,0,1,1,B,-,22,NA,NA,N,F,A,A,A,H,-,A,D,0,NA,NA,Y,NA,Y,NA,C,02,0,1,0,0,0,0,0,0,1,-,-,NA,NA,RIVERSIDE,RIVERSIDE,-117.40334817,33.9357747
6505691,2014,2014-07-29,3313,2014-05-28,1212,127,CENTE,3,5,7,3313,0,0,0,NA,0,T53,MAGNOLIA AV,OVERLAND ST,0,NA,Y,A,-,N,NA,NA,NA,NA,NA,NA,NA,NA,NA,N,4,0,1,2,A,-,09,21801,A,N,D,C,A,A,H,-,A,A,0,NA,NA,NA,NA,Y,NA,A,01,0,0,1,0,0,0,0,0,0,-,-,NA,NA,RIVERSIDE,RIVERSIDE,-117.43474009,33.92714006
6505825,2014,2014-08-08,3300,2014-05-18,1748,4571,602E2,7,5,6,3394,0,0,0,NA,0,028,SUNNYMEAD BL,KITCHING ST,141,W,N,A,-,N,NA,NA,NA,NA,NA,NA,NA,NA,NA,N,4,0,1,2,A,-,03,22350,NA,N,C,C,A,A,H,-,A,A,0,NA,NA,NA,NA,Y,NA,A,01,0,0,1,0,0,0,0,0,0,-,-,NA,NA,RIVERSIDE,MORENO VALLEY,-117.21809329,33.93889878
6505836,2014,2016-04-16,3311,2014-05-25,1757,15855,3311,7,5,4,3311,0,0,0,NA,0,002,E VISTA CHINO,CHAPARRAL RD,0,NA,Y,A,-,Y,RIV,8,111,-,T,53.78,H,-,N,Y,3,0,2,2,A,-,07,21658,A,N,D,C,A,A,H,-,A,-,0,NA,NA,NA,NA,Y,NA,A,07,0,1,1,0,0,0,0,0,0,-,-,NA,NA,RIVERSIDE,PALM SPRINGS,-116.54391903,33.84490025
6506358,2014,2014-07-17,3300,2014-04-18,1637,4254,905C,5,5,4,3307,0,0,0,NA,0,090,POPPY WY,BAYWOOD ST,0,NA,Y,A,-,N,NA,NA,NA,NA,NA,NA,NA,NA,NA,N,3,0,1,2,A,-,11,21954,A,N,D,B,D,-,A,H,A,D,0,Y,NA,NA,NA,Y,NA,N,60,0,1,0,0,1,0,0,0,0,-,-,NA,NA,RIVERSIDE,LAKE ELSINORE,-117.25959002,33.66223001
6506463,2014,2014-07-18,3300,2014-04-29,1904,3280,910F,2,5,5,3335,0,0,0,NA,0,062,YNEZ RD,TOWN CENTER NORTH,0,NA,Y,A,-,N,NA,NA,NA,NA,NA,NA,NA,NA,NA,N,4,0,1,2,A,-,17,21451,A,N,D,C,A,A,H,-,A,B,0,NA,NA,NA,NA,Y,NA,A,01,0,0,1,0,0,0,0,0,0,-,-,NA,NA,RIVERSIDE,TEMECULA,-117.14994001,33.50569007
6506955,2014,2014-08-06,3313,2014-06-12,1630,1506,CNTR,4,5,7,3313,0,0,0,NA,0,C330,JURUPA AV,JASMINE ST,0,NA,Y,A,-,N,NA,NA,NA,NA,NA,NA,NA,NA,NA,Y,3,0,1,2,A,-,12,21453,A,N,D,C,A,A,H,-,A,A,0,NA,NA,NA,NA,Y,NA,A,01,0,1,0,0,0,0,0,0,0,-,-,NA,NA,RIVERSIDE,RIVERSIDE,-117.44068001,33.96081009
6507280,2014,2016-04-16,9685,2014-06-15,1415,13006,NA,7,2,5,3335,0,1,1,NA,2,030,RT 15,SANTIAGO,138,S,N,A,-,Y,RIV,8,15,-,-,4.1,H,-,S,Y,4,0,2,2,A,-,03,22350,NA,N,C,C,A,A,H,-,A,D,1,NA,NA,NA,NA,Y,NA,D,22,0,0,2,0,0,0,0,0,0,-,-,NA,NA,RIVERSIDE,TEMECULA,-117.14436272,33.49015007
6508801,2014,2016-04-19,9840,2014-05-05,2325,19844,NA,1,3,6,3394,0,1,1,NA,2,023,RT 215,FAIR ISLE DR,1530,S,N,A,-,Y,RIV,8,215,-,R,38.32,H,-,N,Y,4,0,1,2,A,-,01,23152,A,M,C,C,A,A,H,-,D,D,1,NA,NA,NA,NA,Y,Y,A,07,0,0,1,0,0,0,0,0,0,-,-,33.94601,-117.29671,RIVERSIDE,MORENO VALLEY,-117.29242809,33.94377411
6510678,2014,2014-08-23,3313,2014-06-01,1646,581,CENTR,7,5,7,3313,0,0,0,NA,0,C320,MYERS ST,VICTORIA AV,0,NA,Y,A,-,N,NA,NA,NA,NA,NA,NA,NA,NA,NA,N,4,0,2,2,A,-,09,21802,A,N,D,C,A,A,H,-,A,A,0,NA,NA,NA,NA,Y,NA,A,07,0,0,2,0,0,0,0,0,0,-,-,NA,NA,RIVERSIDE,RIVERSIDE,-117.43757001,33.90268007
6511687,2014,2014-07-29,3300,2014-05-28,1646,N3626,001L4,3,5,6,3345,0,0,0,NA,0,016,MISSION BL,MINTERN ST,11,W,N,A,-,N,NA,NA,NA,NA,NA,NA,NA,NA,NA,N,4,0,2,2,A,-,08,22100,B,N,D,C,A,A,H,-,A,D,0,NA,NA,NA,NA,Y,NA,A,01,0,0,2,0,0,0,0,0,0,-,-,NA,NA,RIVERSIDE,JURUPA VALLEY,-117.40424102,33.99556551
6512068,2014,2014-08-08,3300,2014-06-09,1420,N2647,901C,1,5,4,3310,0,0,0,NA,0,051,2ND ST,PACIFIC,130,W,N,A,-,N,NA,NA,NA,NA,NA,NA,NA,NA,NA,N,3,0,1,2,A,-,06,21755,NA,F,H,J,A,A,H,-,A,D,0,NA,NA,Y,NA,Y,NA,A,01,0,1,0,0,0,0,0,0,1,-,-,NA,NA,RIVERSIDE,NORCO,-117.57182728,33.90946947
6512208,2014,2014-08-01,3313,2014-05-31,1913,1703,W,6,5,7,3313,0,0,0,NA,0,C410,FILLMORE ST,INWOOD DR,0,NA,Y,A,-,N,NA,NA,NA,NA,NA,NA,NA,NA,NA,N,3,0,1,2,A,-,11,21955,NA,N,G,B,D,A,H,-,A,D,0,Y,NA,NA,NA,Y,NA,N,60,0,1,0,0,1,0,0,0,0,-,-,NA,NA,RIVERSIDE,RIVERSIDE,-117.47816013,33.89255008
6512940,2014,2014-08-11,3313,2014-06-05,1609,1523,CENTR,4,5,7,3313,0,0,0,NA,0,T44,CALIFORNIA AV,MELROSE ST,13,W,N,A,-,N,NA,NA,NA,NA,NA,NA,NA,NA,NA,Y,4,0,1,2,A,-,09,21802,A,N,D,C,A,A,H,-,A,A,0,NA,NA,NA,NA,Y,NA,A,01,0,0,1,0,0,0,0,0,0,-,-,NA,NA,RIVERSIDE,RIVERSIDE,-117.41852514,33.94544973
6514057,2014,2014-08-11,3302,2014-06-06,2500,727,3302,5,5,3,3302,0,0,0,NA,0,002,HIGHLAND SPRINGS AV,EAST 6TH ST,186,S,N,A,-,N,NA,NA,NA,NA,NA,NA,NA,NA,NA,N,4,0,1,2,A,-,09,21801,A,N,D,C,A,A,H,-,A,A,0,NA,NA,NA,NA,Y,NA,A,08,0,0,1,0,0,0,0,0,0,-,-,NA,NA,RIVERSIDE,BEAUMONT,-116.94688812,33.92895279
6517151,2014,2016-04-16,9685,2014-06-13,1804,12453,NA,5,2,3,3343,0,1,1,NA,2,010,RT 15,BAXTER RD,1064,N,N,A,-,Y,RIV,8,15,-,-,14.87,H,-,S,Y,4,0,1,1,A,-,08,22107,NA,N,F,I,A,A,H,-,A,D,1,NA,NA,NA,NA,Y,NA,A,01,0,0,1,0,0,0,0,0,0,-,-,33.61475,-117.26237,RIVERSIDE,WILDOMAR,-117.25823869,33.61002157
6517731,2014,2015-04-08,9840,2014-06-01,0242,018677,NA,7,3,7,3313,0,1,1,NA,2,023,RT 215,FAIR ISLE DR,4224,S,N,A,-,Y,RIV,8,215,-,R,37.81,H,-,S,Y,4,0,1,2,A,-,01,23152,A,N,A,C,A,A,H,-,C,D,1,NA,NA,NA,NA,Y,Y,A,01,0,0,1,0,0,0,0,0,0,-,-,33.9417,-117.29167,RIVERSIDE,RIVERSIDE,-117.29062188,33.93650424
6518419,2014,2015-03-12,9840,2014-06-01,0110,017037,NA,7,3,6,3345,0,1,3,NA,2,010,RT 60,RT 15,100,W,N,A,-,Y,RIV,8,60,-,R,0.46,H,-,E,Y,4,0,1,2,A,-,03,22350,NA,N,C,C,A,A,H,-,C,D,1,NA,NA,NA,NA,Y,NA,A,01,0,0,1,0,0,0,0,0,0,-,-,34.02116,-117.54897,RIVERSIDE,JURUPA VALLEY,-117.55087848,34.02180232
6518451,2014,2015-04-08,9840,2014-06-05,0715,12075,NA,4,1,7,3313,0,1,1,NA,2,024,RT 215,ALESSANDRO BL,1000,N,N,A,-,Y,RIV,8,215,-,R,36.61,H,-,N,Y,4,0,1,2,A,-,03,22350,NA,N,C,C,A,A,H,-,A,D,1,NA,NA,NA,NA,Y,NA,A,01,0,0,1,0,0,0,0,0,0,-,-,33.91948,-117.28789,RIVERSIDE,RIVERSIDE,-117.28821536,33.91944329
6518626,2014,2016-04-16,3313,2014-05-27,1057,1787,C,2,5,7,3313,0,0,0,NA,0,T71,TYLER ST,RT 91,0,NA,Y,A,-,Y,RIV,8,91,-,-,13.205,R,4,E,Y,4,0,1,2,A,-,12,21453,A,N,D,C,A,A,H,-,A,A,0,NA,NA,NA,NA,Y,NA,A,01,0,0,1,0,0,0,0,0,0,-,EO,NA,NA,RIVERSIDE,RIVERSIDE,-117.45451001,33.90758068
6523455,2014,2015-03-12,3311,2014-04-17,1745,15562,3311,4,5,4,3311,0,0,0,NA,0,002,N HERMOSA DR,E ALEJO RD,200,S,N,A,-,N,NA,NA,NA,NA,NA,NA,NA,NA,NA,Y,4,0,1,2,A,-,01,23152,A,N,A,E,A,A,H,-,B,D,0,NA,NA,NA,NA,Y,Y,A,01,0,0,1,0,0,0,0,0,0,-,-,NA,NA,RIVERSIDE,PALM SPRINGS,-116.53258322,33.82976262
6523691,2014,2015-02-09,9630,2014-06-06,0540,019325,NA,5,3,9,3300,0,1,1,NA,2,301,RT 10,FRONTAGE RD,15840,E,N,A,-,Y,RIV,8,10,-,R,77.16,H,-,E,Y,2,0,1,1,A,-,08,22107,NA,N,F,A,A,A,H,-,A,D,1,NA,NA,NA,NA,Y,NA,A,08,1,0,0,0,0,0,0,0,0,-,-,33.66339,-115.85974,RIVERSIDE,UNINCORPORATED,-115.87815967,33.66453422
6525045,2014,2016-04-16,9840,2014-06-04,0318,15800,NA,3,3,6,3315,0,1,3,NA,2,031,RT 91,MAIN ST,152,E,N,A,-,Y,RIV,8,91,-,-,6.41,H,-,E,Y,4,0,1,2,A,-,03,22350,NA,N,C,C,A,A,H,-,D,D,1,NA,NA,NA,NA,Y,NA,A,01,0,0,1,0,0,0,0,0,0,-,-,33.87942,-117.56263,RIVERSIDE,CORONA,-117.56479979,33.87986928
6527400,2014,2014-07-18,3313,2014-04-16,1252,127,EAST,3,5,7,3313,0,0,0,NA,0,T53,UNIVERSITY AV,KANSAS AV,0,NA,Y,A,-,N,NA,NA,NA,NA,NA,NA,NA,NA,NA,Y,3,0,2,2,A,-,12,21453,A,N,D,C,A,A,H,-,A,A,0,NA,NA,NA,NA,Y,NA,A,01,0,2,0,0,0,0,0,0,0,-,-,NA,NA,RIVERSIDE,RIVERSIDE,-117.35718012,33.9756501
6527451,2014,2014-07-18,3313,2014-04-15,0034,354,N,2,5,7,3313,0,0,0,NA,0,010,MISSION INN AV,LOCUST ST,135,E,N,A,-,N,NA,NA,NA,NA,NA,NA,NA,NA,NA,Y,3,0,1,4,A,-,08,22107,NA,N,B,E,A,A,H,-,C,-,0,NA,NA,NA,NA,Y,NA,A,08,0,1,0,0,0,0,0,0,0,-,-,NA,NA,RIVERSIDE,RIVERSIDE,-117.37925279,33.98547897
6528269,2014,2014-08-13,3313,2014-06-17,1006,127,WEST,2,5,7,3313,0,0,0,NA,0,T53,CAMPBELL AV,TYLER ST,350,W,N,A,-,N,NA,NA,NA,NA,NA,NA,NA,NA,NA,Y,3,0,1,2,A,-,09,21801,A,N,A,C,A,A,H,-,A,D,0,NA,NA,NA,NA,Y,NA,A,01,0,1,0,0,0,0,0,0,0,-,-,NA,NA,RIVERSIDE,RIVERSIDE,-117.48018145,33.93612906