CASE_ID,ACCIDENT_YEAR,PROC_DATE,JURIS,COLLISION_DATE,COLLISION_TIME,OFFICER_ID,REPORTING_DISTRICT,DAY_OF_WEEK,CHP_SHIFT,POPULATION,CNTY_CITY_LOC,SPECIAL_COND,BEAT_TYPE,CHP_BEAT_TYPE,CITY_DIVISION_LAPD,CHP_BEAT_CLASS,BEAT_NUMBER,PRIMARY_RD,SECONDARY_RD,DISTANCE,DIRECTION,INTERSECTION,WEATHER_1,WEATHER_2,STATE_HWY_IND,CALTRANS_COUNTY,CALTRANS_DISTRICT,STATE_ROUTE,ROUTE_SUFFIX,POSTMILE_PREFIX,POSTMILE,LOCATION_TYPE,RAMP_INTERSECTION,SIDE_OF_HWY,TOW_AWAY,COLLISION_SEVERITY,NUMBER_KILLED,NUMBER_INJURED,PARTY_COUNT,PRIMARY_COLL_FACTOR,PCF_CODE_OF_VIOL,PCF_VIOL_CATEGORY,PCF_VIOLATION,PCF_VIOL_SUBSECTION,HIT_AND_RUN,TYPE_OF_COLLISION,MVIW,PED_ACTION,ROAD_SURFACE,ROAD_COND_1,ROAD_COND_2,LIGHTING,CONTROL_DEVICE,CHP_ROAD_TYPE,PEDESTRIAN_ACCIDENT,BICYCLE_ACCIDENT,MOTORCYCLE_ACCIDENT,TRUCK_ACCIDENT,NOT_PRIVATE_PROPERTY,ALCOHOL_INVOLVED,STWD_VEHTYPE_AT_FAULT,CHP_VEHTYPE_AT_FAULT,COUNT_SEVERE_INJ,COUNT_VISIBLE_INJ,COUNT_COMPLAINT_PAIN,COUNT_PED_KILLED,COUNT_PED_INJURED,COUNT_BICYCLIST_KILLED,COUNT_BICYCLIST_INJURED,COUNT_MC_KILLED,COUNT_MC_INJURED,PRIMARY_RAMP,SECONDARY_RAMP,LATITUDE,LONGITUDE,COUNTY,CITY,POINT_X,POINT_Y
6593553,2014,2014-09-03,3308,2014-06-29,1745,10467,508,7,5,5,3308,0,0,0,NA,0,SOUTH,PARK AV,MENLO AV,251,N,N,A,-,N,NA,NA,NA,NA,NA,NA,NA,NA,NA,Y,3,0,1,1,A,-,01,23152,A,N,F,-,A,A,H,-,A,D,0,NA,NA,NA,NA,Y,Y,A,01,0,1,0,0,0,0,0,0,0,-,-,NA,NA,RIVERSIDE,HEMET,-116.95057974,33.75912375
6593733,2014,2015-04-25,3300,2014-07-20,0216,3940,002,7,5,6,3345,0,0,0,NA,0,0216,LIMONITE,DODD ST,29,W,N,A,-,N,NA,NA,NA,NA,NA,NA,NA,NA,NA,Y,4,0,3,2,A,-,03,22350,NA,M,C,C,A,A,H,-,D,D,0,NA,NA,NA,NA,Y,Y,A,07,0,0,3,0,0,0,0,0,0,-,-,NA,NA,RIVERSIDE,JURUPA VALLEY,-117.50920539,33.97535
6593959,2014,2014-08-26,3300,2014-07-14,1511,3690,806B,1,5,3,3343,0,0,0,NA,0,086,CLINTON KEITH RD,SALIDA DEL SOL,0,NA,Y,A,-,N,NA,NA,NA,NA,NA,NA,NA,NA,NA,N,4,0,1,2,A,-,09,21804,A,N,D,C,A,A,-,-,A,A,0,NA,NA,NA,NA,Y,NA,A,01,0,0,1,0,0,0,0,0,0,-,-,NA,NA,RIVERSIDE,WILDOMAR,-117.23248007,33.59773001
6594564,2014,2014-09-05,3300,2014-07-31,1904,3555,0024,4,5,6,3345,0,0,0,NA,0,024,LIMONITE AV,ARCHER ST,34,W,N,A,-,N,NA,NA,NA,NA,NA,NA,NA,NA,NA,N,4,0,2,2,A,-,04,21703,NA,N,C,C,A,A,H,-,A,A,0,NA,NA,NA,NA,Y,NA,A,08,0,0,2,0,0,0,0,0,0,-,-,NA,NA,RIVERSIDE,JURUPA VALLEY,-117.47885183,33.97554
6594688,2014,2014-09-05,3300,2014-07-24,1829,4752,507D,4,5,5,3341,0,0,0,NA,0,056,NEWPORT RD,NEWPORT RD EXIT FROM RT 215 S,40,W,N,A,-,N,NA,NA,NA,NA,NA,NA,NA,NA,NA,Y,4,0,1,1,A,-,08,22107,NA,N,E,I,A,A,H,-,A,A,0,NA,NA,NA,NA,Y,NA,A,01,0,0,1,0,0,0,0,0,0,-,-,NA,NA,RIVERSIDE,MENIFEE,NA,NA
6594786,2014,2014-09-18,3300,2014-08-19,1728,3280,910E,2,5,5,3335,0,0,0,NA,0,061,JEFFERSON AV,SANBORN AV,53,N,N,A,-,N,NA,NA,NA,NA,NA,NA,NA,NA,NA,N,4,0,1,3,A,-,03,22350,NA,N,C,C,A,A,H,-,A,A,0,NA,NA,NA,NA,Y,NA,D,22,0,0,1,0,0,0,0,0,0,-,-,NA,NA,RIVERSIDE,TEMECULA,-117.16839968,33.52420633
6595773,2014,2014-09-08,3313,2014-08-02,2001,1523,WEST,6,5,7,3313,0,0,0,NA,0,T44,ARLINGTON AV,TYLER ST,0,NA,Y,C,-,N,NA,NA,NA,NA,NA,NA,NA,NA,NA,Y,3,0,3,2,A,-,12,21453,A,N,D,C,A,B,H,-,C,A,0,NA,NA,NA,NA,Y,NA,A,07,0,2,1,0,0,0,0,0,0,-,-,NA,NA,RIVERSIDE,RIVERSIDE,-117.4776201,33.94657007
6596689,2014,2016-04-30,3313,2014-08-07,0530,1488,C,4,5,7,3313,0,0,0,NA,0,M20,ADAMS ST,RT 91,0,NA,Y,A,-,Y,RIV,8,91,-,-,15.781,R,3,E,N,3,0,1,2,A,-,-,NA,NA,N,-,B,B,A,H,-,B,A,0,Y,NA,NA,NA,Y,NA,D,22,0,1,0,0,1,0,0,0,0,-,WO,NA,NA,RIVERSIDE,RIVERSIDE,-117.41748105,33.92863283
6597703,2014,2016-01-15,3300,2014-08-03,1915,3212,905H,7,5,4,3307,0,0,0,NA,0,093,RIVERSIDE DR,ALBERTSONS,0,NA,Y,B,-,N,NA,NA,NA,NA,NA,NA,NA,NA,NA,N,3,0,1,2,A,-,11,21954,A,N,G,B,E,B,H,-,A,A,0,Y,NA,NA,NA,Y,NA,N,60,0,1,0,0,1,0,0,0,0,-,-,NA,NA,RIVERSIDE,LAKE ELSINORE,-117.365828,33.685461
6597715,2014,2016-04-30,9840,2014-08-07,2105,18849,NA,4,2,6,3315,0,1,3,NA,2,031,RT 91,MCKINLEY ST,100,W,N,A,-,Y,RIV,8,91,-,-,9.16,H,-,W,Y,3,0,1,2,A,-,03,22350,NA,N,C,C,A,A,H,-,D,D,1,NA,NA,Y,NA,Y,NA,C,02,0,1,0,0,0,0,0,0,1,-,-,33.88639,-117.51807,RIVERSIDE,CORONA,-117.51833511,33.88619476
6597719,2014,2016-05-06,9840,2014-08-12,1235,12191,NA,2,1,9,3300,0,1,1,NA,2,040,RT 215,HARLEY KNOX BL,75,N,N,A,-,Y,RIV,8,215,-,R,32.33,H,-,S,Y,3,0,2,2,A,-,03,22350,NA,N,C,C,A,A,H,-,A,D,1,NA,NA,NA,NA,Y,NA,A,01,0,1,1,0,0,0,0,0,0,-,-,33.86239,-117.25986,RIVERSIDE,UNINCORPORATED,-117.2598288,33.86265023
6598252,2014,2014-09-11,3313,2014-08-03,1710,1096,CENTR,7,5,7,3313,0,0,0,NA,0,T43,ORCHARD ST,JEFFERSON ST,62,E,N,B,F,N,NA,NA,NA,NA,NA,NA,NA,NA,NA,Y,4,0,1,2,A,-,01,23152,A,N,D,C,A,A,H,-,A,D,0,NA,NA,NA,NA,Y,Y,D,22,0,0,1,0,0,0,0,0,0,-,-,NA,NA,RIVERSIDE,RIVERSIDE,-117.41379132,33.93375534
6600131,2014,2015-03-12,3313,2014-08-21,0100,1222,EAST,4,5,7,3313,0,0,0,NA,0,T41,PARK AV,PARK AV 3937,0,NA,Y,A,-,N,NA,NA,NA,NA,NA,NA,NA,NA,NA,Y,4,0,2,1,A,-,03,22350,NA,N,E,J,A,A,H,-,C,D,0,NA,NA,NA,NA,Y,NA,-,NA,0,0,2,0,0,0,0,0,0,-,-,NA,NA,RIVERSIDE,RIVERSIDE,NA,NA
6600234,2014,2016-04-30,9840,2014-08-25,1250,018611,NA,1,1,6,3315,0,1,3,NA,2,031,RT 91,MAIN ST,1100,E,N,A,-,Y,RIV,8,91,-,-,6.59,H,-,E,N,4,0,1,3,A,-,03,22350,NA,N,C,C,A,A,H,-,A,D,1,NA,NA,NA,NA,Y,NA,D,22,0,0,1,0,0,0,0,0,0,-,-,33.87905,-117.55681,RIVERSIDE,CORONA,-117.56164433,33.8794963
6601523,2014,2016-04-30,9685,2014-08-04,0905,012187,NA,1,1,9,3300,0,1,3,NA,1,031,RT 79,JEAN NICHOLAS RD,30,S,N,A,-,Y,RIV,8,79,-,R,9.33,H,-,S,N,4,0,2,2,A,-,17,35100,A,N,H,C,A,A,H,-,A,D,0,NA,NA,NA,NA,Y,NA,K,45,0,0,2,0,0,0,0,0,0,-,-,33.60714,-117.1109,RIVERSIDE,UNINCORPORATED,-117.11034796,33.60760488
6602211,2014,2014-09-15,3301,2014-08-08,0620,U388,39,5,5,4,3301,0,0,0,NA,0,002,WILSON ST,APEX ST,0,NA,Y,A,-,N,NA,NA,NA,NA,NA,NA,NA,NA,NA,Y,3,0,3,2,A,-,12,22450,A,N,D,C,A,A,H,-,A,A,0,NA,NA,NA,NA,Y,NA,A,01,0,1,2,0,0,0,0,0,0,-,-,33.93274,-116.93813,RIVERSIDE,BANNING,-116.9381385,33.932673
6603679,2014,2016-04-30,9655,2014-08-19,0900,012408,NA,2,1,9,3300,0,1,3,NA,2,315,RT 79,HOLLAND RD,40,N,N,A,-,Y,RIV,8,79,-,R,14.14,H,-,S,Y,4,0,2,2,A,-,03,22350,NA,N,C,C,A,A,D,-,A,A,0,NA,NA,NA,NA,Y,NA,A,07,0,0,2,0,0,0,0,0,0,-,-,33.67155,-117.08498,RIVERSIDE,UNINCORPORATED,-117.08479309,33.6709611
6603775,2014,2014-09-10,9840,2014-08-17,0615,017765,NA,7,1,9,3300,0,2,4,NA,2,045,EL SOBRANTE RD,CAJALCO RD,1750,N,N,A,-,N,NA,NA,NA,NA,NA,NA,NA,NA,NA,Y,3,0,1,2,A,-,01,23152,A,N,D,C,A,A,H,-,A,D,0,NA,NA,NA,NA,Y,Y,A,01,0,1,0,0,0,0,0,0,0,-,-,33.83653,-117.36665,RIVERSIDE,UNINCORPORATED,-117.36736334,33.83797434
6604050,2014,2014-09-10,3300,2014-08-13,0943,4809,910A,3,5,5,3335,0,0,0,NA,0,062,YNEZ RD,OVERLAND DR,0,NA,Y,A,-,N,NA,NA,NA,NA,NA,NA,NA,NA,NA,Y,4,0,2,2,A,-,12,21453,A,N,D,C,A,A,H,-,A,A,0,NA,NA,NA,NA,Y,NA,A,01,0,0,2,0,0,0,0,0,0,-,-,NA,NA,RIVERSIDE,TEMECULA,-117.15657003,33.51993003
6604157,2014,2016-03-01,9655,2014-08-08,1130,018146,NA,5,1,9,3300,0,3,5,NA,2,003,MERIDIAN ST,ACACIA AV,0,NA,Y,A,-,N,NA,NA,NA,NA,NA,NA,NA,NA,NA,Y,4,0,2,2,A,-,12,22450,A,N,D,C,A,A,H,-,A,A,0,NA,NA,NA,NA,Y,NA,A,01,0,0,2,0,0,0,0,0,0,-,-,33.74394,-116.92816,RIVERSIDE,UNINCORPORATED,-116.92817005,33.74408006
6606476,2014,2014-09-08,3300,2014-07-02,1213,N4575,504A,3,5,5,3341,0,0,0,NA,0,054,BRADLEY RD,AUGUSTA DR,12,S,N,A,-,N,NA,NA,NA,NA,NA,NA,NA,NA,NA,Y,4,0,1,2,A,-,12,22450,A,N,H,C,A,A,H,-,A,A,0,NA,NA,NA,NA,Y,NA,A,01,0,0,1,0,0,0,0,0,0,-,-,NA,NA,RIVERSIDE,MENIFEE,-117.18872922,33.70783713
6606480,2014,2014-09-08,3300,2014-07-12,2301,3838,001A,6,5,6,3345,0,0,0,NA,0,010,MARKET ST,AGUA MANSA RD,0,NA,Y,A,-,N,NA,NA,NA,NA,NA,NA,NA,NA,NA,Y,4,0,1,2,A,-,12,22450,A,N,A,C,A,A,A,-,D,A,0,NA,NA,NA,NA,Y,NA,-,NA,0,0,1,0,0,0,0,0,0,-,-,NA,NA,RIVERSIDE,JURUPA VALLEY,-117.38735011,34.01900006
6606898,2014,2016-04-30,9840,2014-08-24,1410,018727,NA,7,2,6,3315,0,1,1,NA,2,034,RT 15,PARKRIDGE AV,525,S,N,A,-,Y,RIV,8,15,-,-,41.72,H,-,S,Y,4,0,2,2,A,-,03,22350,NA,N,C,C,A,A,H,-,A,D,1,NA,NA,NA,NA,Y,NA,A,01,0,0,2,0,0,0,0,0,0,-,-,33.89145,-117.55555,RIVERSIDE,CORONA,-117.54947135,33.88481535
6609300,2014,2014-09-12,9655,2014-08-19,0710,013757,NA,2,1,9,3300,0,3,5,NA,2,003,CORNELL ST,MAYBERRY AV,4,N,N,B,-,N,NA,NA,NA,NA,NA,NA,NA,NA,NA,N,3,0,1,2,A,-,09,21800,C,N,D,G,A,A,H,-,A,A,0,NA,Y,NA,NA,Y,NA,L,04,0,1,0,0,0,0,1,0,0,-,-,33.74054,-116.94128,RIVERSIDE,UNINCORPORATED,-116.9412,33.74044095
6609316,2014,2016-04-30,9655,2014-08-24,0920,013641,NA,7,1,9,3300,0,1,3,NA,1,118,RT 74,RT 371,15840,E,N,A,-,Y,RIV,8,74,-,-,74.79,H,-,E,Y,4,0,1,1,A,-,08,22107,NA,N,E,I,A,A,H,-,A,D,0,NA,NA,NA,NA,Y,NA,A,01,0,0,1,0,0,0,0,0,0,-,-,33.5625,-116.55354,RIVERSIDE,UNINCORPORATED,-116.54323444,33.56108127
6609340,2014,2016-04-30,9655,2014-08-30,1800,18262,NA,6,2,9,3300,0,1,3,NA,2,213,RT 79,COUNTY LANDFILL RD,6336,N,N,A,-,Y,RIV,8,79,-,-,38.47,H,-,S,Y,4,0,1,1,A,-,08,22107,NA,N,E,I,A,A,H,-,A,D,0,NA,NA,NA,NA,Y,NA,A,01,0,0,1,0,0,0,0,0,0,-,-,33.59939,-116.98716,RIVERSIDE,UNINCORPORATED,-116.98622858,33.90011577
6609344,2014,2014-09-12,9655,2014-08-27,0800,012408,NA,3,1,9,3300,0,3,5,NA,2,003,CORNELL ST,TAVA LN,15,S,N,A,-,N,NA,NA,NA,NA,NA,NA,NA,NA,NA,N,2,0,1,2,A,-,08,22107,NA,F,G,B,E,A,H,-,A,D,0,Y,NA,NA,NA,Y,NA,A,08,1,0,0,0,1,0,0,0,0,-,-,33.73881,-116.94115,RIVERSIDE,UNINCORPORATED,-116.94119,33.73892892
6614838,2014,2014-09-18,9840,2014-08-31,1837,16358,NA,7,2,9,3300,0,2,4,NA,2,042,MOCKINGBIRD CANYON RD,VAN BUREN BL,2000,S,N,A,-,N,NA,NA,NA,NA,NA,NA,NA,NA,NA,Y,4,0,1,2,A,-,09,21801,A,N,D,C,A,A,H,-,A,D,0,NA,NA,NA,NA,Y,NA,A,07,0,0,1,0,0,0,0,0,0,-,-,33.07874,-117.40077,RIVERSIDE,UNINCORPORATED,-117.40173874,33.87985326
6614858,2014,2016-04-30,9840,2014-08-23,1440,016497,NA,6,2,6,3315,0,1,3,NA,2,031,RT 91,MCKINLEY ST,1056,E,N,A,-,Y,RIV,8,91,-,-,9.4,H,-,E,Y,4,0,3,2,A,-,03,22350,NA,N,C,C,A,A,H,-,A,D,1,NA,NA,NA,NA,Y,NA,A,01,0,0,3,0,0,0,0,0,0,-,-,33.88865,-117.51244,RIVERSIDE,CORONA,-117.51456519,33.88770464
6617334,2014,2014-09-15,3300,2014-06-03,1000,4338,920E,2,5,4,3314,0,0,0,NA,0,070,STATE ST,7TH ST,90,N,N,A,-,N,NA,NA,NA,NA,NA,NA,NA,NA,NA,Y,3,0,1,2,A,-,09,21801,A,N,D,C,A,A,H,-,A,D,0,NA,NA,Y,NA,Y,NA,A,01,0,1,0,0,0,0,0,0,1,-,-,NA,NA,RIVERSIDE,SAN JACINTO,-116.9719,33.78043647
6617775,2014,2016-05-06,9840,2014-07-26,1025,19242,NA,6,1,7,3313,0,1,1,NA,2,022,RT 215,COLUMBIA AV,300,S,N,A,-,Y,RIV,8,215,-,-,43.84,H,-,S,N,4,0,1,2,A,-,03,22350,NA,N,C,C,A,A,D,-,A,D,1,NA,NA,NA,NA,Y,NA,A,01,0,0,1,0,0,0,0,0,0,-,-,33.00416,-117.35269,RIVERSIDE,RIVERSIDE,-117.35264101,34.00054159
6618014,2014,2014-09-22,3300,2014-08-27,0914,N2646,603A4,3,5,6,3394,0,0,0,NA,0,032,SPINNAKER LN,DRESSIN DR,206,N,N,A,-,N,NA,NA,NA,NA,NA,NA,NA,NA,NA,N,4,0,2,3,A,-,05,21650,NA,N,B,E,A,A,H,-,A,A,0,NA,NA,NA,NA,Y,NA,A,01,0,0,2,0,0,0,0,0,0,-,-,NA,NA,RIVERSIDE,MORENO VALLEY,-117.24132023,33.90449349
6619154,2014,2016-02-23,3300,2014-02-10,2227,016150,NA,1,5,4,3307,0,0,0,NA,0,NA,RT 74,TRELLIS LN,446,W,N,B,-,Y,RIV,8,74,-,-,18.82,H,-,E,Y,2,0,1,1,A,-,08,22107,NA,N,E,I,A,A,H,-,D,D,0,NA,NA,NA,NA,Y,NA,J,48,1,0,0,0,0,0,0,0,0,-,-,33.70886,-117.32036,RIVERSIDE,LAKE ELSINORE,-117.32058665,33.70858148
6619158,2014,2014-09-23,9685,2014-04-12,0045,017013,NA,6,3,9,3300,0,3,5,NA,2,003,SAGE RD,E BENTON,3696,S,N,A,-,N,NA,NA,NA,NA,NA,NA,NA,NA,NA,Y,4,0,1,1,A,-,08,22107,NA,N,E,I,A,A,H,-,D,D,0,NA,NA,NA,NA,Y,NA,J,48,0,0,1,0,0,0,0,0,0,-,-,33.5764,-116.92876,RIVERSIDE,UNINCORPORATED,-116.92660828,33.57305207
6620163,2014,2016-05-05,9685,2014-08-30,1230,015750,NA,6,1,5,3341,0,1,1,NA,2,020,RT 215,MCCALL BL,1000,N,N,A,-,Y,RIV,8,215,-,R,21.03,H,-,S,Y,4,0,2,3,A,-,03,22350,NA,N,C,C,A,A,H,-,A,D,1,NA,NA,NA,NA,Y,NA,A,01,0,0,2,0,0,0,0,0,0,-,-,33.71682,-117.18974,RIVERSIDE,MENIFEE,-117.18928418,33.71790897
6620380,2014,2014-10-06,3300,2014-06-21,1529,N3162,D001,6,5,6,3345,0,0,0,NA,0,014,SKYVIEW RD,AVENUE JUAN BAUTISTA,359,E,N,A,-,N,NA,NA,NA,NA,NA,NA,NA,NA,NA,N,4,0,1,2,A,-,08,22107,NA,N,C,E,A,A,H,-,A,D,0,NA,NA,NA,NA,Y,NA,I,11,0,0,1,0,0,0,0,0,0,-,-,NA,NA,RIVERSIDE,JURUPA VALLEY,-117.43375,33.98559
6623206,2014,2014-09-25,3300,2014-07-16,1550,4629,901C,3,5,4,3310,0,0,0,NA,0,051,2ND ST,PARKRIDGE AV,21,E,N,A,-,N,NA,NA,NA,NA,NA,NA,NA,NA,NA,Y,4,0,2,2,A,-,04,21703,NA,N,C,C,A,A,H,-,A,D,0,NA,NA,NA,NA,Y,NA,-,-,0,0,2,0,0,0,0,0,0,-,-,NA,NA,RIVERSIDE,NORCO,-117.57829098,33.90949
6623246,2014,2014-09-22,3300,2014-07-25,0415,4301,0120,5,5,4,3344,0,0,0,NA,0,065,CARROLLTON PL,CITRUS AV,350,N,N,A,-,N,NA,NA,NA,NA,NA,NA,NA,NA,NA,Y,3,0,1,2,A,-,08,22107,NA,N,C,E,A,A,H,-,C,D,0,NA,NA,NA,NA,Y,NA,A,01,0,1,0,0,0,0,0,0,0,-,-,NA,NA,RIVERSIDE,EASTVALE,-117.56216,33.95277915
6623299,2014,2016-04-16,9685,2014-05-13,1607,12752,NA,2,2,5,3335,0,1,1,NA,2,030,RT 15,RANCHO CALIFORNIA RD,4815,N,N,A,-,Y,RIV,8,15,-,-,5.88,H,-,N,Y,3,0,1,2,A,-,03,22350,NA,N,C,C,A,A,H,-,A,D,1,NA,NA,Y,NA,Y,NA,C,02,0,1,0,0,0,0,0,0,1,-,-,33.51067,-117.15555,RIVERSIDE,TEMECULA,-117.15685903,33.51324394
6623444,2014,2016-04-30,9840,2014-09-06,0800,019242,NA,6,1,7,3313,0,1,3,NA,2,021,RT 91,14TH ST,100,W,N,A,-,Y,RIV,8,91,-,-,19.98,H,-,W,Y,4,0,1,2,A,-,08,22107,NA,N,E,I,A,A,H,-,A,D,1,NA,NA,NA,NA,Y,NA,A,01,0,0,1,0,0,0,0,0,0,-,-,33.97196,-117.37458,RIVERSIDE,RIVERSIDE,-117.37348783,33.97353082
6624254,2014,2015-05-04,3313,2014-08-02,0803,1736,N,6,5,7,3313,0,0,0,NA,0,B117,MAIN ST,STRONG ST,135,S,N,A,-,N,NA,NA,NA,NA,NA,NA,NA,NA,NA,Y,3,0,1,2,A,-,09,21804,A,N,-,C,A,A,H,-,A,D,0,NA,NA,Y,NA,Y,NA,A,01,0,1,0,0,0,0,0,0,1,-,-,NA,NA,RIVERSIDE,RIVERSIDE,-117.36428227,34.00033119
6625987,2014,2015-01-09,3300,2014-08-21,1920,4338,920C,4,5,4,3314,0,0,0,NA,0,070,SANDERSON AV,7TH ST,0,NA,Y,-,-,N,NA,NA,NA,NA,NA,NA,NA,NA,NA,Y,4,0,2,3,A,-,12,21453,A,N,D,C,A,-,-,-,-,A,0,NA,NA,NA,NA,Y,NA,A,07,0,0,2,0,0,0,0,0,0,-,-,33.780030000000004,-117.00672,RIVERSIDE,SAN JACINTO,-117.00672,33.7800201
6626118,2014,2016-04-30,9630,2014-08-31,0552,019325,NA,7,3,4,3325,0,1,1,NA,2,020,RT 10,DATE PALM DR,6336,W,N,A,-,Y,RIV,8,10,-,-,38.29,H,-,W,Y,2,0,1,2,A,-,01,23152,A,N,C,C,A,A,H,-,B,A,1,NA,NA,NA,NA,Y,Y,A,01,1,0,0,0,0,0,0,0,0,-,-,33.86029,-116.47635,RIVERSIDE,CATHEDRAL CITY,-116.47535948,33.85956598
6628507,2014,2016-04-16,9685,2014-04-06,0130,016724,NA,7,3,4,3342,0,1,1,NA,2,034,RT 215,CLINTON KEITH RD,250,S,N,A,-,Y,RIV,8,215,-,R,12.307,R,2,N,NA,4,0,1,1,A,-,01,23152,A,N,B,I,A,A,H,-,D,D,1,NA,NA,NA,NA,Y,Y,A,01,0,0,1,0,0,0,0,0,0,-,-,33.59635,-117.17594,RIVERSIDE,MURRIETA,-117.17625563,33.59612946
6629261,2014,2014-10-31,9840,2014-09-03,0414,15663,NA,3,3,7,3313,0,3,5,NA,2,002,LA SIERRA AV,CLEVELAND AV,87,N,N,A,-,N,NA,NA,NA,NA,NA,NA,NA,NA,NA,Y,3,0,1,1,A,-,01,23152,A,N,E,I,A,A,H,-,C,D,0,NA,NA,NA,NA,Y,Y,A,01,0,1,0,0,0,0,0,0,0,-,-,NA,NA,RIVERSIDE,RIVERSIDE,-117.46096841,33.88482138
6629265,2014,2016-04-30,9840,2014-09-12,1355,017169,NA,5,1,6,3315,0,1,3,NA,2,030,RT 91,GREEN RIVER RD,1056,E,N,A,-,Y,RIV,8,91,-,R,1.23,H,-,E,Y,4,0,1,2,A,-,03,22350,NA,N,C,C,A,A,D,-,A,D,1,NA,NA,NA,NA,Y,NA,A,01,0,0,1,0,0,0,0,0,0,-,-,33.8809,-117.65017,RIVERSIDE,CORONA,-117.65470443,33.87992196
6630022,2014,2014-09-25,3300,2014-06-30,1246,N3162,D002,1,5,6,3345,0,0,0,NA,0,B22,LANDON DR,WINEVILLE RD,893,E,N,A,-,N,NA,NA,NA,NA,NA,NA,NA,NA,NA,N,4,0,1,2,A,-,09,21804,A,N,D,C,A,A,H,-,A,D,0,NA,NA,Y,NA,Y,NA,A,01,0,0,1,0,0,0,0,0,1,-,-,NA,NA,RIVERSIDE,JURUPA VALLEY,-117.54208,33.99827
6631125,2014,2014-10-01,3300,2014-08-22,0730,4071,601E3,5,5,6,3394,0,0,0,NA,0,MV16,IRONWOOD AV,NITA DR,87,W,N,A,-,N,NA,NA,NA,NA,NA,NA,NA,NA,NA,N,4,0,1,3,A,-,04,21703,NA,N,C,C,A,A,H,-,A,D,0,NA,NA,NA,NA,Y,NA,A,01,0,0,1,0,0,0,0,0,0,-,-,NA,NA,RIVERSIDE,MORENO VALLEY,-117.23724597,33.94664
6631562,2014,2016-04-30,9655,2014-09-14,1832,017784,NA,7,2,3,3302,0,1,1,NA,2,202,RT 10,OAK VALLEY PKWY,1056,E,N,A,-,Y,RIV,8,10,-,R,5.73,H,-,W,Y,3,0,1,2,A,-,07,21658,A,N,B,C,A,A,H,-,A,D,1,NA,NA,NA,Y,Y,NA,-,-,0,1,0,0,0,0,0,0,0,-,-,33.93841,-116.9973,RIVERSIDE,BEAUMONT,-117.00084352,33.94255511
6632470,2014,2014-10-09,3313,2014-09-07,1153,1096,WEST,7,5,7,3313,0,0,0,NA,0,T43,COLLETT AV,PIERCE ST,0,NA,Y,A,-,N,NA,NA,NA,NA,NA,NA,NA,NA,NA,Y,4,0,4,2,A,-,12,21453,A,N,D,C,A,A,H,-,A,A,0,NA,NA,NA,NA,Y,NA,A,01,0,0,4,0,0,0,0,0,0,-,-,NA,NA,RIVERSIDE,RIVERSIDE,-117.49753,33.90299008
6632485,2014,2016-04-29,3313,2014-09-01,1734,1073,NORTH,1,5,7,3313,0,0,0,NA,0,T42,RIVERSIDE DR,RT 91,66,N,N,A,-,Y,RIV,8,91,-,-,17.983,R,4,W,N,2,0,3,1,A,-,03,22350,NA,N,E,I,A,A,H,-,A,D,0,NA,NA,NA,NA,Y,NA,A,01,1,1,1,0,0,0,0,0,0,-,WF,NA,NA,RIVERSIDE,RIVERSIDE,-117.38713286,33.94775862
6632618,2014,2014-09-26,3308,2014-07-25,0947,10219,517,5,5,5,3308,0,0,0,NA,0,NORTH,SAN JACINTO ST,LATHAM AV,0,NA,Y,A,-,N,NA,NA,NA,NA,NA,NA,NA,NA,NA,N,4,0,1,2,A,-,05,21650,NA,N,D,G,A,A,H,-,A,A,0,NA,Y,NA,NA,Y,NA,L,04,0,0,1,0,0,0,1,0,0,-,-,NA,NA,RIVERSIDE,HEMET,-116.95866008,33.74941003
6633022,2014,2014-12-10,3300,2014-09-11,0555,3031,44D1,4,5,3,3392,0,0,0,NA,0,LA44,MONROE ST,AVE 53,0,NA,Y,A,-,N,NA,NA,NA,NA,NA,NA,NA,NA,NA,Y,3,0,2,2,A,-,03,22350,NA,N,D,C,A,A,H,-,B,D,0,NA,NA,NA,Y,Y,NA,A,01,0,2,0,0,0,0,0,0,0,-,-,NA,NA,RIVERSIDE,LA QUINTA,-116.23394,33.66385005
6633052,2014,2016-04-30,9840,2014-09-13,1700,17459,NA,6,2,6,3315,0,1,3,NA,2,311,RT 91,BUCHANAN ST,500,W,N,A,-,Y,RIV,8,91,-,-,10.2,H,-,W,N,4,0,1,4,A,-,07,21658,A,N,E,I,A,A,D,H,A,D,1,NA,NA,NA,NA,Y,NA,D,22,0,0,1,0,0,0,0,0,0,-,-,33.88905,-117.63314,RIVERSIDE,CORONA,-117.50258595,33.89364722
6635950,2014,2014-10-09,3313,2014-09-21,1310,1096,EAST,7,5,7,3313,0,0,0,NA,0,T43,ALESSANDRO BL,MISSION GROVE PKWY,608,W,N,A,-,N,NA,NA,NA,NA,NA,NA,NA,NA,NA,Y,3,0,3,2,A,-,12,21453,A,N,D,C,A,A,H,-,A,A,0,NA,NA,NA,NA,Y,NA,A,01,0,1,2,0,0,0,0,0,0,-,-,NA,NA,RIVERSIDE,RIVERSIDE,-117.32672742,33.91645165
6635959,2014,2016-04-30,9840,2014-09-12,2330,19844,NA,5,3,6,3315,0,1,3,NA,2,030,RT 91,SERFAS CLUB DR,2050,W,N,A,-,Y,RIV,8,91,-,R,3.32,H,-,E,Y,4,0,1,2,A,-,03,22350,NA,N,C,C,A,A,H,-,D,D,1,NA,NA,NA,NA,Y,NA,A,01,0,0,1,0,0,0,0,0,0,-,-,33.88456,-117.63083,RIVERSIDE,CORONA,-117.61988323,33.88150514
6637354,2014,2014-10-01,3309,2014-08-14,1559,180,3309,4,5,4,3309,0,0,0,NA,0,001,SIERRA AV,RUBIDOUX ST,500,W,N,A,-,N,NA,NA,NA,NA,NA,NA,NA,NA,NA,N,3,0,1,2,A,-,08,22107,NA,N,B,E,A,A,H,-,A,D,0,NA,NA,NA,NA,Y,NA,A,01,0,1,0,0,0,0,0,0,0,-,-,NA,NA,RIVERSIDE,INDIO,-116.22970689,33.72023057
6637680,2014,2014-10-27,3308,2014-09-11,0837,4189,534,4,5,5,3308,0,0,0,NA,0,SOUTH,SANDERSON AV,WENTWORTH DR,475,S,N,A,-,N,NA,NA,NA,NA,NA,NA,NA,NA,NA,Y,4,0,3,2,A,-,03,22350,NA,N,C,C,A,A,H,-,A,A,0,NA,NA,NA,NA,Y,NA,A,07,0,0,3,0,0,0,0,0,0,-,-,NA,NA,RIVERSIDE,HEMET,-117.00666,33.7345195