CASE_ID,ACCIDENT_YEAR,PROC_DATE,JURIS,COLLISION_DATE,COLLISION_TIME,OFFICER_ID,REPORTING_DISTRICT,DAY_OF_WEEK,CHP_SHIFT,POPULATION,CNTY_CITY_LOC,SPECIAL_COND,BEAT_TYPE,CHP_BEAT_TYPE,CITY_DIVISION_LAPD,CHP_BEAT_CLASS,BEAT_NUMBER,PRIMARY_RD,SECONDARY_RD,DISTANCE,DIRECTION,INTERSECTION,WEATHER_1,WEATHER_2,STATE_HWY_IND,CALTRANS_COUNTY,CALTRANS_DISTRICT,STATE_ROUTE,ROUTE_SUFFIX,POSTMILE_PREFIX,POSTMILE,LOCATION_TYPE,RAMP_INTERSECTION,SIDE_OF_HWY,TOW_AWAY,COLLISION_SEVERITY,NUMBER_KILLED,NUMBER_INJURED,PARTY_COUNT,PRIMARY_COLL_FACTOR,PCF_CODE_OF_VIOL,PCF_VIOL_CATEGORY,PCF_VIOLATION,PCF_VIOL_SUBSECTION,HIT_AND_RUN,TYPE_OF_COLLISION,MVIW,PED_ACTION,ROAD_SURFACE,ROAD_COND_1,ROAD_COND_2,LIGHTING,CONTROL_DEVICE,CHP_ROAD_TYPE,PEDESTRIAN_ACCIDENT,BICYCLE_ACCIDENT,MOTORCYCLE_ACCIDENT,TRUCK_ACCIDENT,NOT_PRIVATE_PROPERTY,ALCOHOL_INVOLVED,STWD_VEHTYPE_AT_FAULT,CHP_VEHTYPE_AT_FAULT,COUNT_SEVERE_INJ,COUNT_VISIBLE_INJ,COUNT_COMPLAINT_PAIN,COUNT_PED_KILLED,COUNT_PED_INJURED,COUNT_BICYCLIST_KILLED,COUNT_BICYCLIST_INJURED,COUNT_MC_KILLED,COUNT_MC_INJURED,PRIMARY_RAMP,SECONDARY_RAMP,LATITUDE,LONGITUDE,COUNTY,CITY,POINT_X,POINT_Y
6738191,2014,2015-01-29,9840,2014-12-06,1344,17399,NA,6,1,7,3313,0,1,3,NA,2,020,RT 91 W,TYLER ST,750,E,N,A,-,Y,NA,NA,91,NA,NA,NA,NA,NA,NA,Y,4,0,1,3,A,-,03,22350,NA,N,C,C,A,A,H,-,A,D,0,NA,NA,NA,NA,Y,NA,A,01,0,0,1,0,0,0,0,0,0,-,-,33.90889,-117.45272,RIVERSIDE,RIVERSIDE,-117.4526699,33.90880151
6738381,2014,2015-01-20,9840,2014-11-22,0131,020262,NA,6,3,6,3394,0,1,1,NA,2,040,RT 215,VAN BUREN BL,4433,S,N,A,-,Y,NA,NA,NA,NA,NA,NA,NA,NA,NA,Y,2,0,1,1,A,-,08,22107,NA,N,E,I,A,A,H,-,D,D,0,NA,NA,NA,NA,Y,NA,A,01,1,0,0,0,0,0,0,0,0,-,-,33.876,-117.26556,RIVERSIDE,MORENO VALLEY,-117.26569935,33.87607526
6742517,2014,2016-03-03,9655,2014-12-08,1815,018027,NA,1,2,9,3300,0,1,3,NA,2,315,RT 79,DOMENIGONI PKWY,0,NA,Y,A,-,N,NA,NA,79,NA,NA,NA,NA,NA,NA,Y,2,0,1,2,A,-,12,21453,A,N,D,C,A,A,H,-,C,A,0,NA,NA,Y,NA,Y,NA,D,22,1,0,0,0,0,0,0,0,1,-,-,33.69624,-117.08406,RIVERSIDE,UNINCORPORATED,-117.08486825,33.69627919
6743341,2014,2015-01-16,3313,2014-11-26,0958,102,EPC,3,5,7,3313,0,0,0,NA,0,M38,VAN BUREN BL,ALTA CRESTA AV,332,W,N,A,-,N,NA,NA,NA,NA,NA,NA,NA,NA,NA,N,4,0,1,2,A,-,09,21804,A,N,B,C,A,A,H,-,A,D,0,NA,NA,NA,NA,Y,NA,A,08,0,0,1,0,0,0,0,0,0,-,-,NA,NA,RIVERSIDE,RIVERSIDE,-117.34962597,33.88557406
6743939,2014,2016-02-25,3309,2014-11-27,1216,460,3309,4,5,4,3309,0,0,0,NA,0,003,RT 111,RUBIDOUX ST,0,NA,Y,A,-,N,NA,NA,NA,NA,NA,NA,NA,NA,NA,N,4,0,1,2,A,-,09,21801,A,N,B,C,A,A,H,-,A,A,0,NA,NA,NA,NA,Y,NA,A,01,0,0,1,0,0,0,0,0,0,-,-,NA,NA,RIVERSIDE,INDIO,-116.228706,33.714882
6744626,2014,2015-01-29,3308,2014-12-05,1140,4189,518,5,5,5,3308,0,0,0,NA,0,SOUTH,YALE ST,FLORIDA AV,25,S,N,A,-,Y,NA,NA,NA,NA,NA,NA,NA,NA,NA,N,4,0,1,2,A,-,21,22106,NA,N,C,C,A,A,H,-,A,A,0,NA,NA,NA,NA,Y,NA,A,07,0,0,1,0,0,0,0,0,0,-,-,NA,NA,RIVERSIDE,HEMET,-116.94993,33.74764
6748794,2014,2015-02-02,3300,2014-12-05,0757,4323,9100,5,5,5,3335,0,0,0,NA,0,064,MEADOWS PKWY,NACKE DR,0,NA,Y,B,-,N,NA,NA,NA,NA,NA,NA,NA,NA,NA,N,4,0,1,2,A,-,09,21801,A,N,D,C,A,A,H,-,A,A,0,NA,NA,NA,NA,Y,NA,D,22,0,0,1,0,0,0,0,0,0,-,-,NA,NA,RIVERSIDE,TEMECULA,-117.09547011,33.50428006
6748983,2014,2015-02-02,3313,2014-12-15,1331,1073,NORTH,1,5,7,3313,0,0,0,NA,0,T42,CENTRAL AV,RIVERSIDE DR,200,W,N,A,-,N,NA,NA,NA,NA,NA,NA,NA,NA,NA,N,4,0,1,2,A,-,09,21801,A,N,A,C,A,A,H,-,A,D,0,NA,NA,NA,NA,Y,NA,A,01,0,0,1,0,0,0,0,0,0,-,-,NA,NA,RIVERSIDE,RIVERSIDE,-117.38859757,33.95358
6749192,2014,2015-01-30,3300,2014-12-01,1223,4996,601D5,1,5,6,3394,0,0,0,NA,0,MV14,HEMLOCK AV,RT 60,25,W,N,A,-,Y,NA,NA,NA,NA,NA,NA,NA,NA,NA,N,4,0,1,2,A,-,09,21801,A,N,D,C,A,A,H,-,A,A,0,NA,NA,NA,NA,Y,NA,A,01,0,0,1,0,0,0,0,0,0,-,EF,NA,NA,RIVERSIDE,MORENO VALLEY,-117.25983217,33.94243
6749273,2014,2015-01-21,3300,2014-11-22,2138,N4224,604 D,6,5,6,3394,0,0,0,NA,0,048,MORENO BEACH DR,ALESSANDRO BL,0,NA,Y,A,-,N,NA,NA,NA,NA,NA,NA,NA,NA,NA,Y,4,0,1,2,A,-,09,21453,B,N,H,-,A,A,H,-,C,A,0,NA,NA,Y,NA,Y,NA,A,01,0,0,1,0,0,0,0,0,1,-,-,NA,NA,RIVERSIDE,MORENO VALLEY,-117.17417003,33.91744008
6749999,2014,2016-02-25,3300,2014-11-26,1328,N3765,30G1,3,5,4,3318,0,0,0,NA,0,T371,HWY 111,PORTOLA AV,250,W,N,A,-,N,NA,NA,NA,NA,NA,NA,NA,NA,NA,Y,3,0,2,2,A,-,03,22350,NA,N,C,C,A,A,H,-,A,A,0,NA,NA,NA,NA,Y,NA,A,07,0,1,1,0,0,0,0,0,0,-,-,NA,NA,RIVERSIDE,PALM DESERT,-116.37456863,33.72134225
6751622,2014,2015-02-04,9840,2014-12-22,1535,12075,NA,1,2,7,3313,0,1,3,NA,2,020,RT 91,JACKSON ST,600,W,N,A,-,Y,NA,NA,NA,NA,NA,NA,NA,NA,NA,N,4,0,2,2,A,-,03,22350,NA,N,C,C,A,A,H,-,A,D,0,NA,NA,NA,NA,Y,NA,D,22,0,0,2,0,0,0,0,0,0,-,-,33.92351,-117.44072,RIVERSIDE,RIVERSIDE,-117.43624804,33.91813463
6751697,2014,2015-01-23,3300,2014-11-03,1717,3956,905K,1,5,4,3307,0,0,0,NA,0,093,RIVERSIDE DR,WALNUT DR,0,NA,Y,A,-,N,NA,NA,NA,NA,NA,NA,NA,NA,NA,Y,4,0,1,2,A,-,03,22350,NA,F,C,C,A,A,H,-,C,A,0,NA,NA,NA,NA,Y,NA,D,22,0,0,1,0,0,0,0,0,0,-,-,NA,NA,RIVERSIDE,LAKE ELSINORE,-117.36879001,33.68210001
6752299,2014,2015-01-12,9840,2014-12-22,1200,18611,NA,1,1,7,3313,0,1,3,NA,2,020,RT 91,TYLER ST,950,E,N,A,-,Y,NA,NA,91,NA,NA,NA,NA,NA,NA,Y,4,0,3,3,A,-,03,22350,NA,N,C,C,A,A,H,-,A,D,0,NA,NA,NA,NA,Y,NA,A,01,0,0,3,0,0,0,0,0,0,-,-,33.90883,-117.45307,RIVERSIDE,RIVERSIDE,-117.45296066,33.90863688
6752816,2014,2015-02-10,9840,2014-12-22,1530,018611,NA,1,2,7,3313,0,1,3,NA,2,021,RT 91,MADISON AV,300,E,N,A,-,Y,NA,NA,91,NA,NA,NA,NA,NA,NA,Y,4,0,4,6,A,-,03,22350,NA,M,C,C,A,A,H,-,A,A,0,NA,NA,NA,NA,Y,NA,A,01,0,0,4,0,0,0,0,0,0,-,-,33.93637,-117.40457,RIVERSIDE,RIVERSIDE,-117.40445515,33.93617104
6752852,2014,2015-07-21,9840,2014-12-19,1315,017162,NA,5,1,9,3300,0,3,5,NA,2,003,TEMESCAL CANYON RD,DIPLOMAT AV,80,W,N,A,-,N,NA,NA,NA,NA,NA,NA,NA,NA,NA,Y,4,0,1,2,A,-,08,22102,NA,N,D,C,A,A,H,-,A,D,0,NA,NA,NA,NA,Y,NA,A,01,0,0,1,0,0,0,0,0,0,-,-,33.20974,-117.23875,RIVERSIDE,UNINCORPORATED,NA,NA
6753967,2014,2015-02-11,9840,2014-12-25,1955,18849,NA,4,2,6,3315,0,1,3,NA,2,031,RT 91,MAIN ST,200,E,N,A,-,Y,NA,NA,91,NA,NA,NA,NA,NA,NA,Y,3,0,2,2,A,-,03,22350,NA,N,C,C,A,A,H,-,C,D,0,NA,NA,NA,NA,Y,NA,A,01,0,1,1,0,0,0,0,0,0,-,-,33.87959,-117.5627,RIVERSIDE,CORONA,-117.56269704,33.87961441
6754231,2014,2015-02-05,9655,2014-12-27,1820,18587,NA,6,2,3,3302,0,1,1,NA,2,202,RT 10,6TH ST,400,W,N,A,-,Y,NA,NA,10,NA,NA,NA,NA,NA,NA,Y,4,0,1,1,A,-,08,22107,NA,N,E,I,A,A,H,-,C,D,0,NA,NA,NA,NA,Y,NA,A,01,0,0,1,0,0,0,0,0,0,-,-,33.93161,-116.98773,RIVERSIDE,BEAUMONT,-116.98760629,33.93187925
6755357,2014,2015-02-06,3313,2014-12-09,1534,1571,NTH,2,5,7,3313,0,0,0,NA,0,T45,MAGNOLIA AV,BROCKTON AV,152,S,N,A,-,N,NA,NA,NA,NA,NA,NA,NA,NA,NA,N,4,0,1,2,A,-,11,21954,A,N,G,B,D,A,H,-,A,A,0,Y,NA,NA,NA,Y,NA,N,60,0,0,1,0,1,0,0,0,0,-,-,NA,NA,RIVERSIDE,RIVERSIDE,-117.39718494,33.95235243
6757052,2014,2015-02-04,3300,2014-12-12,1315,3424,42D1,5,5,3,3392,0,0,0,NA,0,042,JEFFERSON ST,AVENUE 49,35,N,N,C,-,N,NA,NA,NA,NA,NA,NA,NA,NA,NA,Y,4,0,1,2,A,-,03,22350,NA,N,C,C,A,B,H,-,A,A,0,NA,NA,NA,NA,Y,NA,A,01,0,0,1,0,0,0,0,0,0,-,-,NA,NA,RIVERSIDE,LA QUINTA,-116.2688,33.69259576
6757454,2014,2015-01-26,3300,2014-11-14,2220,4071,604A2,5,5,6,3394,0,0,0,NA,0,MV42,BALSAWOOD LN,EMERALD AV,173,N,N,-,-,N,NA,NA,NA,NA,NA,NA,NA,NA,NA,Y,3,0,1,1,A,-,01,23152,E,N,-,-,A,-,-,-,-,-,0,NA,NA,NA,NA,Y,NA,A,01,0,1,0,0,0,0,0,0,0,-,-,NA,NA,RIVERSIDE,MORENO VALLEY,-117.19959807,33.92299336
6758568,2014,2015-01-21,9840,2014-11-27,2246,15800,NA,4,3,9,3300,0,3,5,NA,2,004,WOOD RD,MARKHAM ST,51,S,N,A,-,N,NA,NA,NA,NA,NA,NA,NA,NA,NA,Y,3,0,3,2,A,-,05,21460,A,F,A,C,A,A,H,-,C,D,0,NA,NA,NA,NA,Y,NA,A,01,0,2,1,0,0,0,0,0,0,-,-,NA,NA,RIVERSIDE,UNINCORPORATED,-117.33131518,33.85800033
6758647,2014,2015-02-02,3313,2014-12-07,2104,1741,CNTRL,7,5,7,3313,0,0,0,NA,0,C326,INDIANA AV,MONROE ST,40,E,N,A,-,N,NA,NA,NA,NA,NA,NA,NA,NA,NA,Y,3,0,2,2,A,-,03,22350,NA,N,C,C,A,A,H,-,C,A,0,NA,NA,NA,NA,Y,NA,A,01,0,1,1,0,0,0,0,0,0,-,-,NA,NA,RIVERSIDE,RIVERSIDE,-117.42655228,33.92259284
6758907,2014,2016-05-06,9840,2014-09-11,1740,17399,NA,4,2,7,3313,0,1,1,NA,2,023,RT 215,CENTRAL AV,1050,S,N,A,-,Y,RIV,8,215,-,-,39.28,H,-,S,Y,4,0,1,2,A,-,03,22350,NA,N,B,C,A,A,H,-,A,D,1,NA,NA,NA,NA,Y,NA,A,01,0,0,1,0,0,0,0,0,0,-,-,33.95767,-117.30785,RIVERSIDE,RIVERSIDE,-117.30689677,33.95671694
6759368,2014,2015-03-12,9840,2014-12-12,0620,20102,NA,5,1,9,3300,0,3,5,NA,2,002,RECHE VISTA RD,HILL CT,30,N,N,C,-,N,NA,NA,NA,NA,NA,NA,NA,NA,NA,Y,4,0,1,1,A,-,03,22350,NA,N,E,I,A,B,H,-,D,D,0,NA,NA,NA,NA,Y,NA,A,01,0,0,1,0,0,0,0,0,0,-,-,33.98792,-117.23265,RIVERSIDE,UNINCORPORATED,-117.2325121,33.98788185
6763235,2014,2015-02-05,9655,2014-12-21,2150,017720,NA,7,2,9,3300,0,1,3,NA,2,212,RT 60,GILMAN SPRINGS RD,7920,E,N,A,-,Y,NA,NA,60,NA,NA,NA,NA,NA,NA,Y,4,0,2,4,A,-,03,22350,NA,M,C,C,A,A,H,-,D,D,0,NA,NA,NA,NA,Y,NA,A,01,0,0,2,0,0,0,0,0,0,-,-,33.94392,-117.07863,RIVERSIDE,UNINCORPORATED,-117.07862725,33.94383109
6764828,2014,2015-02-04,9685,2014-12-22,1505,013165,NA,1,2,4,3342,0,1,1,NA,2,034,RT 215,BAXTER RD,1056,S,N,A,-,Y,NA,NA,215,NA,NA,NA,NA,NA,NA,Y,4,0,1,2,A,-,17,23114,A,N,E,J,A,A,H,-,A,D,0,NA,NA,NA,NA,Y,NA,D,22,0,0,1,0,0,0,0,0,0,-,-,33.61026,-117.17127,RIVERSIDE,MURRIETA,-117.17115868,33.61025481
6765049,2014,2015-02-04,9655,2014-12-02,1607,14583,NA,2,2,9,3300,0,1,3,NA,2,213,RT 79,CALIFORNIA AV,3696,S,N,C,-,Y,NA,NA,79,NA,NA,NA,NA,NA,NA,Y,4,0,1,1,A,-,08,22107,NA,N,E,I,A,B,H,-,B,D,0,NA,NA,NA,NA,Y,NA,A,01,0,0,1,0,0,0,0,0,0,-,-,33.89677,-116.98779,RIVERSIDE,UNINCORPORATED,-116.98771506,33.89678588
6765113,2014,2015-02-03,9840,2014-12-16,1620,12191,NA,2,2,6,3315,0,1,3,NA,2,031,RT 91,RT 15,500,W,N,B,-,Y,NA,NA,91,NA,NA,NA,NA,NA,NA,N,4,0,1,2,A,-,03,22350,NA,N,C,C,A,A,H,-,A,D,0,NA,NA,NA,NA,Y,NA,A,01,0,0,1,0,0,0,0,0,0,-,-,33.88187,-117.54611,RIVERSIDE,CORONA,-117.54617684,33.8821125
6766039,2015,2015-01-30,3313,2015-01-07,1718,617,NORTH,3,5,7,3313,0,0,0,NA,0,S42,14TH ST,OLIVEWOOD DR,50,E,N,A,-,N,NA,NA,NA,NA,NA,NA,NA,NA,NA,N,4,0,1,2,A,-,03,22350,NA,N,C,C,A,A,H,-,C,A,0,NA,NA,NA,NA,Y,NA,A,01,0,0,1,0,0,0,0,0,0,-,-,NA,NA,RIVERSIDE,RIVERSIDE,-117.37467724,33.97445202
6766108,2015,2016-09-16,9840,2015-01-07,1236,15705,NA,3,1,4,3344,0,1,1,NA,2,011,RT 15,68TH ST,3696,S,N,A,-,Y,RIV,8,15,-,-,46.82,H,-,S,Y,4,0,1,3,A,-,07,21658,A,N,B,C,A,A,H,-,A,D,1,NA,NA,NA,NA,Y,NA,A,01,0,0,1,0,0,0,0,0,0,-,-,33.95983,-117.54903,RIVERSIDE,EASTVALE,-117.54978042,33.95434168
6767130,2014,2015-02-04,3313,2014-12-13,1510,1427,EAST,6,5,7,3313,0,0,0,NA,0,B215,ALESSANDRO BL,RT 215,0,NA,Y,A,-,Y,NA,NA,NA,NA,NA,NA,NA,NA,NA,N,4,0,1,2,A,-,05,21650,1,N,-,G,A,A,H,-,A,A,0,NA,Y,NA,NA,Y,NA,L,04,0,0,1,0,0,0,1,0,0,-,SF,NA,NA,RIVERSIDE,RIVERSIDE,-117.28772003,33.91686008
6767399,2014,2015-02-10,3313,2014-12-08,1950,1571,WST,1,5,7,3313,0,0,0,NA,0,T45,LA SIERRA AV,RT 91,0,NA,Y,A,-,Y,NA,NA,NA,NA,NA,NA,NA,NA,NA,N,4,0,1,2,A,-,12,21453,A,N,D,C,A,A,H,-,C,A,0,NA,NA,NA,NA,Y,NA,-,-,0,0,1,0,0,0,0,0,0,-,EF,NA,NA,RIVERSIDE,RIVERSIDE,-117.4734901,33.90012001
6771282,2014,2015-02-10,9685,2014-12-21,1840,014488,NA,7,2,9,3300,0,1,3,NA,1,012,RT 74,MOUNTAIN AV,680,W,N,A,-,Y,NA,NA,74,NA,NA,NA,NA,NA,NA,Y,2,0,2,2,A,-,03,22350,NA,N,A,C,A,A,H,-,D,D,0,NA,NA,NA,NA,Y,NA,A,01,1,0,1,0,0,0,0,0,0,-,-,33.76281,-117.26302,RIVERSIDE,UNINCORPORATED,-117.26340849,33.763315
6771389,2015,2016-09-28,9840,2015-01-05,1422,12208,NA,1,2,6,3315,0,1,3,NA,2,311,RT 91,PROMENADE AV,478,E,N,B,-,Y,RIV,8,91,-,-,8.16,H,-,E,N,4,0,1,2,A,-,03,22350,NA,N,C,C,A,A,D,-,A,D,1,NA,NA,NA,NA,Y,NA,D,22,0,0,1,0,0,0,0,0,0,-,-,33.526,-117.32656,RIVERSIDE,CORONA,-117.53517636,33.88344299
6772592,2014,2015-02-09,3300,2014-12-25,1540,N6000,916B,4,5,4,3312,0,0,0,NA,0,032,NUEVO RD,REDLANDS AV,0,NA,Y,A,-,N,NA,NA,NA,NA,NA,NA,NA,NA,NA,Y,4,0,2,2,A,-,05,21460,A,N,A,C,A,A,H,-,A,A,0,NA,NA,NA,NA,Y,NA,D,22,0,0,2,0,0,0,0,0,0,-,-,NA,NA,RIVERSIDE,PERRIS,-117.21740011,33.8011101
6772673,2014,2015-01-28,3300,2014-11-26,1908,4720,011D,3,5,4,3344,0,0,0,NA,0,062,HAMNER AV,58TH ST,85,S,N,A,-,N,NA,NA,NA,NA,NA,NA,NA,NA,NA,N,4,0,2,3,A,-,03,22350,NA,N,C,C,A,A,H,-,C,A,0,NA,NA,NA,NA,Y,NA,A,01,0,0,2,0,0,0,0,0,0,-,-,NA,NA,RIVERSIDE,EASTVALE,-117.55835,33.98238706
6773378,2014,2015-02-12,3300,2014-12-27,1603,N4575,500A,6,5,5,3341,0,0,0,NA,0,050,GOETZ RD,MANGANESE RD,37,S,N,A,-,N,NA,NA,NA,NA,NA,NA,NA,NA,NA,Y,3,0,1,1,A,-,03,22350,NA,N,F,-,A,A,H,-,A,D,0,NA,NA,NA,NA,Y,NA,A,01,0,1,0,0,0,0,0,0,0,-,-,NA,NA,RIVERSIDE,MENIFEE,-117.23464645,33.71994141
6773386,2014,2015-02-12,3300,2014-12-29,1641,2081,916C,1,5,4,3312,0,0,0,NA,0,034,RIVER RD,PENASCO GRANDE ST,0,NA,Y,B,-,N,NA,NA,NA,NA,NA,NA,NA,NA,NA,N,3,0,1,2,A,-,09,21800,B,N,D,C,A,A,B,-,A,D,0,NA,NA,Y,NA,Y,NA,C,02,0,1,0,0,0,0,0,0,1,-,-,NA,NA,RIVERSIDE,PERRIS,-117.24083011,33.76721012
6773394,2014,2016-06-20,3300,2014-12-22,1740,3552,916,1,5,4,3312,0,0,0,NA,0,035,4TH ST,WILKERSON AV,292,W,N,A,-,Y,RIV,8,74,-,-,25.71,H,-,E,Y,4,0,2,2,A,-,03,22350,NA,N,C,C,A,A,H,-,C,A,0,NA,NA,NA,NA,Y,NA,A,01,0,0,2,0,0,0,0,0,0,-,-,NA,NA,RIVERSIDE,PERRIS,-117.24512574,33.77866384
6777778,2014,2015-02-12,3300,2014-12-21,1751,4896,603B3,7,5,6,3394,0,0,0,NA,0,MV34,PERRIS BL,SAN MICHELE RD,90,N,N,A,-,N,NA,NA,NA,NA,NA,NA,NA,NA,NA,Y,4,0,1,3,A,-,03,22350,NA,N,C,C,A,A,H,-,C,A,0,NA,NA,NA,NA,Y,NA,A,01,0,0,1,0,0,0,0,0,0,-,-,NA,NA,RIVERSIDE,MORENO VALLEY,-117.22622,33.87030654
6777781,2014,2015-03-02,3300,2014-12-23,1813,4571,602A2,2,5,6,3394,0,0,0,NA,0,022,EUCALYPTUS AV,EDGEMONT ST,615,E,N,A,-,N,NA,NA,NA,NA,NA,NA,NA,NA,NA,Y,3,0,1,2,A,-,09,21801,A,N,B,C,A,A,H,-,C,D,0,NA,NA,NA,NA,Y,NA,A,01,0,1,0,0,0,0,0,0,0,-,-,NA,NA,RIVERSIDE,MORENO VALLEY,-117.28135888,33.93139
6777788,2014,2016-02-17,3300,2014-12-10,1703,3611,604E1,3,5,6,3394,0,0,0,NA,0,MV46,REDLANDS AV,RT 60,947,S,N,A,-,N,NA,NA,NA,NA,NA,NA,NA,NA,NA,Y,4,0,1,3,A,-,03,22350,NA,N,C,C,A,A,H,-,D,A,0,NA,NA,NA,NA,Y,NA,A,01,0,0,1,0,0,0,0,0,0,-,WO,NA,NA,RIVERSIDE,MORENO VALLEY,-117.15673,33.93917
6777792,2014,2015-02-12,3300,2014-12-22,2220,3536,604E5,1,5,6,3394,0,0,0,NA,0,046,ALESSANDRO BL,THEODORE ST,150,W,N,A,-,N,NA,NA,NA,NA,NA,NA,NA,NA,NA,Y,4,0,2,1,A,-,08,22107,NA,N,A,I,A,A,H,-,C,D,0,NA,NA,NA,NA,Y,NA,A,01,0,0,2,0,0,0,0,0,0,-,-,NA,NA,RIVERSIDE,MORENO VALLEY,-117.13931,33.91941
6778261,2014,2015-02-03,3300,2014-12-26,1323,5132,43A2,5,5,3,3392,0,0,0,NA,0,040,AVENIDA OBREGON,CALLE DURANGO,245,S,N,A,-,N,NA,NA,NA,NA,NA,NA,NA,NA,NA,N,4,0,1,2,A,-,11,21954,A,N,G,B,C,A,H,-,A,D,0,Y,NA,NA,NA,Y,NA,N,60,0,0,1,0,1,0,0,0,0,-,-,NA,NA,RIVERSIDE,LA QUINTA,-116.31321,33.67002965
6779320,2014,2015-02-13,3311,2014-12-27,1730,15763,DESER,6,5,4,3311,0,0,0,NA,0,003,W BARISTO RD,TENNIS CLUB DR,0,NA,Y,A,-,N,NA,NA,NA,NA,NA,NA,NA,NA,NA,Y,4,0,1,3,A,-,01,23152,A,N,B,E,A,A,H,-,C,D,0,NA,NA,NA,NA,Y,Y,A,01,0,0,1,0,0,0,0,0,0,-,-,NA,NA,RIVERSIDE,PALM SPRINGS,-116.55267005,33.81943007
6780089,2014,2016-03-02,9630,2014-12-16,0835,15339,NA,2,1,3,3317,1,4,S,NA,2,901,RT 111,MIRAGE COVE DR,70,N,N,A,-,N,NA,NA,NA,NA,NA,NA,NA,NA,NA,Y,4,0,3,2,A,-,03,22350,NA,N,C,C,A,A,H,-,A,A,0,NA,NA,NA,Y,Y,NA,G,26,0,0,3,0,0,0,0,0,0,-,-,33.76515,-116.44395,RIVERSIDE,RANCHO MIRAGE,-116.44370576,33.76484998
6780413,2014,2015-01-21,9840,2014-10-11,1710,16497,NA,6,2,7,3313,0,1,1,NA,2,024,RT 215,EUCALYPTUS AV,1056,S,N,A,-,Y,NA,NA,215,NA,NA,NA,NA,NA,NA,Y,3,0,2,2,A,-,03,22350,NA,F,-,A,A,A,H,-,A,D,0,NA,NA,Y,NA,Y,NA,C,02,0,2,0,0,0,0,0,0,2,-,-,33.93933,-117.29097,RIVERSIDE,RIVERSIDE,-117.29102839,33.9393154
6781184,2014,2015-02-13,9840,2014-12-27,1940,20124,NA,6,2,6,3315,0,1,3,NA,2,030,RT 91,GREEN RIVER RD,1000,W,N,A,-,Y,NA,NA,91,NA,NA,NA,NA,NA,NA,N,4,0,1,3,A,-,03,22350,NA,N,C,C,A,A,H,-,E,D,0,NA,NA,NA,NA,Y,NA,D,22,0,0,1,0,0,0,0,0,0,-,-,33.8697,-117.67258,RIVERSIDE,CORONA,-117.67254486,33.86958475
6783236,2014,2015-01-28,3300,2014-11-13,1449,N3626,002R,4,5,6,3345,0,0,0,NA,0,024,FELSPAR ST,BIG MEADOW RD,397,N,N,A,-,N,NA,NA,NA,NA,NA,NA,NA,NA,NA,N,3,0,1,3,A,-,08,22103,NA,N,D,C,A,A,H,-,A,D,0,NA,NA,NA,NA,Y,NA,A,01,0,1,0,0,0,0,0,0,0,-,-,NA,NA,RIVERSIDE,JURUPA VALLEY,-117.48413499,33.98454785
6783288,2015,2016-10-10,9840,2015-01-19,2125,020373,NA,1,2,7,3313,0,1,1,NA,2,023,RT 215,CENTER ST,600,S,N,A,-,Y,RIV,8,215,-,-,44.9,H,-,N,Y,4,0,1,2,A,-,07,21658,A,N,D,C,A,A,H,-,D,D,1,NA,NA,NA,Y,Y,NA,G,25,0,0,1,0,0,0,0,0,0,-,-,34.01337,-117.34387,RIVERSIDE,RIVERSIDE,-117.34343191,34.01400323
6784431,2014,2015-01-21,3309,2014-09-08,0859,218,33093,1,5,4,3309,0,0,0,NA,0,003,MONROE ST,REQUA AV,24,N,N,A,-,N,NA,NA,NA,NA,NA,NA,NA,NA,NA,N,3,0,1,2,A,-,03,22350,NA,F,C,C,A,B,H,-,A,A,0,NA,NA,NA,NA,Y,NA,A,07,0,1,0,0,0,0,0,0,0,-,-,NA,NA,RIVERSIDE,INDIO,-116.23381,33.71775566
6784767,2014,2016-02-25,3300,2014-12-17,1840,4435,8901,3,5,2,3316,0,0,0,NA,0,089,RT 111,VILLAGE CENTER DR,0,NA,Y,B,-,N,NA,NA,NA,NA,NA,NA,NA,NA,NA,N,4,0,1,2,D,-,00,NA,NA,N,D,C,A,A,H,-,C,A,0,NA,NA,NA,NA,Y,NA,-,-,0,0,1,0,0,0,0,0,0,-,-,NA,NA,RIVERSIDE,INDIAN WELLS,-116.3589001,33.7213601
6785014,2014,2015-01-21,3300,2014-12-07,1835,16096,NA,7,5,4,3307,0,0,0,NA,0,NA,CHANEY ST,MINTHORN ST,0,NA,Y,A,-,N,NA,NA,NA,NA,NA,NA,NA,NA,NA,Y,3,0,3,2,A,-,09,21802,A,N,D,C,A,A,H,-,C,A,0,NA,NA,NA,NA,Y,NA,J,48,0,2,1,0,0,0,0,0,0,-,-,33.68441,-117.33417,RIVERSIDE,LAKE ELSINORE,-117.33439009,33.68411005
6785284,2015,2016-10-20,3308,2015-01-12,1005,4189,517,1,5,5,3308,0,0,0,NA,0,NORTH,FLORIDA AV,BUENA VISTA ST,0,NA,Y,A,-,Y,RIV,8,74,-,-,40.837,I,5,E,N,4,0,1,2,A,-,11,21950,B,N,G,B,B,A,H,-,A,A,0,Y,NA,NA,NA,Y,NA,N,60,0,0,1,0,1,0,0,0,0,-,-,NA,NA,RIVERSIDE,HEMET,-116.96736211,33.74750891
6785383,2015,2015-02-19,3300,2015-01-07,0825,N1673,36N1,3,5,4,3318,0,0,0,NA,0,T36,DEEP CANYON RD,FRED WARING DR,0,NA,Y,A,-,N,NA,NA,NA,NA,NA,NA,NA,NA,NA,N,4,0,2,2,A,-,04,21703,NA,N,C,C,A,A,H,-,A,A,0,NA,NA,NA,NA,Y,NA,A,01,0,0,2,0,0,0,0,0,0,-,-,NA,NA,RIVERSIDE,PALM DESERT,-116.3650301,33.72892004
6785968,2014,2015-02-17,9840,2014-12-04,1811,16497,NA,4,2,7,3313,0,1,3,NA,2,021,RT 91,CENTRAL AV,528,W,N,A,-,Y,NA,NA,91,NA,NA,NA,NA,NA,NA,Y,4,0,1,4,A,-,03,22350,NA,F,C,C,A,A,D,-,D,D,0,NA,NA,NA,NA,Y,NA,-,99,0,0,1,0,0,0,0,0,0,-,-,33.95316,-117.38364,RIVERSIDE,RIVERSIDE,-117.3838744,33.95336345
6786771,2014,2015-02-12,3300,2014-12-09,1033,N4809,920H,2,5,4,3314,0,0,0,NA,0,074,SAN JACINTO AV,MIDWAY ST,13,S,N,A,-,N,NA,NA,NA,NA,NA,NA,NA,NA,NA,Y,4,0,1,1,A,-,03,22350,NA,N,H,J,A,A,A,-,A,A,0,NA,NA,Y,NA,Y,NA,C,02,0,0,1,0,0,0,0,0,1,-,-,NA,NA,RIVERSIDE,SAN JACINTO,-116.95875944,33.7638744