CASE_ID,ACCIDENT_YEAR,PROC_DATE,JURIS,COLLISION_DATE,COLLISION_TIME,OFFICER_ID,REPORTING_DISTRICT,DAY_OF_WEEK,CHP_SHIFT,POPULATION,CNTY_CITY_LOC,SPECIAL_COND,BEAT_TYPE,CHP_BEAT_TYPE,CITY_DIVISION_LAPD,CHP_BEAT_CLASS,BEAT_NUMBER,PRIMARY_RD,SECONDARY_RD,DISTANCE,DIRECTION,INTERSECTION,WEATHER_1,WEATHER_2,STATE_HWY_IND,CALTRANS_COUNTY,CALTRANS_DISTRICT,STATE_ROUTE,ROUTE_SUFFIX,POSTMILE_PREFIX,POSTMILE,LOCATION_TYPE,RAMP_INTERSECTION,SIDE_OF_HWY,TOW_AWAY,COLLISION_SEVERITY,NUMBER_KILLED,NUMBER_INJURED,PARTY_COUNT,PRIMARY_COLL_FACTOR,PCF_CODE_OF_VIOL,PCF_VIOL_CATEGORY,PCF_VIOLATION,PCF_VIOL_SUBSECTION,HIT_AND_RUN,TYPE_OF_COLLISION,MVIW,PED_ACTION,ROAD_SURFACE,ROAD_COND_1,ROAD_COND_2,LIGHTING,CONTROL_DEVICE,CHP_ROAD_TYPE,PEDESTRIAN_ACCIDENT,BICYCLE_ACCIDENT,MOTORCYCLE_ACCIDENT,TRUCK_ACCIDENT,NOT_PRIVATE_PROPERTY,ALCOHOL_INVOLVED,STWD_VEHTYPE_AT_FAULT,CHP_VEHTYPE_AT_FAULT,COUNT_SEVERE_INJ,COUNT_VISIBLE_INJ,COUNT_COMPLAINT_PAIN,COUNT_PED_KILLED,COUNT_PED_INJURED,COUNT_BICYCLIST_KILLED,COUNT_BICYCLIST_INJURED,COUNT_MC_KILLED,COUNT_MC_INJURED,PRIMARY_RAMP,SECONDARY_RAMP,LATITUDE,LONGITUDE,COUNTY,CITY,POINT_X,POINT_Y
6841479,2015,2015-03-27,3313,2015-03-10,1741,623,N,2,5,7,3313,0,0,0,NA,0,M10,MISSION INN AV,LIME ST,45,W,N,A,-,N,NA,NA,NA,NA,NA,NA,NA,NA,NA,N,4,0,1,2,A,-,03,22350,NA,N,C,C,A,A,H,-,A,A,0,NA,NA,NA,NA,Y,NA,A,01,0,0,1,0,0,0,0,0,0,-,-,NA,NA,RIVERSIDE,RIVERSIDE,-117.3704769,33.98135345
6841483,2015,2015-03-27,3313,2015-03-05,0931,1537,N,4,5,7,3313,0,0,0,NA,0,T40,BUENA VISTA AV,INDIAN HILL RD,460,W,N,A,-,N,NA,NA,NA,NA,NA,NA,NA,NA,NA,Y,4,0,1,2,A,-,08,22107,NA,N,D,C,A,A,H,-,A,D,0,NA,NA,NA,NA,Y,NA,A,01,0,0,1,0,0,0,0,0,0,-,-,NA,NA,RIVERSIDE,RIVERSIDE,NA,NA
6843071,2015,2016-09-28,9840,2015-01-31,1853,020124,NA,6,2,6,3315,0,1,3,NA,2,030,RT 91,GREEN RIVER RD,1000,W,N,A,-,Y,RIV,8,91,-,R,0.84,H,-,W,Y,4,0,2,2,A,-,03,22350,NA,N,C,C,A,A,H,-,C,D,1,NA,NA,NA,NA,Y,NA,A,01,0,0,2,0,0,0,0,0,0,-,-,33.87864,-117.65908,RIVERSIDE,CORONA,-117.66029843,33.87664438
6846243,2015,2015-03-17,3313,2015-02-08,1144,1799,EAST,7,5,7,3313,0,0,0,NA,0,B219,LINDEN ST,DWIGHT AV,0,NA,Y,A,-,N,NA,NA,NA,NA,NA,NA,NA,NA,NA,Y,3,0,2,2,A,-,17,22109,NA,N,D,C,A,A,H,-,A,D,0,NA,NA,NA,NA,Y,NA,A,07,0,2,0,0,0,0,0,0,0,-,-,NA,NA,RIVERSIDE,RIVERSIDE,-117.35410007,33.97929002
6847554,2015,2015-03-23,3313,2015-03-09,1114,1026,E,1,5,7,3313,0,0,0,NA,0,T52,SYCAMORE CANYON BL,DAN KIPPER DR,178,N,N,A,-,N,NA,NA,NA,NA,NA,NA,NA,NA,NA,Y,4,0,1,1,A,-,08,22107,NA,N,E,I,A,A,H,-,A,D,0,NA,NA,NA,NA,Y,NA,I,19,0,0,1,0,0,0,0,0,0,-,-,NA,NA,RIVERSIDE,RIVERSIDE,-117.29912156,33.94249334
6852060,2015,2015-03-20,3308,2015-02-24,1944,10530,527,2,5,5,3308,0,0,0,NA,0,SOUTH,SANTA FE ST,CENTRAL AV,110,N,N,A,-,N,NA,NA,NA,NA,NA,NA,NA,NA,NA,Y,4,0,1,2,A,-,03,22350,NA,N,C,E,A,A,H,-,C,D,0,NA,NA,NA,NA,Y,NA,A,01,0,0,1,0,0,0,0,0,0,-,-,NA,NA,RIVERSIDE,HEMET,-116.96294335,33.74242122
6853996,2015,2015-03-25,3311,2015-03-02,1325,15484,NA,1,5,4,3311,0,0,0,NA,0,006,RAMON RD,OLEANDER RD,157,E,N,C,-,N,NA,NA,NA,NA,NA,NA,NA,NA,NA,N,4,0,1,2,A,-,04,21703,NA,N,C,C,A,B,H,-,A,D,0,NA,NA,NA,NA,Y,NA,A,01,0,0,1,0,0,0,0,0,0,-,-,NA,NA,RIVERSIDE,PALM SPRINGS,-116.49572526,33.81576545
6854071,2015,2017-04-25,9655,2015-02-21,1115,18168,NA,6,1,9,3300,0,1,3,NA,1,116,RT 74,MCCALL BL,1954,W,N,A,-,Y,RIV,8,74,-,-,58.51,H,-,W,Y,1,1,1,2,A,-,05,21460,A,N,A,C,A,A,H,-,A,D,0,NA,NA,Y,NA,Y,NA,C,02,0,1,0,0,0,0,0,1,0,-,-,33.7029,-116.7362,RIVERSIDE,UNINCORPORATED,-116.7364392,33.70292543
6854351,2014,2015-04-28,9840,2014-11-07,0501,19844,NA,5,3,7,3313,0,1,1,NA,2,023,RT 215,FAIR ISLE DR,500,S,N,A,-,Y,RIV,8,215,-,R,38.52,H,-,S,Y,1,1,1,2,A,-,03,22350,NA,N,A,C,A,A,H,-,C,D,1,NA,NA,NA,NA,Y,NA,D,22,0,0,1,0,0,0,0,0,0,-,-,33.94725,-117.3001,RIVERSIDE,RIVERSIDE,-117.29613236,33.94522529
6854548,2015,2015-07-10,3300,2015-04-16,0716,3988,901C,4,5,4,3310,0,0,0,NA,0,051,MOUNTAIN AV,2ND ST,2112,S,N,A,-,N,NA,NA,NA,NA,NA,NA,NA,NA,NA,Y,1,1,1,2,A,-,08,22107,NA,N,A,C,A,A,E,G,A,D,0,NA,NA,NA,NA,Y,NA,A,01,0,1,0,0,0,0,0,0,0,-,-,NA,NA,RIVERSIDE,NORCO,-117.56683779,33.90369214
6854608,2015,2015-05-13,3300,2015-02-08,1615,3365,016C2,7,5,6,3345,0,0,0,NA,0,014,MISSION BL,CALEB ST,287,E,N,A,-,N,NA,NA,NA,NA,NA,NA,NA,NA,NA,Y,1,1,1,1,A,-,01,23153,A,N,E,I,A,A,H,-,B,D,0,NA,NA,NA,NA,Y,Y,A,01,0,0,1,0,0,0,0,0,0,-,-,NA,NA,RIVERSIDE,JURUPA VALLEY,-117.452963,34.01176
6860567,2015,2016-09-19,9840,2015-02-21,1235,17169,NA,6,1,7,3313,0,1,3,NA,2,021,RT 91,CENTRAL AV,1584,E,N,A,-,Y,RIV,8,91,-,-,18.74,H,-,E,Y,4,0,1,2,A,-,08,22107,NA,N,B,C,A,A,D,-,A,D,1,NA,NA,NA,Y,Y,NA,A,01,0,0,1,0,0,0,0,0,0,-,-,33.98011,-117.26938,RIVERSIDE,RIVERSIDE,-117.37966846,33.95674235
6860777,2015,2016-10-10,9840,2015-02-16,1419,14868,NA,1,2,6,3345,0,1,3,NA,2,010,RT 60,ETIWANDA AV,5280,W,N,A,-,Y,RIV,8,60,-,R,0.99,H,-,E,Y,3,0,2,1,A,-,08,22107,NA,N,E,I,A,A,H,-,A,D,1,NA,NA,NA,NA,Y,NA,A,01,0,2,0,0,0,0,0,0,0,-,-,NA,NA,RIVERSIDE,JURUPA VALLEY,-117.54204064,34.01930425
6860801,2015,2015-03-30,3300,2015-03-14,0915,3701,T36M2,6,5,4,3318,0,0,0,NA,0,736,FRED WARING,PHYLLIS JACKSON,0,NA,Y,A,-,N,NA,NA,NA,NA,NA,NA,NA,NA,NA,Y,4,0,1,2,A,-,09,21453,C,N,-,C,A,A,H,-,A,A,0,NA,NA,NA,NA,Y,NA,A,01,0,0,1,0,0,0,0,0,0,-,-,NA,NA,RIVERSIDE,PALM DESERT,-116.36082008,33.72893005
6860884,2015,2015-03-30,3313,2015-03-16,1109,1026,C,1,5,7,3313,0,0,0,NA,0,T52,JURUPA AV,TOWER RD,152,E,N,A,-,N,NA,NA,NA,NA,NA,NA,NA,NA,NA,Y,3,0,2,2,A,-,09,21801,A,N,D,C,A,A,H,-,A,D,0,NA,NA,NA,NA,Y,NA,A,07,0,1,1,0,0,0,0,0,0,-,-,NA,NA,RIVERSIDE,RIVERSIDE,-117.40530147,33.96128024
6860888,2015,2015-03-30,3313,2015-03-16,0831,0244,CNTRL,1,5,7,3313,0,0,0,NA,0,M 15,ADAMS ST,CAMELLIA DR,180,S,N,A,-,N,NA,NA,NA,NA,NA,NA,NA,NA,NA,NA,3,0,3,2,A,-,08,22107,NA,N,D,C,A,A,H,-,A,D,0,NA,NA,NA,NA,Y,NA,A,08,0,1,2,0,0,0,0,0,0,-,-,NA,NA,RIVERSIDE,RIVERSIDE,-117.43190172,33.94229965
6861656,2015,2015-04-08,3308,2015-03-05,1655,10563,504,4,5,5,3308,0,0,0,NA,0,NORTH,SANDERSON AV,MENLO AV,397,N,N,A,-,N,NA,NA,NA,NA,NA,NA,NA,NA,NA,Y,3,0,1,3,A,-,03,22350,NA,N,C,C,A,A,H,-,A,A,0,NA,NA,NA,NA,Y,NA,A,07,0,1,0,0,0,0,0,0,0,-,-,NA,NA,RIVERSIDE,HEMET,-117.00660216,33.75930724
6861674,2015,2015-04-09,9655,2015-03-14,2000,018320,NA,6,2,9,3300,0,3,5,NA,2,003,GILMAN SPRINGS RD,BRIDGE ST,4752,W,N,A,-,N,NA,NA,NA,NA,NA,NA,NA,NA,NA,Y,4,0,2,5,A,-,05,21460,A,N,B,C,A,A,H,-,D,D,0,NA,NA,NA,NA,Y,NA,A,01,0,0,2,0,0,0,0,0,0,-,-,33.87941,-117.05664,RIVERSIDE,UNINCORPORATED,-117.08184528,33.89566778
6862460,2015,2016-09-06,9840,2015-03-02,1830,12583,NA,1,2,6,3394,0,1,3,NA,2,025,RT 60,FREDERICK ST,2112,W,N,B,-,Y,RIV,8,60,-,-,13.92,H,-,E,Y,4,0,1,2,A,-,03,22350,NA,N,C,C,A,A,H,-,D,D,1,NA,NA,NA,NA,Y,NA,A,01,0,0,1,0,0,0,0,0,0,-,-,33.94055,-117.26617,RIVERSIDE,MORENO VALLEY,-117.26868517,33.94075532
6863652,2015,2016-10-10,9660,2015-03-15,1452,20863,NA,7,2,9,3300,0,1,1,NA,2,032,RT 10,CALIFORNIA STATE LINE,300,W,N,A,-,Y,RIV,8,10,-,R,15.643,H,-,W,Y,4,0,1,2,A,-,03,22350,NA,N,C,C,A,A,H,-,A,A,0,NA,NA,NA,NA,Y,NA,A,01,0,0,1,0,0,0,0,0,0,-,-,33.60509,-114.53232,RIVERSIDE,UNINCORPORATED,-116.83759304,33.93013078
6864265,2015,2015-04-07,3300,2015-03-06,2205,4413,910P,5,5,5,3335,0,0,0,NA,0,069,TEMECULA PKWY,LA PAZ RD,175,E,N,A,-,N,NA,NA,NA,NA,NA,NA,NA,NA,NA,Y,4,0,5,4,A,-,03,22350,NA,N,C,C,A,A,H,-,C,A,0,NA,NA,NA,NA,Y,NA,A,08,0,0,5,0,0,0,0,0,0,-,-,NA,NA,RIVERSIDE,TEMECULA,-117.135176,33.47806
6867191,2015,2015-04-14,3300,2015-02-10,0727,4860,920C,2,5,4,3314,0,0,0,NA,0,070,CAWSTON AV,ESPLANADE AV,636,N,N,A,-,N,NA,NA,NA,NA,NA,NA,NA,NA,NA,Y,3,0,4,2,A,-,03,22350,NA,N,G,B,E,A,A,-,A,D,0,Y,NA,NA,NA,Y,NA,D,22,0,3,1,0,1,0,0,0,0,-,-,NA,NA,RIVERSIDE,SAN JACINTO,-117.01541315,33.77446053
6868324,2015,2016-09-19,9840,2015-03-23,1705,14571,NA,1,2,4,3344,0,1,1,NA,2,011,RT 15,BELLEGRAVE AV,852,S,N,A,-,Y,RIV,8,15,-,-,49.2,H,-,S,Y,4,0,1,3,A,-,03,22350,NA,N,C,C,A,A,H,-,A,D,1,NA,NA,NA,NA,Y,NA,A,01,0,0,1,0,0,0,0,0,0,-,-,33.98847,-117.5495,RIVERSIDE,EASTVALE,-117.54974079,33.98873709
6868367,2015,2015-05-20,9840,2015-03-24,1822,015802,RIVER,2,2,9,3300,0,1,1,NA,2,041,PICO AV,ASHBY LN,10,N,N,A,-,N,NA,NA,NA,NA,NA,NA,NA,NA,NA,N,2,0,1,2,A,-,08,22107,NA,N,B,C,A,A,H,-,A,D,0,NA,NA,NA,Y,Y,Y,F,27,1,0,0,0,0,0,0,0,0,-,-,NA,NA,RIVERSIDE,UNINCORPORATED,-117.16510985,33.79213739
6868865,2015,2015-04-14,3300,2015-02-20,1820,3613,508B,5,5,5,3341,0,0,0,NA,0,058,SCOTT RD,HAUN RD,263,E,N,A,-,N,NA,NA,NA,NA,NA,NA,NA,NA,NA,N,4,0,1,3,A,-,03,22350,NA,N,C,C,A,A,H,-,C,D,0,NA,NA,NA,NA,Y,NA,A,01,0,0,1,0,0,0,0,0,0,-,-,NA,NA,RIVERSIDE,MENIFEE,-117.17475878,33.64155
6869716,2015,2016-10-07,9840,2015-03-20,1523,14916,NA,5,2,9,3300,0,1,1,NA,2,040,RT 215,HARLEY KNOX RD,20,S,N,A,-,Y,RIV,8,215,-,R,32.33,H,-,N,Y,4,0,1,2,A,-,08,22107,NA,N,B,C,A,A,H,-,A,D,1,NA,NA,NA,NA,Y,NA,A,07,0,0,1,0,0,0,0,0,0,-,-,33.85799,-117.25745,RIVERSIDE,UNINCORPORATED,-117.25956096,33.86265478
6870476,2015,2015-04-14,3313,2015-03-28,0630,1539,WEST,6,5,7,3313,0,0,0,NA,0,A419,BANBURY DR,ALLENBY ST,500,S,N,A,-,N,NA,NA,NA,NA,NA,NA,NA,NA,NA,N,3,0,1,2,A,-,08,22107,NA,N,B,E,A,A,H,-,A,D,0,NA,NA,NA,NA,Y,NA,A,01,0,1,0,0,0,0,0,0,0,-,-,NA,NA,RIVERSIDE,RIVERSIDE,-117.46285356,33.9071861
6870551,2015,2015-04-16,3300,2015-03-18,1740,2664,506F,3,5,5,3341,0,0,0,NA,0,056,NEWPORT RD,HAUN RD,0,NA,Y,A,-,N,NA,NA,NA,NA,NA,NA,NA,NA,NA,Y,2,0,3,2,A,-,09,21453,C,N,A,C,A,A,H,-,A,A,0,NA,NA,NA,NA,Y,NA,A,07,1,0,2,0,0,0,0,0,0,-,-,NA,NA,RIVERSIDE,MENIFEE,-117.17552008,33.68506001
6870988,2015,2015-09-09,3300,2015-03-29,2200,4215,916A,7,5,4,3312,0,0,0,NA,0,034,PERRIS BL,EDISON POLE 74654 S,20,NA,N,A,-,N,NA,NA,NA,NA,NA,NA,NA,NA,NA,Y,4,0,2,2,A,-,12,22450,A,N,D,C,A,A,H,-,C,D,0,NA,NA,NA,NA,Y,NA,-,NA,0,0,2,0,0,0,0,0,0,-,-,NA,NA,RIVERSIDE,PERRIS,NA,NA
6871326,2015,2015-06-01,3311,2015-04-01,0856,15648,NA,3,5,4,3311,0,0,0,NA,0,002,SUNRISE WY,ALEJO RD,0,NA,Y,A,-,N,NA,NA,NA,NA,NA,NA,NA,NA,NA,Y,3,0,1,2,A,-,12,21453,A,N,D,C,A,A,A,-,A,A,0,NA,NA,NA,NA,Y,NA,A,01,0,1,0,0,0,0,0,0,0,-,-,NA,NA,RIVERSIDE,PALM SPRINGS,-116.52823003,33.83032001
6872363,2015,2015-04-08,3300,2015-03-12,2031,N4224,604C5,4,5,6,3394,0,0,0,NA,0,044,LASSELLE ST,KENTUCKY DERBY DR,0,NA,Y,A,-,N,NA,NA,NA,NA,NA,NA,NA,NA,NA,Y,3,0,1,1,A,-,08,22107,NA,N,E,I,A,A,H,-,C,A,0,NA,NA,NA,NA,Y,Y,A,01,0,1,0,0,0,0,0,0,0,-,-,NA,NA,RIVERSIDE,MORENO VALLEY,-117.20946009,33.86593001
6873888,2015,2015-04-13,3309,2015-03-20,1322,159,3309,5,5,4,3309,0,0,0,NA,0,004,AV 48,HJORTH ST,0,NA,Y,A,-,N,NA,NA,NA,NA,NA,NA,NA,NA,NA,N,4,0,1,2,A,-,03,22350,NA,N,C,C,A,A,H,-,A,A,0,NA,NA,NA,NA,Y,NA,A,01,0,0,1,0,0,0,0,0,0,-,-,NA,NA,RIVERSIDE,INDIO,-116.24681003,33.70000002
6874622,2015,2015-04-15,3300,2015-03-01,2008,N4445,544C,7,5,5,3335,0,0,0,NA,0,044,BUTTERFIELD STAGE RD,LA SERENA WY,0,NA,Y,C,-,N,NA,NA,NA,NA,NA,NA,NA,NA,NA,Y,3,0,3,2,A,-,09,21802,A,N,D,C,A,B,H,-,C,A,0,NA,NA,NA,NA,Y,NA,A,01,0,1,2,0,0,0,0,0,0,-,-,NA,NA,RIVERSIDE,TEMECULA,-117.10120008,33.53058002
6875691,2015,2015-05-12,3308,2015-03-11,1240,10563,515,3,5,5,3308,0,0,0,NA,0,NORTH,KIRBY ST,FLORIDA AV,84,N,N,A,-,N,NA,NA,NA,NA,NA,NA,NA,NA,NA,Y,4,0,2,4,A,-,03,22350,NA,N,C,C,A,A,H,-,A,A,0,NA,NA,NA,NA,Y,NA,A,01,0,0,2,0,0,0,0,0,0,-,-,NA,NA,RIVERSIDE,HEMET,-116.9978,33.74762004
6875720,2015,2017-03-06,3313,2015-03-21,1618,1506,EAST,6,5,7,3313,0,0,0,NA,0,CZ10,SYCAMORE CANYON BL,FAIR ISLE DR,0,NA,Y,A,-,N,NA,NA,NA,NA,NA,NA,NA,NA,NA,Y,3,0,1,2,A,-,09,21453,C,N,D,C,A,A,H,-,A,A,0,NA,NA,NA,NA,Y,NA,A,01,0,1,0,0,0,0,0,0,0,-,-,NA,NA,RIVERSIDE,RIVERSIDE,-117.30237005,33.94730011
6876086,2015,2016-10-10,9630,2015-03-26,0810,018811,NA,4,1,4,3311,0,1,1,NA,2,010,RT 10,NORTH INDIAN CANYON DR,528,W,N,A,-,Y,RIV,8,10,-,-,32.884,R,2,W,Y,4,0,1,2,A,-,03,22350,NA,N,C,C,A,A,H,-,A,D,1,NA,NA,NA,NA,Y,NA,A,07,0,0,1,0,0,0,0,0,0,FR,-,33.90518,-116.84903,RIVERSIDE,PALM SPRINGS,-116.54961903,33.90500145
6876122,2015,2015-05-19,9630,2015-03-19,1822,17467,NA,4,2,3,3305,1,4,S,NA,2,901,48TH AV,VAN BUREN ST,0,NA,Y,A,-,N,NA,NA,NA,NA,NA,NA,NA,NA,NA,N,4,0,1,2,A,-,06,21755,NA,N,B,C,A,A,H,-,A,D,0,NA,NA,NA,NA,Y,NA,A,01,0,0,1,0,0,0,0,0,0,-,-,33.70029,-116.19941,RIVERSIDE,COACHELLA,-116.19902008,33.70039011
6876255,2015,2015-04-29,3302,2015-04-07,1419,842,3302,2,5,3,3302,0,0,0,NA,0,003,BEAUMONT AV,CYRISE LN,152,S,N,-,-,N,NA,NA,NA,NA,NA,NA,NA,NA,NA,N,4,0,3,2,A,-,03,22350,NA,N,C,C,A,A,H,-,A,A,0,NA,NA,NA,Y,Y,NA,F,26,0,0,3,0,0,0,0,0,0,-,-,NA,NA,RIVERSIDE,BEAUMONT,-116.97721726,33.94450375
6876401,2015,2015-04-29,3300,2015-03-11,1205,N3626,002V,3,5,6,3345,0,0,0,NA,0,026,60TH ST,BAIN ST,7,N,N,A,-,N,NA,NA,NA,NA,NA,NA,NA,NA,NA,N,4,0,2,2,A,-,09,21802,A,N,D,C,A,A,H,-,A,A,0,NA,NA,NA,NA,Y,NA,A,07,0,0,2,0,0,0,0,0,0,-,-,NA,NA,RIVERSIDE,JURUPA VALLEY,-117.50584,33.97913
6876653,2014,2016-02-25,3300,2014-12-18,1650,4830,30B1,4,5,4,3318,0,0,0,NA,0,3T30,PARKVIEW DR,RT 111,0,NA,Y,A,-,N,NA,NA,NA,NA,NA,NA,NA,NA,NA,Y,4,0,1,2,A,-,08,22107,NA,N,D,C,A,A,H,-,C,A,0,NA,NA,NA,NA,Y,NA,A,01,0,0,1,0,0,0,0,0,0,-,-,NA,NA,RIVERSIDE,PALM DESERT,-116.40488007,33.73152008
6876804,2015,2016-09-16,3300,2015-03-02,0851,N3202,011G,1,5,4,3344,0,0,0,NA,0,060,CANTU GALLEANO RANCH RD,RT 15,8,E,N,A,-,Y,RIV,8,15,-,-,50.318,R,4,S,Y,4,0,2,2,A,-,12,21453,A,N,D,C,A,A,H,-,A,A,0,NA,NA,NA,NA,Y,NA,A,01,0,0,2,0,0,0,0,0,0,-,SF,NA,NA,RIVERSIDE,EASTVALE,-117.55051958,34.00500123
6877536,2015,2016-03-08,9840,2015-03-10,1840,020210,NA,2,2,9,3300,0,2,4,NA,2,045,CAJALCO RD,LA SIERRA AV,500,E,N,A,-,N,NA,NA,NA,NA,NA,NA,NA,NA,NA,Y,3,0,1,1,A,-,08,22107,NA,N,E,I,A,A,H,-,A,D,0,NA,NA,NA,NA,Y,NA,A,01,0,1,0,0,0,0,0,0,0,-,-,33.8288,-117.45652,RIVERSIDE,UNINCORPORATED,-117.45876058,33.82899986
6877955,2015,2016-12-07,9655,2015-04-08,2115,019049,NA,3,2,9,3300,0,1,3,NA,1,314,RT 74,STANFORD ST,0,NA,Y,A,-,Y,RIV,8,74,-,-,42.838,I,5,W,Y,4,0,1,2,A,-,09,21801,A,N,A,C,A,A,H,-,C,A,1,NA,NA,NA,NA,Y,NA,A,01,0,0,1,0,0,0,0,0,0,-,-,33.74739,-116.93252,RIVERSIDE,UNINCORPORATED,-116.93253286,33.74773164
6879770,2015,2015-04-20,9655,2015-04-05,1740,017106,NA,7,2,9,3300,0,3,5,NA,2,003,PUBLIC UTILITY ACCESS,GALICIA DR,200,N,N,A,-,N,NA,NA,NA,NA,NA,NA,NA,NA,NA,N,3,0,1,1,B,-,22,NA,NA,N,F,A,A,A,H,-,A,D,0,NA,NA,Y,NA,Y,NA,C,02,0,1,0,0,0,0,0,0,1,-,-,33.76556,-116.92351,RIVERSIDE,UNINCORPORATED,NA,NA
6881041,2015,2015-04-17,3300,2015-02-24,1535,N5539,905C,2,5,4,3307,0,0,0,NA,0,090,RAILROAD CANYON RD,FIRE STATION,197,N,N,A,-,N,NA,NA,NA,NA,NA,NA,NA,NA,NA,N,3,0,1,2,A,-,08,22107,NA,N,E,B,E,A,H,-,A,A,0,Y,NA,NA,NA,Y,NA,A,07,0,1,0,0,1,0,0,0,0,-,-,NA,NA,RIVERSIDE,LAKE ELSINORE,NA,NA
6881294,2015,2016-09-27,9630,2015-03-17,0500,012442,NA,2,3,3,3305,0,1,1,NA,2,301,RT 10,DILLON RD,8448,E,N,A,-,Y,RIV,8,10,-,-,62.3,H,-,W,Y,3,0,1,1,A,-,01,23152,A,N,E,I,A,A,H,-,D,D,1,NA,NA,NA,NA,Y,Y,A,01,0,1,0,0,0,0,0,0,0,-,-,33.70374,-116.12903,RIVERSIDE,COACHELLA,-116.11981266,33.70177291
6881353,2015,2016-09-12,9630,2015-03-06,0335,020645,NA,5,3,9,3300,0,1,3,NA,2,014,RT 111,OVERTURE DR,1056,N,N,A,-,Y,RIV,8,111,-,-,58.68,H,-,S,Y,2,0,2,1,A,-,01,23153,A,N,F,I,A,A,H,-,D,D,5,NA,NA,NA,NA,Y,Y,A,01,1,0,1,0,0,0,0,0,0,-,-,33.89073,-116.60952,RIVERSIDE,UNINCORPORATED,-116.60916407,33.89059944
6881728,2015,2015-04-22,3313,2015-03-29,2335,1798,C,7,5,7,3313,0,0,0,NA,0,A115,ARLINGTON AV,NEIL ST,0,NA,Y,A,-,N,NA,NA,NA,NA,NA,NA,NA,NA,NA,N,4,0,1,2,A,-,11,21954,A,N,G,B,D,A,H,-,C,D,0,Y,NA,NA,NA,Y,NA,N,60,0,0,1,0,1,0,0,0,0,-,-,NA,NA,RIVERSIDE,RIVERSIDE,-117.43738013,33.94593012
6882396,2015,2016-11-22,9685,2015-04-05,1930,13925,NA,7,2,5,3335,0,1,1,NA,2,030,RT 15,RANCHO CALIFORNIA RD,300,N,N,A,-,Y,RIV,8,15,-,-,5.04,H,-,N,N,4,0,1,2,A,-,03,22350,NA,N,C,C,A,A,H,-,B,D,1,NA,NA,NA,NA,Y,NA,A,01,0,0,1,0,0,0,0,0,0,-,-,NA,NA,RIVERSIDE,TEMECULA,-117.15161398,33.5017738
6882523,2015,2015-08-13,3300,2015-02-10,2234,4711,82E2,2,5,3,3305,0,0,0,NA,0,082,HARRISON ST,AVE 62,0,NA,Y,A,-,N,NA,NA,NA,NA,NA,NA,NA,NA,NA,N,4,0,1,2,A,-,12,21453,A,M,D,C,A,A,H,-,C,A,0,NA,NA,NA,NA,Y,NA,A,01,0,0,1,0,0,0,0,0,0,-,-,NA,NA,RIVERSIDE,COACHELLA,-116.18120005,33.59839011
6883482,2015,2015-04-30,3313,2015-04-01,0555,1026,W,3,5,7,3313,0,0,0,NA,0,T52,MAGNOLIA AV,LA SIERRA AV,0,NA,Y,A,-,N,NA,NA,NA,NA,NA,NA,NA,NA,NA,Y,4,0,2,2,A,-,12,21453,A,N,D,C,A,A,C,H,C,A,0,NA,NA,NA,NA,Y,NA,-,-,0,0,2,0,0,0,0,0,0,-,-,NA,NA,RIVERSIDE,RIVERSIDE,-117.47636009,33.90353005
6884739,2015,2015-04-21,3313,2015-03-21,0811,1631,W,6,5,7,3313,0,0,0,NA,0,B439,ARINGTON AV,FAIRHAVEN,375,N,N,A,-,N,NA,NA,NA,NA,NA,NA,NA,NA,NA,Y,4,0,4,2,B,-,22,NA,NA,N,B,C,A,A,H,-,A,D,0,NA,NA,NA,NA,Y,NA,A,01,0,0,4,0,0,0,0,0,0,-,-,NA,NA,RIVERSIDE,RIVERSIDE,-117.50965034,33.9517051
6889743,2015,2016-12-05,9655,2015-04-10,1730,NA,NA,5,2,3,3302,0,1,S,NA,2,901,RT 60,RT 10,1584,W,N,A,-,Y,RIV,8,60,-,-,30.2,H,-,W,Y,4,0,1,2,A,-,07,21658,A,N,B,C,A,A,H,-,B,D,0,NA,NA,NA,Y,Y,NA,G,25,0,0,1,0,0,0,0,0,0,-,-,33.93347,-116.99556,RIVERSIDE,BEAUMONT,-116.99521045,33.93334983
6890447,2015,2016-12-09,9840,2015-04-06,1105,016619,NA,1,1,6,3394,0,1,3,NA,2,025,RT 60,DAY ST,500,E,N,B,-,Y,RIV,8,60,-,-,13.43,H,-,W,Y,4,0,1,1,A,-,08,22107,NA,N,E,I,A,A,H,-,A,D,1,NA,NA,NA,NA,Y,NA,A,01,0,0,1,0,0,0,0,0,0,-,-,33.94228,-117.27586,RIVERSIDE,MORENO VALLEY,-117.27709314,33.94241741
6890452,2015,2016-11-19,9840,2015-04-09,1910,019874,NA,4,2,6,3315,0,1,3,NA,2,031,RT 91,GRAND AV,5280,E,N,A,-,Y,RIV,8,91,-,-,7.042,R,2,E,N,4,0,1,1,A,-,08,22107,NA,N,E,I,A,A,H,-,A,D,1,NA,NA,NA,NA,Y,NA,A,01,0,0,1,0,0,0,0,0,0,CN,-,33.88516,-117.54862,RIVERSIDE,CORONA,-117.55397992,33.8798072
6890454,2015,2016-12-05,9840,2015-04-13,1025,016619,NA,1,1,7,3313,0,1,1,NA,2,023,RT 215,MARTIN LUTHER KING BL,600,N,N,A,-,Y,RIV,8,215,-,-,41.028,R,1,N,Y,4,0,1,2,A,-,01,23152,A,N,C,C,A,A,H,-,A,A,1,NA,NA,NA,NA,Y,Y,A,07,0,0,1,0,0,0,0,0,0,FR,-,33.97032,-117.32937,RIVERSIDE,RIVERSIDE,-117.33000238,33.97054033
6891503,2015,2015-05-12,3300,2015-04-10,1318,4490,NA,5,5,5,3335,0,0,0,NA,0,NA,REDHAWK PKWY,TEMECULA PKWY,40,S,N,A,-,N,NA,NA,NA,NA,NA,NA,NA,NA,NA,Y,4,0,2,2,A,-,03,22350,NA,N,C,C,A,A,H,-,A,A,0,NA,NA,NA,NA,Y,NA,A,01,0,0,2,0,0,0,0,0,0,-,-,NA,NA,RIVERSIDE,TEMECULA,-117.10133493,33.48010897
6891537,2015,2015-05-08,3300,2015-04-10,1100,N2988,601E1,5,5,6,3394,0,0,0,NA,0,016,PERRIS BL,KALMIA ST,220,S,N,A,-,N,NA,NA,NA,NA,NA,NA,NA,NA,NA,Y,4,0,2,3,A,-,03,22350,NA,N,C,C,A,A,D,-,A,D,0,NA,NA,NA,NA,Y,NA,A,01,0,0,2,0,0,0,0,0,0,-,-,NA,NA,RIVERSIDE,MORENO VALLEY,-117.22651547,33.95332735