CASE_ID,ACCIDENT_YEAR,PROC_DATE,JURIS,COLLISION_DATE,COLLISION_TIME,OFFICER_ID,REPORTING_DISTRICT,DAY_OF_WEEK,CHP_SHIFT,POPULATION,CNTY_CITY_LOC,SPECIAL_COND,BEAT_TYPE,CHP_BEAT_TYPE,CITY_DIVISION_LAPD,CHP_BEAT_CLASS,BEAT_NUMBER,PRIMARY_RD,SECONDARY_RD,DISTANCE,DIRECTION,INTERSECTION,WEATHER_1,WEATHER_2,STATE_HWY_IND,CALTRANS_COUNTY,CALTRANS_DISTRICT,STATE_ROUTE,ROUTE_SUFFIX,POSTMILE_PREFIX,POSTMILE,LOCATION_TYPE,RAMP_INTERSECTION,SIDE_OF_HWY,TOW_AWAY,COLLISION_SEVERITY,NUMBER_KILLED,NUMBER_INJURED,PARTY_COUNT,PRIMARY_COLL_FACTOR,PCF_CODE_OF_VIOL,PCF_VIOL_CATEGORY,PCF_VIOLATION,PCF_VIOL_SUBSECTION,HIT_AND_RUN,TYPE_OF_COLLISION,MVIW,PED_ACTION,ROAD_SURFACE,ROAD_COND_1,ROAD_COND_2,LIGHTING,CONTROL_DEVICE,CHP_ROAD_TYPE,PEDESTRIAN_ACCIDENT,BICYCLE_ACCIDENT,MOTORCYCLE_ACCIDENT,TRUCK_ACCIDENT,NOT_PRIVATE_PROPERTY,ALCOHOL_INVOLVED,STWD_VEHTYPE_AT_FAULT,CHP_VEHTYPE_AT_FAULT,COUNT_SEVERE_INJ,COUNT_VISIBLE_INJ,COUNT_COMPLAINT_PAIN,COUNT_PED_KILLED,COUNT_PED_INJURED,COUNT_BICYCLIST_KILLED,COUNT_BICYCLIST_INJURED,COUNT_MC_KILLED,COUNT_MC_INJURED,PRIMARY_RAMP,SECONDARY_RAMP,LATITUDE,LONGITUDE,COUNTY,CITY,POINT_X,POINT_Y
8019373,2016,2016-04-15,3300,2016-02-20,0901,3683,002B,6,5,6,3345,0,0,0,NA,0,020,MISSION BL,AGATE ST,21,W,N,A,-,N,NA,NA,NA,NA,NA,NA,NA,NA,NA,Y,4,0,1,2,A,-,03,22350,NA,N,C,C,A,A,H,-,A,D,0,NA,NA,NA,NA,Y,NA,A,01,0,0,1,0,0,0,0,0,0,-,-,34.01187,-117.47108,RIVERSIDE,JURUPA VALLEY,-117.4711491,34.01179
8019410,2016,2016-04-15,3300,2016-03-01,1928,N4444,002T2,2,5,6,3345,0,0,0,NA,0,024,LIMONITE AV,CLAY ST,150,E,N,A,-,N,NA,NA,NA,NA,NA,NA,NA,NA,NA,N,4,0,1,2,A,-,09,21804,A,N,D,G,A,A,H,-,C,D,0,NA,Y,NA,NA,Y,NA,-,NA,0,0,1,0,0,0,1,0,0,-,-,33.97727,-117.46252,RIVERSIDE,JURUPA VALLEY,-117.46207295,33.97751472
8019526,2016,2017-02-09,3313,2016-03-08,1618,1537,W,2,5,7,3313,0,0,0,NA,0,T40,TYLER ST,RT 91,0,NA,Y,A,-,Y,RIV,8,91,-,-,12.907,R,4,E,N,3,0,1,2,A,-,12,21453,A,N,H,G,A,A,H,-,A,A,0,NA,Y,NA,NA,Y,NA,L,04,0,1,0,0,0,0,1,0,0,-,EF,NA,NA,RIVERSIDE,RIVERSIDE,-117.45885529,33.90511466
8019573,2016,2016-04-20,3311,2016-04-04,1842,16000,NA,1,5,4,3311,0,0,0,NA,0,006,EL PLACER RD,RAMON RD,0,NA,Y,A,B,N,NA,NA,NA,NA,NA,NA,NA,NA,NA,Y,3,0,2,2,A,-,12,21453,A,N,D,C,A,A,H,-,B,A,0,NA,NA,NA,NA,Y,NA,A,01,0,1,1,0,0,0,0,0,0,-,-,NA,NA,RIVERSIDE,PALM SPRINGS,-116.5062201,33.81588005
8021759,2016,2016-04-20,3300,2016-03-08,0733,N5539,905K,2,5,4,3307,0,0,0,NA,0,094,LAKE ST,ALBERHILL RANCH RD,250,W,N,A,-,N,NA,NA,NA,NA,NA,NA,NA,NA,NA,N,4,0,1,2,A,-,03,22350,NA,N,C,C,A,A,H,-,A,A,0,NA,NA,NA,NA,Y,NA,D,22,0,0,1,0,0,0,0,0,0,-,-,33.70506,-117.38921,RIVERSIDE,LAKE ELSINORE,-117.3895,33.704281
8022118,2016,2016-04-21,3308,2016-04-02,1512,6955,545,6,5,5,3308,0,0,0,NA,0,SOUTH,LYON AV,STETSON AV,20,N,N,A,-,N,NA,NA,NA,NA,NA,NA,NA,NA,NA,N,4,0,1,2,A,-,06,21755,A,M,B,C,A,A,H,-,A,A,0,NA,NA,NA,NA,Y,NA,D,22,0,0,1,0,0,0,0,0,0,-,-,NA,NA,RIVERSIDE,HEMET,-116.9890003,33.72939477
8024959,2016,2016-05-17,3300,2016-04-01,1541,N5189,910,5,5,5,3335,0,0,0,NA,0,062,RING RD,PROMENADE MALL S,100,S,N,A,-,N,NA,NA,NA,NA,NA,NA,NA,NA,NA,N,4,0,1,2,A,-,09,21801,A,N,D,C,A,A,H,-,A,D,0,NA,NA,NA,NA,Y,NA,A,01,0,0,1,0,0,0,0,0,0,-,-,NA,NA,RIVERSIDE,TEMECULA,-117.15128763,33.52661203
8025688,2016,2016-04-22,3300,2016-02-26,1555,N5835,603A3,5,5,6,3394,0,0,0,NA,0,MV32,IRIS AV,PERRIS BL,420,E,N,A,-,N,NA,NA,NA,NA,NA,NA,NA,NA,NA,Y,4,0,1,2,A,-,09,21804,A,N,D,C,A,A,H,-,A,D,0,NA,NA,NA,NA,Y,NA,A,01,0,0,1,0,0,0,0,0,0,-,-,NA,NA,RIVERSIDE,MORENO VALLEY,-117.2249208,33.88843
8026546,2016,2016-04-29,3300,2016-03-16,1910,4300,920A,3,5,4,3314,0,0,0,NA,0,070,LYON AV,RAMONA EXPWY,0,NA,Y,A,-,N,NA,NA,NA,NA,NA,NA,NA,NA,NA,Y,3,0,2,3,A,-,01,23152,A,F,D,C,A,A,H,-,C,A,0,NA,NA,NA,NA,Y,Y,A,07,0,1,1,0,0,0,0,0,0,-,-,NA,NA,RIVERSIDE,SAN JACINTO,-116.9850201,33.81080002
8026860,2016,2016-04-29,3300,2016-04-05,1546,N3558,916B,2,5,4,3312,0,0,0,NA,0,393,PERRIS BL,JARVIS ST,436,S,N,A,-,N,NA,NA,NA,NA,NA,NA,NA,NA,NA,N,3,0,3,3,A,-,03,22350,NA,N,C,C,A,A,H,-,A,D,0,NA,NA,NA,NA,Y,NA,A,01,0,1,2,0,0,0,0,0,0,-,-,NA,NA,RIVERSIDE,PERRIS,-117.22613,33.79079578
8026979,2016,2016-04-26,3300,2016-04-14,0740,N2988,603D1,4,5,6,3394,0,0,0,NA,0,038,KRAMERIA AV,PERRIS BL,173,W,N,A,-,N,NA,NA,NA,NA,NA,NA,NA,NA,NA,N,4,0,1,2,A,-,09,21804,A,N,D,C,A,A,H,-,A,D,0,NA,NA,NA,NA,Y,NA,A,07,0,0,1,0,0,0,0,0,0,-,-,33.88101,-117.22627,RIVERSIDE,MORENO VALLEY,-117.22673783,33.88106721
8027292,2016,2016-05-13,3300,2016-05-03,1812,N3130,916D,2,5,4,3312,0,0,0,NA,0,035,S PERRIS BL,E 4TH ST,154,S,N,A,-,N,NA,NA,NA,NA,NA,NA,NA,NA,NA,N,3,0,1,2,A,-,08,22107,NA,N,-,G,A,A,H,-,A,D,0,NA,Y,NA,NA,Y,NA,D,22,0,1,0,0,0,0,1,0,0,-,-,NA,NA,RIVERSIDE,PERRIS,-117.22609019,33.78194821
8028730,2016,2016-08-29,3300,2016-05-02,1400,4678,41B2,1,5,3,3392,0,0,0,NA,0,041,RT 111,WASHINGTON ST,0,W,N,A,-,N,NA,NA,NA,NA,NA,NA,NA,NA,NA,N,4,0,1,2,A,-,08,22100,NA,N,B,C,A,A,H,-,A,A,0,NA,NA,NA,NA,Y,NA,A,01,0,0,1,0,0,0,0,0,0,-,-,NA,NA,RIVERSIDE,LA QUINTA,-116.2949901,33.71528007
8030189,2016,2016-04-29,3300,2016-03-04,0823,N5791,001,5,5,6,3345,0,0,0,NA,0,014,LIMONITE AV,PERALTA PL,1226,W,N,A,-,N,NA,NA,NA,NA,NA,NA,NA,NA,NA,Y,3,0,1,1,A,-,08,22107,NA,N,E,I,A,A,H,-,A,D,0,NA,NA,NA,NA,Y,NA,A,01,0,1,0,0,0,0,0,0,0,-,-,33.98144,-117.43954,RIVERSIDE,JURUPA VALLEY,-117.44311736,33.9799023
8030349,2016,2016-05-02,3311,2016-03-23,1720,15970,3311,3,5,4,3311,0,0,0,NA,0,001,NORTH INDIAN CANYON DR,TRAMVIEW RD,1584,N,N,A,-,N,NA,NA,NA,NA,NA,NA,NA,NA,NA,N,4,0,1,2,A,-,09,21801,A,N,A,C,A,A,H,-,A,D,0,NA,NA,NA,NA,Y,NA,A,01,0,0,1,0,0,0,0,0,0,-,-,NA,NA,RIVERSIDE,PALM SPRINGS,-116.54593,33.86668
8032477,2016,2016-06-22,3300,2016-04-21,1450,2403,NA,4,5,4,3314,0,0,0,NA,0,NA,SANTA FE AV,ESPLANADE AV,129,N,N,A,-,N,NA,NA,NA,NA,NA,NA,NA,NA,NA,Y,4,0,3,2,A,-,09,21804,A,N,D,C,A,A,H,-,A,D,0,NA,NA,NA,Y,Y,NA,G,26,0,0,3,0,0,0,0,0,0,-,-,33.77296,-116.96315,RIVERSIDE,SAN JACINTO,-116.96318238,33.77338326
8033148,2016,2016-05-05,3301,2016-03-15,0730,U457,17,2,5,4,3301,0,0,0,NA,0,001,E BARBOUR ST,ORCHARD LN,55,E,N,A,-,N,NA,NA,NA,NA,NA,NA,NA,NA,NA,N,4,0,1,2,A,-,11,21954,A,M,G,B,E,A,H,-,A,D,0,Y,NA,NA,NA,Y,NA,-,NA,0,0,1,0,1,0,0,0,0,-,-,33.91992,-116.8767,RIVERSIDE,BANNING,-116.87489935,33.91991
8033492,2016,2016-05-05,3313,2016-03-22,1728,1770,N,2,5,7,3313,0,0,0,NA,0,T71,COLUMBIA AV,CLOVERDALE ST,60,W,N,A,-,N,NA,NA,NA,NA,NA,NA,NA,NA,NA,N,3,0,1,2,A,-,08,22107,NA,N,B,E,A,A,H,-,A,D,0,NA,NA,Y,NA,Y,NA,C,02,0,1,0,0,0,0,0,0,1,-,-,34.01022,-117.37094,RIVERSIDE,RIVERSIDE,-117.37104511,34.01009588
8035994,2016,2016-04-29,3313,2016-04-02,0825,1720,E,6,5,7,3313,0,0,0,NA,0,B215,CENTRAL AV,VICTORIA AV,30,E,N,A,-,N,NA,NA,NA,NA,NA,NA,NA,NA,NA,N,3,0,1,2,A,-,08,22107,NA,N,H,G,A,A,H,-,A,A,0,NA,Y,NA,NA,Y,NA,A,01,0,1,0,0,0,0,1,0,0,-,-,33.95359,-117.37023,RIVERSIDE,RIVERSIDE,-117.37036137,33.95376
8037916,2016,2016-05-12,3311,2016-04-25,1419,15979,3311,1,5,4,3311,0,0,0,NA,0,003,SOUTH INDIAN CANYON,ARENAS,44,S,N,A,-,N,NA,NA,NA,NA,NA,NA,NA,NA,NA,N,4,0,1,3,A,-,04,21703,NA,N,C,C,A,A,H,-,A,A,0,NA,NA,NA,NA,Y,NA,A,01,0,0,1,0,0,0,0,0,0,-,-,NA,NA,RIVERSIDE,PALM SPRINGS,-116.54557865,33.82110958
8038502,2016,2016-05-11,3300,2016-03-30,1339,N3546,910S,3,5,5,3335,0,0,0,NA,0,070,MARGARITA RD,SANTIAGO RD,1000,S,N,A,-,N,NA,NA,NA,NA,NA,NA,NA,NA,NA,N,4,0,1,1,A,-,08,22107,NA,N,H,I,A,A,H,-,A,A,0,NA,NA,NA,NA,Y,NA,A,01,0,0,1,0,0,0,0,0,0,-,-,33.49367,-117.11184,RIVERSIDE,TEMECULA,-117.11084133,33.49126532
8038518,2016,2016-05-11,3306,2016-03-07,1753,135,NA,1,5,3,3306,0,0,0,NA,0,NA,TWO BUNCH PALMS TRL,CACTUS DR,0,NA,Y,A,-,N,NA,NA,NA,NA,NA,NA,NA,NA,NA,Y,4,0,1,2,A,-,12,22450,A,N,D,C,A,B,H,-,D,A,0,NA,NA,NA,NA,Y,NA,A,01,0,0,1,0,0,0,0,0,0,-,-,NA,NA,RIVERSIDE,DESERT HOT SPRINGS,-116.50568005,33.94676004
8039890,2016,2017-02-21,3300,2016-01-03,1521,5017,916D,7,5,4,3312,0,0,0,NA,0,035,RT 215,ETHANAC RD,0,NA,Y,A,-,Y,RIV,8,215,-,-,22.978,R,4,S,N,4,0,1,2,A,-,08,22107,NA,N,-,C,A,A,H,-,A,A,0,NA,NA,NA,NA,Y,NA,A,07,0,0,1,0,0,0,0,0,0,-,SF,NA,NA,RIVERSIDE,PERRIS,-117.18953825,33.74605247
8041916,2016,2016-05-31,3313,2016-04-18,2001,1222,E,1,5,7,3313,0,0,0,NA,0,M36,BARTON ST,KRAMERIA AV,0,NA,Y,A,-,N,NA,NA,NA,NA,NA,NA,NA,NA,NA,Y,4,0,5,2,A,-,09,21802,A,N,D,C,A,A,H,-,C,A,0,NA,NA,NA,NA,Y,NA,A,01,0,0,5,0,0,0,0,0,0,-,-,33.88004,-117.31387,RIVERSIDE,RIVERSIDE,-117.31388004,33.88020009
8042073,2016,2016-06-02,3300,2016-05-22,1626,N3130,916D,7,5,4,3312,0,0,0,NA,0,035,GOETZ RD,ETHANAC RD,0,NA,Y,A,-,N,NA,NA,NA,NA,NA,NA,NA,NA,NA,Y,4,0,2,2,A,-,12,21453,A,N,D,C,A,A,H,-,A,A,0,NA,NA,NA,NA,Y,NA,D,22,0,0,2,0,0,0,0,0,0,-,-,NA,NA,RIVERSIDE,PERRIS,-117.22356,33.74305005
8042373,2016,2016-06-16,3300,2016-04-11,1600,4449,002V,1,5,6,3345,0,0,0,NA,0,026,LIMONITE AV,ETIWANDA AV,690,W,N,A,-,N,NA,NA,NA,NA,NA,NA,NA,NA,NA,Y,4,0,1,2,A,-,08,22107,NA,N,B,C,A,A,H,-,A,D,0,NA,NA,NA,Y,Y,NA,-,-,0,0,1,0,0,0,0,0,0,-,-,33.97558,-117.52343,RIVERSIDE,JURUPA VALLEY,-117.52557872,33.97541637
8044116,2016,2016-05-24,3308,2016-03-23,1103,10492,294,3,5,5,3308,0,0,0,NA,0,NORTH,INDIANGRASS DR,SORKSBILL DR,411,S,N,A,-,N,NA,NA,NA,NA,NA,NA,NA,NA,NA,Y,4,0,1,2,A,-,08,22107,NA,N,E,E,A,A,H,-,A,A,0,NA,NA,NA,NA,Y,NA,A,01,0,0,1,0,0,0,0,0,0,-,-,NA,NA,RIVERSIDE,HEMET,-117.00868731,33.76386446
8045351,2016,2016-05-23,3300,2016-03-27,1253,N3202,12F,7,5,4,3344,0,0,0,NA,0,064,ARCHIBALD AV,HIDDEN WATER RD,0,NA,Y,A,-,N,NA,NA,NA,NA,NA,NA,NA,NA,NA,Y,4,0,3,2,A,-,12,21453,A,N,D,C,A,A,H,-,A,A,0,NA,NA,NA,NA,Y,NA,A,01,0,0,3,0,0,0,0,0,0,-,-,33.94264,-117.59307,RIVERSIDE,EASTVALE,-117.59317003,33.94271003
8047105,2016,2016-05-18,3300,2016-04-17,1331,5208,905D,7,5,4,3307,0,0,0,NA,0,091,VILLAGE PKWY,FIRST GREEN AV,0,NA,Y,A,-,N,NA,NA,NA,NA,NA,NA,NA,NA,NA,N,4,0,1,2,A,-,06,21750,A,N,D,C,A,A,H,-,A,D,0,NA,NA,Y,NA,Y,NA,C,03,0,0,1,0,0,0,0,0,1,-,-,NA,NA,RIVERSIDE,LAKE ELSINORE,-117.30378,33.65033
8047354,2016,2017-02-11,3300,2016-04-07,0712,4254,905L,4,5,4,3307,0,0,0,NA,0,093,RIVERSIDE DR,LINCOLN ST,0,NA,Y,B,-,Y,RIV,8,74,-,-,13.46,H,-,E,Y,3,0,2,3,A,-,03,22350,NA,N,C,-,A,A,H,-,A,A,0,NA,NA,NA,NA,Y,NA,A,01,0,1,1,0,0,0,0,0,0,-,-,NA,NA,RIVERSIDE,LAKE ELSINORE,-117.37425362,33.6760617
8048276,2016,2016-05-26,3300,2016-04-08,2120,4406,602A2,5,5,6,3394,0,0,0,NA,0,022,DAY ST,COTTONWOOD AV,0,NA,Y,B,-,N,NA,NA,NA,NA,NA,NA,NA,NA,NA,Y,3,0,1,2,A,-,12,21453,A,N,D,C,A,B,H,-,C,A,0,NA,NA,NA,NA,Y,NA,A,01,0,1,0,0,0,0,0,0,0,-,-,33.92418,-117.2788,RIVERSIDE,MORENO VALLEY,-117.27879013,33.92413006
8050087,2016,2016-06-09,3300,2016-05-20,1026,4323,910A,5,5,5,3335,0,0,0,NA,0,061,YNEZ RD,PALM PLAZA DR,15,S,N,A,-,N,NA,NA,NA,NA,NA,NA,NA,NA,NA,Y,4,0,2,2,A,-,03,22350,NA,N,C,C,A,A,H,-,A,A,0,NA,NA,NA,NA,Y,NA,A,01,0,0,2,0,0,0,0,0,0,-,-,NA,NA,RIVERSIDE,TEMECULA,-117.157146,33.521601
8050784,2016,2016-06-08,3300,2016-03-26,1724,4927,002J,6,5,6,3345,0,0,0,NA,0,022,COUNTRY VILLAGE RD,COUNTRY CLUB DR,12,N,N,A,-,N,NA,NA,NA,NA,NA,NA,NA,NA,NA,Y,4,0,1,2,A,-,03,22350,NA,N,C,C,A,A,H,-,A,A,0,NA,NA,NA,NA,Y,NA,A,01,0,0,1,0,0,0,0,0,0,-,-,34.02325,-117.50742,RIVERSIDE,JURUPA VALLEY,-117.50777874,34.02316152
8053240,2016,2016-06-07,3313,2016-04-17,1951,1819,C,7,5,7,3313,0,0,0,NA,0,C330,VICTORIA AV,GRATTON ST,350,W,N,A,-,N,NA,NA,NA,NA,NA,NA,NA,NA,NA,Y,3,0,1,1,A,-,01,23152,A,N,E,I,A,A,H,-,C,D,0,NA,NA,NA,NA,Y,Y,A,07,0,1,0,0,0,0,0,0,0,-,-,33.91512,-117.41498,RIVERSIDE,RIVERSIDE,-117.41623925,33.91481839
8054347,2016,2016-06-20,3313,2016-04-25,2048,1537,E,1,5,7,3313,0,0,0,NA,0,T40,ALESSANDRO BL,GEM LN,144,E,N,C,-,N,NA,NA,NA,NA,NA,NA,NA,NA,NA,N,4,0,1,1,C,-,18,NA,NA,N,E,J,A,B,C,-,D,D,0,NA,NA,NA,NA,Y,NA,-,-,0,0,1,0,0,0,0,0,0,-,-,NA,NA,RIVERSIDE,RIVERSIDE,-117.3001768,33.91674014
8054804,2016,2016-08-05,3300,2016-05-08,2125,3613,504C,7,5,5,3341,0,0,0,NA,0,054,BRADLEY RD,MCCALL BL,53,S,N,A,-,N,NA,NA,NA,NA,NA,NA,NA,NA,NA,N,4,0,1,2,A,-,03,22350,NA,N,C,C,A,A,H,-,C,A,0,NA,NA,NA,NA,Y,NA,A,07,0,0,1,0,0,0,0,0,0,-,-,33.71514,-117.19222,RIVERSIDE,MENIFEE,-117.19221941,33.71505584
8055052,2016,2016-06-08,3300,2016-04-23,1720,N3626,901B,6,5,4,3310,0,0,0,NA,0,050,NORTH DR,CALIFORNIA AV,150,E,N,A,-,N,NA,NA,NA,NA,NA,NA,NA,NA,NA,N,4,0,1,1,C,-,18,NA,NA,N,F,A,A,A,H,-,A,D,0,NA,NA,NA,NA,Y,NA,-,-,0,0,1,0,0,0,0,0,0,-,-,NA,NA,RIVERSIDE,NORCO,-117.52813,33.95377
8055661,2016,2016-06-02,3313,2016-04-10,2248,1506,EAST,7,5,7,3313,0,0,0,NA,0,A215,ALLESANDRO BL,OVERLOOK PKWY,230,N,N,C,-,N,NA,NA,NA,NA,NA,NA,NA,NA,NA,Y,2,0,1,1,A,-,01,23152,A,N,E,I,A,B,H,-,C,D,0,NA,NA,NA,NA,Y,Y,A,07,1,0,0,0,0,0,0,0,0,-,-,NA,NA,RIVERSIDE,RIVERSIDE,-117.34025337,33.92596073
8056090,2016,2016-06-16,3300,2016-05-28,1545,N4187,503D,6,5,5,3341,0,0,0,NA,0,053,OAKHURST AV,OVERLAND WY,19,N,N,A,-,N,NA,NA,NA,NA,NA,NA,NA,NA,NA,Y,3,0,1,2,A,-,09,21800,A,N,D,C,A,A,H,-,A,D,0,NA,NA,NA,NA,Y,NA,A,01,0,1,0,0,0,0,0,0,0,-,-,33.71724,-117.16549,RIVERSIDE,MENIFEE,-117.16533461,33.71726327
8056386,2016,2017-02-09,3311,2016-05-25,1436,15953,NA,3,5,4,3311,0,0,0,NA,0,004,RT 111,SCOTIA LN,0,NA,N,A,-,Y,RIV,8,111,-,T,52.271,I,5,N,Y,4,0,1,2,A,-,09,21801,A,N,D,C,A,A,H,-,A,D,0,NA,NA,NA,NA,Y,NA,A,01,0,0,1,0,0,0,0,0,0,-,-,33.84495,-116.51804,RIVERSIDE,PALM SPRINGS,-116.51767232,33.84490585
8058290,2016,2016-06-10,3300,2016-05-03,1138,4996,602D1,2,5,6,3394,0,0,0,NA,0,MV26,SUNNYMEAD BL,HEACOCK ST,610,W,N,A,-,N,NA,NA,NA,NA,NA,NA,NA,NA,NA,Y,4,0,4,2,A,-,09,21804,A,N,D,C,A,A,H,-,A,A,0,NA,NA,NA,NA,Y,NA,A,08,0,0,4,0,0,0,0,0,0,-,-,33.93906,-117.24377,RIVERSIDE,MORENO VALLEY,-117.24579441,33.93902294
8058795,2016,2016-06-14,3300,2016-05-18,1029,3924,38B2,3,5,4,3318,0,0,0,NA,0,038,DINAH SHORE DR,LEILANI WY,0,NA,Y,A,-,N,NA,NA,NA,NA,NA,NA,NA,NA,NA,Y,3,0,2,2,A,-,09,21802,A,N,D,C,A,A,H,-,A,A,0,NA,NA,NA,NA,Y,NA,D,22,0,1,1,0,0,0,0,0,0,-,-,33.79878,-116.3811,RIVERSIDE,PALM DESERT,-116.38115008,33.79886011
8059005,2016,2016-06-13,3300,2016-06-02,1145,N5073,36,4,5,4,3318,0,0,0,NA,0,T390,FRED WARING DR,DEEP CANYON,0,NA,Y,A,-,N,NA,NA,NA,NA,NA,NA,NA,NA,NA,Y,3,0,1,2,A,-,09,21453,C,N,D,C,A,A,H,-,A,A,0,NA,NA,NA,NA,Y,NA,A,07,0,1,0,0,0,0,0,0,0,-,-,NA,NA,RIVERSIDE,PALM DESERT,-116.3650301,33.72892004
8059547,2016,2016-06-15,3300,2016-05-17,1231,4996,601E2,2,5,6,3394,0,0,0,NA,0,MV16,MOONRAKER LN,DAVIS ST,19,E,N,A,-,N,NA,NA,NA,NA,NA,NA,NA,NA,NA,Y,3,0,1,1,A,-,08,22107,NA,N,E,I,A,A,H,-,A,D,0,NA,NA,NA,NA,Y,NA,A,01,0,1,0,0,0,0,0,0,0,-,-,33.95278,-117.23953,RIVERSIDE,MORENO VALLEY,-117.23951767,33.95265672
8061057,2016,2016-07-26,3313,2016-05-31,0748,1026,C,2,5,7,3313,0,0,0,NA,0,T52,ADAMS ST,BRIARWOOD DR,18,N,N,A,-,N,NA,NA,NA,NA,NA,NA,NA,NA,NA,Y,4,0,3,2,A,-,03,22350,NA,N,C,C,A,A,H,-,A,A,0,NA,NA,NA,NA,Y,NA,D,22,0,0,3,0,0,0,0,0,0,-,-,33.92918,-117.42135,RIVERSIDE,RIVERSIDE,-117.4214031,33.92945088
8061568,2016,2016-06-20,3315,2016-06-02,1557,11119,3H,4,5,6,3315,0,0,0,NA,0,NA,6TH ST,GRAND BL,870,E,N,A,-,N,NA,NA,NA,NA,NA,NA,NA,NA,NA,N,4,0,1,2,A,-,09,21801,A,N,H,G,A,A,H,-,A,D,0,NA,Y,NA,NA,Y,NA,-,NA,0,0,1,0,0,0,1,0,0,-,-,NA,NA,RIVERSIDE,CORONA,-117.57116416,33.87591526
8062285,2016,2016-07-05,3300,2016-06-06,1440,4996,602D3,1,5,6,3394,0,0,0,NA,0,MV26,INDIAN ST,ALESSANDRO BL,0,NA,Y,A,-,N,NA,NA,NA,NA,NA,NA,NA,NA,NA,N,4,0,1,2,A,-,12,21453,A,N,D,C,A,A,H,-,A,A,0,NA,NA,NA,NA,Y,NA,A,01,0,0,1,0,0,0,0,0,0,-,-,33.94724,-117.23409,RIVERSIDE,MORENO VALLEY,-117.23498002,33.91736007
8062530,2016,2016-06-21,3308,2016-05-25,1426,10610,517,3,5,5,3308,0,0,0,NA,0,SOUTH,BUENA VISTA ST,DATE ST,0,NA,Y,A,-,N,NA,NA,NA,NA,NA,NA,NA,NA,NA,N,4,0,7,2,A,-,09,21801,A,N,A,C,A,A,H,-,A,D,0,NA,NA,NA,NA,Y,NA,A,01,0,0,7,0,0,0,0,0,0,-,-,NA,NA,RIVERSIDE,HEMET,-116.96737003,33.75298007
8062603,2016,2016-06-14,3315,2016-06-02,1258,001641,3H,4,5,6,3315,0,0,0,NA,0,NA,GRAND BL,GARRETSON AV,128,E,N,A,-,N,NA,NA,NA,NA,NA,NA,NA,NA,NA,Y,3,0,1,2,A,-,03,22350,NA,N,C,C,A,A,H,-,A,D,0,NA,NA,NA,NA,Y,NA,D,22,0,1,0,0,0,0,0,0,0,-,-,NA,NA,RIVERSIDE,CORONA,-117.56170862,33.87032483
8063375,2016,2016-06-16,3300,2016-06-01,1449,4309,507B,3,5,5,3341,0,0,0,NA,0,057,NEWPORT RD,WESTLINK DR,0,NA,Y,A,-,N,NA,NA,NA,NA,NA,NA,NA,NA,NA,N,4,0,2,2,A,-,09,21453,C,N,D,C,A,A,H,-,A,A,0,NA,NA,NA,NA,Y,NA,D,22,0,0,2,0,0,0,0,0,0,-,-,33.68513,-117.16289,RIVERSIDE,MENIFEE,-117.16289001,33.68510008
8063869,2016,2016-06-17,3300,2016-04-03,2030,5025,002,7,5,6,3345,0,0,0,NA,0,020,GLEN ST,44TH ST,523,S,N,A,-,N,NA,NA,NA,NA,NA,NA,NA,NA,NA,Y,3,0,1,2,A,-,01,23152,A,N,C,E,A,A,H,-,D,D,0,NA,NA,NA,NA,Y,Y,A,01,0,1,0,0,0,0,0,0,0,-,-,34.00819,-117.48166,RIVERSIDE,JURUPA VALLEY,-117.48181,34.00665689
8064300,2016,2016-06-21,3300,2016-05-25,1820,4050,011K,3,5,4,3344,0,0,0,NA,0,61C1,LIMONITE AV,CLOVERDALE MARKETPLACE,194,E,N,A,-,N,NA,NA,NA,NA,NA,NA,NA,NA,NA,Y,4,0,1,3,A,-,03,22350,NA,N,C,C,A,A,H,-,A,A,0,NA,NA,NA,NA,Y,NA,D,22,0,0,1,0,0,0,0,0,0,-,-,NA,NA,RIVERSIDE,EASTVALE,-117.56050201,33.97543
8064516,2016,2016-06-21,3313,2016-05-21,0858,581,WEST,6,5,7,3313,0,0,0,NA,0,B335,RIVERWALK PKWY,COLLETT AV,323,N,N,A,-,N,NA,NA,NA,NA,NA,NA,NA,NA,NA,N,4,0,1,2,A,-,08,22107,NA,N,B,C,A,A,H,-,A,D,0,NA,NA,NA,NA,Y,NA,A,01,0,0,1,0,0,0,0,0,0,-,-,NA,NA,RIVERSIDE,RIVERSIDE,-117.49464215,33.90678077
8066197,2016,2016-06-23,3300,2016-06-09,2236,4391,602D3,4,5,6,3394,0,0,0,NA,0,026,HEACOCK ST,ALESSANDRO BL,0,NA,Y,A,-,N,NA,NA,NA,NA,NA,NA,NA,NA,NA,Y,4,0,3,3,A,-,01,23153,A,F,D,C,A,A,H,-,C,A,0,NA,NA,NA,NA,Y,Y,D,22,0,0,3,0,0,0,0,0,0,-,-,33.91726,-117.24374,RIVERSIDE,MORENO VALLEY,-117.24374002,33.91734001
8066341,2016,2017-02-11,3300,2016-05-25,1218,N5539,905I,3,5,4,3307,0,0,0,NA,0,095,COLLIER AV,RIVERSIDE DR,95,S,N,A,-,Y,RIV,8,74,-,R,15.68,H,-,W,N,4,0,2,2,A,-,03,22350,NA,N,C,C,A,A,H,-,A,A,0,NA,NA,NA,NA,Y,NA,A,01,0,0,2,0,0,0,0,0,0,-,-,33.69506,-117.3462,RIVERSIDE,LAKE ELSINORE,-117.34598131,33.69490592
8066587,2016,2016-06-22,3300,2016-04-29,1152,3968,604E1,5,5,6,3394,0,0,0,NA,0,MV46,REDLANDS BL,BAY AV,152,N,N,A,-,N,NA,NA,NA,NA,NA,NA,NA,NA,NA,Y,3,0,1,1,A,-,08,22107,NA,N,E,I,A,A,H,-,A,D,0,NA,NA,NA,NA,Y,NA,A,01,0,1,0,0,0,0,0,0,0,-,-,33.92074,-117.15669,RIVERSIDE,MORENO VALLEY,-117.15672000000001,33.92141635
8066607,2016,2017-02-24,3300,2016-04-19,1735,4571,601E5,2,5,6,3394,0,0,0,NA,0,016,PERRIS BL,RT 60,40,N,N,A,-,Y,RIV,8,60,-,-,16.141,R,4,W,Y,4,0,1,2,A,-,12,21453,A,N,D,C,A,A,H,-,A,A,0,NA,NA,NA,NA,Y,NA,A,01,0,0,1,0,0,0,0,0,0,-,WO,33.94024,-117.22645,RIVERSIDE,MORENO VALLEY,-117.23018801,33.94061576
8066726,2016,2016-06-24,3300,2016-05-19,0906,N5791,2H,4,5,6,3345,0,0,0,NA,0,022,MISSION BL,ISLAND AV,323,W,N,A,-,N,NA,NA,NA,NA,NA,NA,NA,NA,NA,Y,4,0,1,2,A,-,03,22350,NA,N,C,C,A,A,H,-,A,D,0,NA,NA,NA,NA,Y,NA,A,01,0,0,1,0,0,0,0,0,0,-,-,34.02111,-117.53395,RIVERSIDE,JURUPA VALLEY,-117.53528024,34.02160308