CASE_ID,ACCIDENT_YEAR,PROC_DATE,JURIS,COLLISION_DATE,COLLISION_TIME,OFFICER_ID,REPORTING_DISTRICT,DAY_OF_WEEK,CHP_SHIFT,POPULATION,CNTY_CITY_LOC,SPECIAL_COND,BEAT_TYPE,CHP_BEAT_TYPE,CITY_DIVISION_LAPD,CHP_BEAT_CLASS,BEAT_NUMBER,PRIMARY_RD,SECONDARY_RD,DISTANCE,DIRECTION,INTERSECTION,WEATHER_1,WEATHER_2,STATE_HWY_IND,CALTRANS_COUNTY,CALTRANS_DISTRICT,STATE_ROUTE,ROUTE_SUFFIX,POSTMILE_PREFIX,POSTMILE,LOCATION_TYPE,RAMP_INTERSECTION,SIDE_OF_HWY,TOW_AWAY,COLLISION_SEVERITY,NUMBER_KILLED,NUMBER_INJURED,PARTY_COUNT,PRIMARY_COLL_FACTOR,PCF_CODE_OF_VIOL,PCF_VIOL_CATEGORY,PCF_VIOLATION,PCF_VIOL_SUBSECTION,HIT_AND_RUN,TYPE_OF_COLLISION,MVIW,PED_ACTION,ROAD_SURFACE,ROAD_COND_1,ROAD_COND_2,LIGHTING,CONTROL_DEVICE,CHP_ROAD_TYPE,PEDESTRIAN_ACCIDENT,BICYCLE_ACCIDENT,MOTORCYCLE_ACCIDENT,TRUCK_ACCIDENT,NOT_PRIVATE_PROPERTY,ALCOHOL_INVOLVED,STWD_VEHTYPE_AT_FAULT,CHP_VEHTYPE_AT_FAULT,COUNT_SEVERE_INJ,COUNT_VISIBLE_INJ,COUNT_COMPLAINT_PAIN,COUNT_PED_KILLED,COUNT_PED_INJURED,COUNT_BICYCLIST_KILLED,COUNT_BICYCLIST_INJURED,COUNT_MC_KILLED,COUNT_MC_INJURED,PRIMARY_RAMP,SECONDARY_RAMP,LATITUDE,LONGITUDE,COUNTY,CITY,POINT_X,POINT_Y
8068597,2016,2016-06-22,3313,2016-05-24,1740,1499,E,2,5,7,3313,0,0,0,NA,0,T42,VAN BUREN BL,DAUCHY AV,1153,W,N,A,-,N,NA,NA,NA,NA,NA,NA,NA,NA,NA,N,2,0,1,2,A,-,03,22350,NA,N,C,C,A,A,H,-,A,D,0,NA,NA,Y,NA,Y,NA,C,02,1,0,0,0,0,0,0,0,1,-,-,NA,NA,RIVERSIDE,RIVERSIDE,-117.34387764,33.8871
8069146,2016,2016-06-29,3308,2016-06-17,1359,10525,516,5,5,5,3308,0,0,0,NA,0,NORTH,PALM AV,DEVONSHIRE AV,0,NA,Y,A,-,N,NA,NA,NA,NA,NA,NA,NA,NA,NA,N,4,0,1,2,A,-,09,21800,A,N,D,C,A,A,H,-,A,A,0,NA,NA,NA,NA,Y,NA,A,08,0,0,1,0,0,0,0,0,0,-,-,NA,NA,RIVERSIDE,HEMET,-116.98042002,33.75110009
8069957,2016,2016-07-11,3313,2016-06-09,2230,1783,WEST,4,5,7,3313,0,0,0,NA,0,A421,VAN BUREN BL,CHALLEN AV,0,NA,Y,A,-,N,NA,NA,NA,NA,NA,NA,NA,NA,NA,Y,4,0,2,2,A,-,12,21453,A,N,B,C,A,A,H,-,C,A,0,NA,NA,NA,NA,Y,NA,A,01,0,0,2,0,0,0,0,0,0,-,-,33.92903,-117.45359,RIVERSIDE,RIVERSIDE,-117.45365013,33.92888003
8074569,2016,2016-07-06,3315,2016-06-24,2335,11119,3C,5,5,6,3315,0,0,0,NA,0,NA,MAGNOLIA AV,EL SOBRANTE RD,100,E,N,A,-,N,NA,NA,NA,NA,NA,NA,NA,NA,NA,Y,4,0,1,3,A,-,01,23152,A,N,C,C,A,A,H,-,C,A,0,NA,NA,NA,NA,Y,Y,-,NA,0,0,1,0,0,0,0,0,0,-,-,33.86523,-117.54347,RIVERSIDE,CORONA,-117.54315645,33.86537359
8076777,2016,2016-07-13,3300,2016-05-21,0056,4609,601C3,6,5,6,3394,0,0,0,NA,0,MV12,PIGEON PASS RD,WESTERN RIDGE RD,0,NA,Y,A,-,N,NA,NA,NA,NA,NA,NA,NA,NA,NA,Y,2,0,1,1,A,-,03,22350,NA,F,E,I,A,A,H,-,C,A,0,NA,NA,NA,NA,Y,NA,A,01,1,0,0,0,0,0,0,0,0,-,-,33.95624,-117.26092,RIVERSIDE,MORENO VALLEY,-117.26089005,33.95616003
8077852,2016,2016-07-12,3315,2016-06-21,1838,002661,3F,2,5,6,3315,0,0,0,NA,0,002,3RD ST,VICTORIA AV,60,E,N,A,-,N,NA,NA,NA,NA,NA,NA,NA,NA,NA,N,3,0,1,2,A,-,09,21800,NA,N,G,G,A,A,H,-,A,D,0,NA,Y,NA,NA,Y,NA,L,04,0,1,0,0,0,0,1,0,0,-,-,33.87828,-117.56338,RIVERSIDE,CORONA,-117.56327433,33.87817997
8078004,2016,2016-07-14,3315,2016-06-16,1441,002089,3G,4,5,6,3315,0,0,0,NA,0,002,EL SOBRANTE RD,WEBB CIR,25,N,N,A,G,N,NA,NA,NA,NA,NA,NA,NA,NA,NA,Y,4,0,2,2,A,-,08,22102,NA,N,D,C,A,A,H,-,A,A,0,NA,NA,NA,NA,Y,NA,A,01,0,0,2,0,0,0,0,0,0,-,-,NA,NA,RIVERSIDE,CORONA,-117.5464637,33.8757156
8078890,2016,2016-08-29,3300,2016-06-11,1727,4689,NA,6,5,4,3318,0,0,0,NA,0,32E4,RT 74,MESA VIEW DR,0,NA,Y,A,-,N,NA,NA,NA,NA,NA,NA,NA,NA,NA,Y,3,0,1,1,A,-,01,23152,A,N,A,I,A,A,H,-,A,D,0,NA,NA,NA,NA,Y,Y,A,01,0,1,0,0,0,0,0,0,0,-,-,NA,NA,RIVERSIDE,PALM DESERT,-116.4,33.69606
8078894,2016,2016-08-31,3300,2016-06-21,1120,N5073,30G1,2,5,4,3318,0,0,0,NA,0,T390,SAN LUIS REY,RT 111,0,NA,Y,A,-,N,NA,NA,NA,NA,NA,NA,NA,NA,NA,N,4,0,1,2,A,-,10,21950,A,N,G,B,B,A,H,-,A,A,0,Y,NA,NA,NA,Y,NA,A,01,0,0,1,0,1,0,0,0,0,-,-,NA,NA,RIVERSIDE,PALM DESERT,-116.37712007,33.72137012
8080585,2016,2016-07-27,3300,2016-07-04,1627,N4636,910J,1,5,5,3335,0,0,0,NA,0,068,TEMECULA PKWY,OLD TOWN FRONT ST,0,NA,Y,A,-,N,NA,NA,NA,NA,NA,NA,NA,NA,NA,N,4,0,2,2,A,-,03,22350,NA,N,C,C,A,A,H,-,A,A,0,NA,NA,NA,NA,Y,NA,A,01,0,0,2,0,0,0,0,0,0,-,-,NA,NA,RIVERSIDE,TEMECULA,-117.14283013,33.48147004
8080842,2016,2016-07-11,3313,2016-06-23,1013,1847,W,4,5,7,3313,0,0,0,NA,0,T72,JACKSON,VAN BUREN BL,40,E,N,A,-,N,NA,NA,NA,NA,NA,NA,NA,NA,NA,N,4,0,1,2,A,-,03,22350,NA,N,C,C,A,A,H,-,A,A,0,NA,NA,NA,NA,Y,NA,D,22,0,0,1,0,0,0,0,0,0,-,-,NA,NA,RIVERSIDE,RIVERSIDE,-117.45373862,33.94279487
8082531,2016,2016-08-30,3300,2016-06-09,0936,4007,905D,4,5,4,3307,0,0,0,NA,0,L90,MISSION TRL,MALAGA RD,0,NA,Y,A,-,N,NA,NA,NA,NA,NA,NA,NA,NA,NA,Y,4,0,2,2,A,-,12,21453,A,N,D,C,A,A,H,-,A,A,0,NA,NA,NA,NA,Y,NA,A,01,0,0,2,0,0,0,0,0,0,-,-,NA,NA,RIVERSIDE,LAKE ELSINORE,-117.29639013,33.65247012
8084395,2016,2016-07-28,3313,2016-06-13,1641,0399,N,1,5,7,3313,0,0,0,NA,0,M18,LIME ST,MISSION INN AV,40,S,N,A,-,N,NA,NA,NA,NA,NA,NA,NA,NA,NA,Y,4,0,1,3,A,-,08,22107,NA,N,B,C,A,A,E,-,A,D,0,NA,NA,NA,NA,Y,NA,A,07,0,0,1,0,0,0,0,0,0,-,-,33.98128,-117.37045,RIVERSIDE,RIVERSIDE,-117.37041098,33.98119289
8085748,2016,2016-07-22,3315,2016-07-06,1210,11227,3F,3,5,6,3315,0,0,0,NA,0,NA,EAST 6TH ST,EAST GRAND BL,0,NA,Y,A,-,N,NA,NA,NA,NA,NA,NA,NA,NA,NA,NA,3,0,1,2,A,-,11,21954,A,N,G,B,D,A,H,-,A,A,0,Y,NA,NA,NA,Y,NA,N,60,0,1,0,0,1,0,0,0,0,-,-,NA,NA,RIVERSIDE,CORONA,-117.55879002,33.8745801
8085970,2016,2016-08-24,3313,2016-06-09,0952,1021,N,4,5,7,3313,0,0,0,NA,0,M21,MAIN ST,SPRUCE ST,0,NA,Y,B,-,N,NA,NA,NA,NA,NA,NA,NA,NA,NA,Y,3,0,2,3,A,-,12,21453,A,N,D,C,A,A,H,-,A,A,0,NA,NA,NA,NA,Y,NA,A,01,0,1,1,0,0,0,0,0,0,-,-,33.99424,-117.36614,RIVERSIDE,RIVERSIDE,-117.36615001,33.99430002
8086854,2016,2016-07-18,3313,2016-06-16,1735,0399,N,4,5,7,3313,0,0,0,NA,0,M18,LINDEN ST,ANDERSON AV,96,E,N,A,-,N,NA,NA,NA,NA,NA,NA,NA,NA,NA,Y,4,0,1,4,A,-,03,22350,NA,N,C,E,A,A,H,-,A,D,0,NA,NA,NA,NA,Y,NA,D,22,0,0,1,0,0,0,0,0,0,-,-,33.97926,-117.35104,RIVERSIDE,RIVERSIDE,-117.3508843,33.97932231
8086923,2016,2016-07-18,3313,2016-06-23,1354,1499,C,4,5,7,3313,0,0,0,NA,0,T42,JEFFERSON ST,LINCOLN AV,12,E,N,A,-,N,NA,NA,NA,NA,NA,NA,NA,NA,NA,N,4,0,1,2,A,-,09,21802,A,M,D,C,A,A,H,-,A,A,0,NA,NA,NA,NA,Y,NA,A,01,0,0,1,0,0,0,0,0,0,-,-,NA,NA,RIVERSIDE,RIVERSIDE,-117.4066878,33.92475282
8087110,2016,2016-07-18,3308,2016-06-21,1259,10492,504,2,5,5,3308,0,0,0,NA,0,NORTH,MENLO AV,SEATTLE ST,0,NA,Y,A,-,N,NA,NA,NA,NA,NA,NA,NA,NA,NA,Y,4,0,1,2,A,-,09,21801,A,N,D,C,A,A,H,-,A,A,0,NA,NA,NA,NA,Y,NA,A,01,0,0,1,0,0,0,0,0,0,-,-,NA,NA,RIVERSIDE,HEMET,-117.00904,33.75815002
8087804,2016,2016-07-26,3300,2016-06-12,1519,4839,001M,7,5,6,3345,0,0,0,NA,0,016,LIMONITE AV,PACIFIC AV,48,W,N,A,-,N,NA,NA,NA,NA,NA,NA,NA,NA,NA,Y,4,0,2,2,A,-,08,22100,A,N,C,C,A,A,H,-,A,A,0,NA,NA,NA,NA,Y,NA,A,01,0,0,2,0,0,0,0,0,0,-,-,33.99128,-117.42513,RIVERSIDE,JURUPA VALLEY,-117.4249903,33.99109972
8091437,2016,2016-07-29,3300,2016-07-03,1945,3536,602D3,7,5,6,3394,0,0,0,NA,0,MV26,ALESSANDRO BL,VIA VARGAS DR,0,NA,Y,A,-,N,NA,NA,NA,NA,NA,NA,NA,NA,NA,N,4,0,2,2,A,-,09,21801,A,N,D,C,A,A,H,-,C,D,0,NA,NA,NA,NA,Y,NA,A,01,0,0,2,0,0,0,0,0,0,-,-,33.91722,-117.23768,RIVERSIDE,MORENO VALLEY,-117.23765009,33.91735002
8092594,2016,2016-08-15,3300,2016-07-07,1700,4815,36P4,4,5,4,3318,0,0,0,NA,0,036,FRED WARING DR,PORTOLA AV,0,NA,Y,A,-,N,NA,NA,NA,NA,NA,NA,NA,NA,NA,N,3,0,1,2,A,-,-,NA,NA,M,D,G,A,A,H,-,C,A,0,NA,Y,NA,NA,Y,NA,A,01,0,1,0,0,0,0,1,0,0,-,-,NA,NA,RIVERSIDE,PALM DESERT,-116.37376013,33.72898006
8092893,2016,2016-07-28,3300,2016-05-21,2310,3613,507C,6,5,5,3341,0,0,0,NA,0,057,DOMENIGONI PKWY,LINDENBERGER RD,795,E,N,A,-,N,NA,NA,NA,NA,NA,NA,NA,NA,NA,Y,3,0,3,1,A,-,17,23109,A,N,H,I,A,A,H,-,D,D,0,NA,NA,NA,NA,Y,NA,A,01,0,1,2,0,0,0,0,0,0,-,-,33.68683,-117.14517,RIVERSIDE,MENIFEE,-117.14106195,33.69209448
8093991,2016,2016-07-26,3300,2016-07-08,1542,N5791,002V,5,5,6,3345,0,0,0,NA,0,026,LIMONITE AV,MANN AV,17,W,N,A,-,N,NA,NA,NA,NA,NA,NA,NA,NA,NA,N,3,0,1,2,A,-,09,21804,A,N,D,C,A,A,H,-,A,D,0,NA,NA,Y,NA,Y,NA,A,07,0,1,0,0,0,0,0,0,1,-,-,33.97556,-117.52124,RIVERSIDE,JURUPA VALLEY,-117.52112591,33.97547917
8094194,2016,2016-08-01,3300,2016-05-08,1350,4669,001G,7,5,6,3345,0,0,0,NA,0,014,MISSION BL,RIVERVIEW DR,0,NA,Y,A,-,N,NA,NA,NA,NA,NA,NA,NA,NA,NA,N,4,0,1,2,A,-,12,21453,A,N,D,C,A,A,H,-,A,A,0,NA,NA,NA,NA,Y,NA,A,01,0,0,1,0,0,0,0,0,0,-,-,33.99974,-117.41249,RIVERSIDE,JURUPA VALLEY,-117.41253,33.99967006
8095120,2016,2016-08-05,3300,2016-07-20,2030,4309,502A,3,5,5,3341,0,0,0,NA,0,052,MURRIETA RD,ROUSE RD,550,N,N,A,-,N,NA,NA,NA,NA,NA,NA,NA,NA,NA,N,3,0,1,2,A,-,00,21760,C,N,B,G,A,A,H,-,C,D,0,NA,Y,NA,NA,Y,NA,A,07,0,1,0,0,0,0,1,0,0,-,-,33.72885,-117.2061,RIVERSIDE,MENIFEE,-117.20624799,33.73027661
8095705,2016,2016-08-05,3313,2016-07-03,1340,1720,E,7,5,7,3313,0,0,0,NA,0,B215,WOOD RD,VAN BUREN BL,385,N,N,A,-,N,NA,NA,NA,NA,NA,NA,NA,NA,NA,Y,2,0,2,2,A,-,08,22107,NA,N,B,C,A,A,H,-,A,A,0,NA,NA,NA,NA,Y,NA,A,01,1,0,1,0,0,0,0,0,0,-,-,33.88715,-117.33126,RIVERSIDE,RIVERSIDE,-117.33133902,33.88820418
8096095,2016,2016-08-05,3313,2016-07-03,1350,1797,NA,7,5,7,3313,0,0,0,NA,0,NA,WATKINS DR,BLAINE ST,1395,S,N,A,-,N,NA,NA,NA,NA,NA,NA,NA,NA,NA,N,3,0,1,1,A,-,08,22107,NA,N,E,I,A,A,H,-,A,D,0,NA,NA,NA,NA,Y,Y,A,01,0,1,0,0,0,0,0,0,0,-,-,33.98299,-117.32589,RIVERSIDE,RIVERSIDE,-117.32249256,33.98049014
8096115,2016,2016-08-05,3313,2016-07-10,0022,1813,E,7,5,7,3313,0,0,0,NA,0,A215,ORANGE TERRACE PKWY,YARROW LN,0,NA,Y,A,-,N,NA,NA,NA,NA,NA,NA,NA,NA,NA,Y,3,0,4,2,A,-,09,21802,A,N,D,C,A,A,H,-,C,A,0,NA,NA,NA,NA,Y,NA,A,01,0,1,3,0,0,0,0,0,0,-,-,NA,NA,RIVERSIDE,RIVERSIDE,-117.30034001,33.89449009
8097005,2016,2016-08-15,3300,2016-07-09,1610,4071,603C2,6,5,6,3394,0,0,0,NA,0,MV36,CACTUS AV,KITCHING ST,0,NA,Y,A,-,N,NA,NA,NA,NA,NA,NA,NA,NA,NA,Y,3,0,1,2,A,-,12,21453,A,N,D,C,A,A,H,-,A,A,0,NA,NA,NA,NA,Y,NA,D,22,0,1,0,0,0,0,0,0,0,-,-,33.93988,-117.21752,RIVERSIDE,MORENO VALLEY,-117.2173401,33.91006011
8097819,2016,2016-08-17,3300,2016-07-06,1250,N3642,012C,3,5,4,3344,0,0,0,NA,0,065,SCHLEISMAN RD,SCHOLAR WY,34,N,N,A,-,N,NA,NA,NA,NA,NA,NA,NA,NA,NA,Y,4,0,1,2,A,-,12,21453,A,N,D,C,A,A,H,-,A,A,0,NA,NA,NA,NA,Y,NA,A,01,0,0,1,0,0,0,0,0,0,-,-,33.96083,-117.56704,RIVERSIDE,EASTVALE,-117.5671686,33.96074221
8097827,2016,2016-08-17,3300,2016-07-15,2005,4730,002V,5,5,6,3345,0,0,0,NA,0,026,50TH ST,DODD ST,0,NA,Y,A,-,N,NA,NA,NA,NA,NA,NA,NA,NA,NA,N,4,0,1,2,A,-,12,22450,A,F,H,G,A,A,H,-,B,D,0,NA,Y,NA,NA,Y,NA,L,04,0,0,1,0,0,0,1,0,0,-,-,33.99644,-117.50918,RIVERSIDE,JURUPA VALLEY,-117.50915004,33.99631006
8098600,2016,2016-08-16,3315,2016-07-26,1859,3502,3E,2,5,6,3315,0,0,0,NA,0,003,COMPTON AV,ONTARIO AV,0,NA,Y,A,-,N,NA,NA,NA,NA,NA,NA,NA,NA,NA,N,3,0,1,2,A,-,08,22107,NA,N,D,G,A,A,H,-,A,A,0,NA,Y,NA,NA,Y,NA,A,01,0,1,0,0,0,0,1,0,0,-,-,NA,NA,RIVERSIDE,CORONA,-117.53668003,33.8451701
8099334,2016,2016-08-11,3309,2016-06-20,1442,180,3209,1,5,4,3309,0,0,0,NA,0,NA,MONROE ST,RT 10,539,N,N,A,-,N,NA,NA,NA,NA,NA,NA,NA,NA,NA,N,4,0,1,2,A,-,08,22100,A,N,B,C,A,A,H,-,A,A,0,NA,NA,NA,Y,Y,NA,F,25,0,0,1,0,0,0,0,0,0,-,-,NA,NA,RIVERSIDE,INDIO,-116.23396872,33.74107312
8100057,2016,2016-08-11,3309,2016-08-02,0943,174,3309,2,5,4,3309,0,0,0,NA,0,004,AVE 49,ORCHARD DR,0,NA,Y,A,-,N,NA,NA,NA,NA,NA,NA,NA,NA,NA,N,4,0,1,2,A,-,08,22107,NA,N,D,C,A,A,H,-,A,D,0,NA,NA,NA,NA,Y,NA,A,01,0,0,1,0,0,0,0,0,0,-,-,NA,NA,RIVERSIDE,INDIO,-116.25782009,33.69262008
8100148,2016,2016-08-15,3300,2016-07-11,0723,N4902,905C,1,5,4,3307,0,0,0,NA,0,090,FIRE STATION ST,RAILROAD CANYON RD,20,S,N,A,-,N,NA,NA,NA,NA,NA,NA,NA,NA,NA,Y,4,0,1,2,A,-,03,22350,NA,N,C,C,A,A,H,-,A,D,0,NA,NA,NA,NA,Y,NA,D,22,0,0,1,0,0,0,0,0,0,-,-,NA,NA,RIVERSIDE,LAKE ELSINORE,NA,NA
8100160,2016,2016-08-15,3300,2016-07-27,2256,4890,905K,3,5,4,3307,0,0,0,NA,0,093,RIVERSIDE DR,BAKER ST,200,W,N,A,-,N,NA,NA,NA,NA,NA,NA,NA,NA,NA,Y,4,0,1,1,A,-,05,21650,NA,N,E,I,A,A,H,-,C,D,0,NA,NA,NA,NA,Y,NA,D,22,0,0,1,0,0,0,0,0,0,-,-,NA,NA,RIVERSIDE,LAKE ELSINORE,-117.35084768,33.69093974
8100207,2016,2016-08-12,3313,2016-07-18,1256,1499,W,1,5,7,3313,0,0,0,NA,0,T42,WELLS AV,NOBLE ST,0,W,N,A,-,N,NA,NA,NA,NA,NA,NA,NA,NA,NA,N,3,0,1,1,A,-,08,22107,NA,N,E,I,A,A,H,-,A,D,0,NA,NA,NA,NA,Y,NA,A,01,0,1,0,0,0,0,0,0,0,-,-,NA,NA,RIVERSIDE,RIVERSIDE,-117.46749012,33.9331501
8100216,2016,2016-08-12,3300,2016-06-22,1541,4050,012F,3,5,4,3344,0,0,0,NA,0,064,ARCHIBALD AV,RIVER RD,50,N,N,A,-,N,NA,NA,NA,NA,NA,NA,NA,NA,NA,Y,3,0,1,2,A,-,03,22350,NA,N,C,C,A,A,H,-,A,A,0,NA,NA,NA,NA,Y,NA,A,01,0,1,0,0,0,0,0,0,0,-,-,NA,NA,RIVERSIDE,EASTVALE,-117.59992895,33.92772456
8102654,2016,2016-08-18,3313,2016-07-20,1714,1523,E,3,5,7,3313,0,0,0,NA,0,M22,ALESSANDRO BL,CANYON CREST DR,0,NA,Y,A,-,N,NA,NA,NA,NA,NA,NA,NA,NA,NA,N,4,0,1,2,A,-,12,21453,A,N,D,C,A,A,H,-,A,A,0,NA,NA,NA,NA,Y,NA,A,01,0,0,1,0,0,0,0,0,0,-,-,NA,NA,RIVERSIDE,RIVERSIDE,-117.33957005,33.92566006
8103176,2016,2016-08-22,3311,2016-07-29,1430,15480,NA,5,5,4,3311,0,0,0,NA,0,006,EAST RAMON RD,S EL CIELO,5,S,N,A,-,N,NA,NA,NA,NA,NA,NA,NA,NA,NA,N,3,0,1,2,A,-,12,21453,A,N,H,G,A,A,H,-,A,A,0,NA,Y,NA,NA,Y,NA,L,04,0,1,0,0,0,0,1,0,0,-,-,NA,NA,RIVERSIDE,PALM SPRINGS,-116.51065,33.8159
8105902,2016,2017-03-02,3308,2016-07-08,0644,10578,516,5,5,5,3308,0,0,0,NA,0,SOUTH,FLORIDA AV,STATE ST,0,NA,Y,A,-,Y,RIV,8,74,-,-,40.588,I,5,E,Y,4,0,1,3,A,-,12,21453,A,N,F,C,A,A,H,-,B,B,0,NA,NA,NA,NA,Y,NA,A,01,0,0,1,0,0,0,0,0,0,-,-,NA,NA,RIVERSIDE,HEMET,-116.97169151,33.74749299
8107542,2016,2016-08-23,3313,2016-07-26,1224,1773,EAST,2,5,7,3313,0,0,0,NA,0,B215,ALESSANDRO BL,MISSION GROVE PKWY N,0,NA,Y,A,-,N,NA,NA,NA,NA,NA,NA,NA,NA,NA,Y,4,0,2,2,A,-,12,21453,A,N,D,C,A,A,H,-,A,A,0,NA,NA,NA,NA,Y,NA,A,01,0,0,2,0,0,0,0,0,0,-,-,33.91651,-117.3246,RIVERSIDE,RIVERSIDE,-117.32473001,33.91649009
8109514,2016,2016-08-26,3308,2016-06-27,1311,10192,515,1,5,5,3308,0,0,0,NA,0,NORTH,LYON AV,FLORIDA AV,125,N,N,A,-,N,NA,NA,NA,NA,NA,NA,NA,NA,NA,N,4,0,1,2,A,-,03,22350,NA,N,C,C,A,A,H,-,A,A,0,NA,NA,NA,NA,Y,NA,A,01,0,0,1,0,0,0,0,0,0,-,-,NA,NA,RIVERSIDE,HEMET,-116.98911815,33.74779226
8110720,2016,2017-02-18,3300,2016-06-12,2047,5017,507B,7,5,5,3341,0,0,0,NA,0,057,NEWPORT DR,RT 215,0,NA,Y,A,-,Y,RIV,8,215,-,-,18.748,R,4,S,N,4,0,1,2,A,-,03,22350,NA,N,C,C,A,A,H,-,C,A,0,NA,NA,NA,Y,Y,NA,F,26,0,0,1,0,0,0,0,0,0,-,SF,NA,NA,RIVERSIDE,MENIFEE,-117.17297546,33.68816483
8111454,2016,2016-11-03,3309,2016-08-18,0853,356,3309,4,5,4,3309,0,0,0,NA,0,001,INDIO BL,RT 111,0,NA,Y,A,-,N,NA,NA,NA,NA,NA,NA,NA,NA,NA,Y,4,0,2,2,A,-,01,23153,A,F,D,C,A,A,H,-,A,A,0,NA,NA,NA,NA,Y,NA,D,22,0,0,2,0,0,0,0,0,0,-,-,NA,NA,RIVERSIDE,INDIO,-116.209599,33.716371
8112342,2016,2016-11-03,3309,2016-08-06,1456,429,3309,6,5,4,3309,0,0,0,NA,0,001,RT 111,SMURR ST,0,NA,Y,A,-,N,NA,NA,NA,NA,NA,NA,NA,NA,NA,N,2,0,5,2,A,-,12,21453,A,N,B,C,A,A,H,-,A,A,0,NA,NA,NA,NA,Y,NA,A,01,1,0,4,0,0,0,0,0,0,-,-,NA,NA,RIVERSIDE,INDIO,-116.21819,33.71492
8115185,2016,2016-09-06,3315,2016-08-18,1110,2504,3E,4,5,6,3315,0,0,0,NA,0,002,MAGNOLIA AV,FULLERTON AV,9,W,N,A,-,N,NA,NA,NA,NA,NA,NA,NA,NA,NA,N,4,0,1,2,A,-,03,22350,NA,N,C,C,A,A,H,-,A,A,0,NA,NA,NA,NA,Y,NA,A,01,0,0,1,0,0,0,0,0,0,-,-,NA,NA,RIVERSIDE,CORONA,-117.55037434,33.861306
8117499,2016,2016-09-07,3300,2016-05-02,0700,4995,8305,1,5,3,3305,0,0,0,NA,0,082,AVENUE 52,TRIPOLI WY,2,E,N,A,-,N,NA,NA,NA,NA,NA,NA,NA,NA,NA,Y,4,0,1,2,A,-,09,21802,A,N,B,C,A,A,H,-,A,D,0,NA,NA,NA,NA,Y,NA,A,01,0,0,1,0,0,0,0,0,0,-,-,NA,NA,RIVERSIDE,COACHELLA,-116.17949347,33.6709203
8118689,2016,2017-02-23,3311,2016-09-01,1153,16016,NA,4,5,4,3311,0,0,0,NA,0,006,DINAH SHORE DR,RT 111,0,NA,Y,A,-,Y,RIV,8,111,-,T,48.872,I,5,N,Y,4,0,1,2,A,-,12,21453,A,N,B,C,A,A,H,-,A,A,0,NA,NA,NA,Y,Y,NA,D,22,0,0,1,0,0,0,0,0,0,-,-,33.80863,-116.49285,RIVERSIDE,PALM SPRINGS,-116.49293416,33.80852734
8119003,2016,2016-10-03,3300,2016-08-27,1100,5102,NA,6,5,3,3305,0,0,0,NA,0,NA,HARRISON,AVE 50,103,S,N,A,-,N,NA,NA,NA,NA,NA,NA,NA,NA,NA,N,4,0,3,2,A,-,03,22350,NA,N,C,C,A,A,H,-,A,A,0,NA,NA,NA,NA,Y,NA,A,NA,0,0,3,0,0,0,0,0,0,-,-,NA,NA,RIVERSIDE,COACHELLA,-116.18161,33.6851684
8119133,2016,2016-09-12,3313,2016-08-07,0301,1798,WEST,7,5,7,3313,0,0,0,NA,0,A417,MAGNOLIA AV,PIERCE ST,0,NA,Y,A,-,N,NA,NA,NA,NA,NA,NA,NA,NA,NA,Y,4,0,1,2,A,-,12,21453,A,N,D,C,A,A,H,-,C,A,0,NA,NA,NA,NA,Y,NA,A,01,0,0,1,0,0,0,0,0,0,-,-,33.89505,-117.49107,RIVERSIDE,RIVERSIDE,-117.49113,33.89513007
8119510,2016,2016-09-14,3313,2016-08-08,0947,0102,N,1,5,7,3313,0,0,0,NA,0,M38,BROCKTON AV,14TH ST,385,S,N,A,-,N,NA,NA,NA,NA,NA,NA,NA,NA,NA,N,3,0,1,2,A,-,03,22350,NA,N,C,C,A,A,H,-,A,D,0,NA,NA,NA,NA,Y,NA,A,01,0,1,0,0,0,0,0,0,0,-,-,33.97824,-117.38294,RIVERSIDE,RIVERSIDE,-117.38400988,33.97758538
8120142,2016,2016-09-13,3311,2016-09-05,1243,15319,NA,1,5,4,3311,0,0,0,NA,0,006,EAST RAMON RD,GENE AUTRY TRL,175,W,N,A,-,N,NA,NA,NA,NA,NA,NA,NA,NA,NA,N,4,0,1,2,A,-,03,22350,NA,N,C,C,A,A,H,-,A,A,0,NA,NA,NA,NA,Y,NA,A,01,0,0,1,0,0,0,0,0,0,-,-,NA,NA,RIVERSIDE,PALM SPRINGS,-116.49361379,33.81592
8120881,2016,2016-09-15,3309,2016-09-05,1514,443,3309,1,5,4,3309,0,0,0,NA,0,005,INDIO BL,MADIO ST,81,W,N,A,-,N,NA,NA,NA,NA,NA,NA,NA,NA,NA,N,4,0,1,2,A,-,08,22107,NA,N,B,C,A,A,H,-,A,A,0,NA,NA,NA,NA,Y,NA,A,01,0,0,1,0,0,0,0,0,0,-,-,NA,NA,RIVERSIDE,INDIO,-116.25415242,33.73977679
8120917,2016,2016-09-15,3300,2016-09-02,1023,4323,910K,5,5,5,3335,0,0,0,NA,0,064,MARGARITA RD,PAUBA RD,311,S,N,A,-,N,NA,NA,NA,NA,NA,NA,NA,NA,NA,Y,4,0,1,2,A,-,03,22350,NA,N,C,C,A,A,H,-,A,A,0,NA,NA,NA,NA,Y,NA,A,01,0,0,1,0,0,0,0,0,0,-,-,NA,NA,RIVERSIDE,TEMECULA,-117.11509156,33.49747262
8124738,2016,2017-02-15,3311,2016-09-11,1042,15319,NA,7,5,4,3311,0,0,0,NA,0,006,PALM CANYON DR EAST,CHEROKEE WY,0,NA,Y,A,-,N,NA,NA,NA,NA,NA,NA,NA,NA,NA,Y,3,0,2,2,A,-,09,21801,A,N,A,C,A,A,H,-,A,A,0,NA,NA,NA,NA,Y,NA,A,01,0,2,0,0,0,0,0,0,0,-,-,33.79509,-116.50156,RIVERSIDE,PALM SPRINGS,-116.50156004,33.79494002
8125795,2016,2016-11-16,3325,2016-01-25,1459,560,DESER,1,5,4,3325,0,0,0,NA,0,001,EAST PALM CANYON DR,CANYON PLZ,442,E,N,A,-,N,NA,NA,NA,NA,NA,NA,NA,NA,NA,Y,4,0,1,2,A,-,09,21801,A,N,D,C,A,A,H,-,A,A,0,NA,NA,NA,NA,Y,NA,A,01,0,0,1,0,0,0,0,0,0,-,-,NA,NA,RIVERSIDE,CATHEDRAL CITY,-116.480943,33.787547000000004
8128423,2016,2017-02-22,3308,2016-09-05,2314,10530,517,1,5,5,3308,0,0,0,NA,0,SOUTH,FLORIDA AV,TAYLOR ST,30,W,N,A,-,Y,RIV,8,74,-,-,41.01,H,-,E,N,3,0,1,2,A,-,11,21954,A,N,G,B,E,A,H,-,C,D,0,Y,NA,NA,NA,Y,NA,N,60,0,1,0,0,1,0,0,0,0,-,-,NA,NA,RIVERSIDE,HEMET,-116.96435448,33.74753048