CASE_ID,ACCIDENT_YEAR,PROC_DATE,JURIS,COLLISION_DATE,COLLISION_TIME,OFFICER_ID,REPORTING_DISTRICT,DAY_OF_WEEK,CHP_SHIFT,POPULATION,CNTY_CITY_LOC,SPECIAL_COND,BEAT_TYPE,CHP_BEAT_TYPE,CITY_DIVISION_LAPD,CHP_BEAT_CLASS,BEAT_NUMBER,PRIMARY_RD,SECONDARY_RD,DISTANCE,DIRECTION,INTERSECTION,WEATHER_1,WEATHER_2,STATE_HWY_IND,CALTRANS_COUNTY,CALTRANS_DISTRICT,STATE_ROUTE,ROUTE_SUFFIX,POSTMILE_PREFIX,POSTMILE,LOCATION_TYPE,RAMP_INTERSECTION,SIDE_OF_HWY,TOW_AWAY,COLLISION_SEVERITY,NUMBER_KILLED,NUMBER_INJURED,PARTY_COUNT,PRIMARY_COLL_FACTOR,PCF_CODE_OF_VIOL,PCF_VIOL_CATEGORY,PCF_VIOLATION,PCF_VIOL_SUBSECTION,HIT_AND_RUN,TYPE_OF_COLLISION,MVIW,PED_ACTION,ROAD_SURFACE,ROAD_COND_1,ROAD_COND_2,LIGHTING,CONTROL_DEVICE,CHP_ROAD_TYPE,PEDESTRIAN_ACCIDENT,BICYCLE_ACCIDENT,MOTORCYCLE_ACCIDENT,TRUCK_ACCIDENT,NOT_PRIVATE_PROPERTY,ALCOHOL_INVOLVED,STWD_VEHTYPE_AT_FAULT,CHP_VEHTYPE_AT_FAULT,COUNT_SEVERE_INJ,COUNT_VISIBLE_INJ,COUNT_COMPLAINT_PAIN,COUNT_PED_KILLED,COUNT_PED_INJURED,COUNT_BICYCLIST_KILLED,COUNT_BICYCLIST_INJURED,COUNT_MC_KILLED,COUNT_MC_INJURED,PRIMARY_RAMP,SECONDARY_RAMP,LATITUDE,LONGITUDE,COUNTY,CITY,POINT_X,POINT_Y
8128746,2016,2016-11-14,3325,2016-04-18,2151,MURZEA,DESER,1,5,4,3325,0,0,0,NA,0,003,DATE PALM DR,VISTA CHINO RD,195,N,N,A,-,N,NA,NA,NA,NA,NA,NA,NA,NA,NA,Y,4,0,1,2,A,-,09,21804,NA,N,C,C,A,A,H,-,C,D,0,NA,NA,NA,NA,Y,NA,-,-,0,0,1,0,0,0,0,0,0,-,-,NA,NA,RIVERSIDE,CATHEDRAL CITY,-116.45848222,33.84555344
8128750,2016,2016-09-26,3325,2016-04-26,1531,2609,332,2,5,4,3325,0,0,0,NA,0,001,EAST PALM CANYON DR,MELROSE DR,284,E,N,A,-,N,NA,NA,NA,NA,NA,NA,NA,NA,NA,N,4,0,1,2,A,-,09,21801,A,N,D,C,A,A,H,-,A,D,0,NA,NA,Y,NA,Y,NA,A,07,0,0,1,0,0,0,0,0,1,-,-,NA,NA,RIVERSIDE,CATHEDRAL CITY,-116.468843,33.78094
8128789,2016,2016-11-17,3325,2016-03-25,2500,9510,1010,5,5,4,3325,0,0,0,NA,0,001,EASTPALM CANYON DR,PALO VERDE DR,304,W,N,A,-,N,NA,NA,NA,NA,NA,NA,NA,NA,NA,N,3,0,4,2,A,-,09,21801,A,N,D,C,A,A,H,-,A,D,0,NA,NA,NA,NA,Y,NA,A,01,0,2,2,0,0,0,0,0,0,-,-,NA,NA,RIVERSIDE,CATHEDRAL CITY,-116.468676,33.781029
8128801,2016,2016-09-26,3300,2016-06-21,0510,4120,500A,2,5,5,3341,0,0,0,NA,0,050,NORMANDY RD,LA LADERA RD,0,NA,Y,A,-,N,NA,NA,NA,NA,NA,NA,NA,NA,NA,Y,4,0,2,2,A,-,12,21453,A,N,A,C,A,A,H,-,A,A,0,NA,NA,NA,NA,Y,NA,A,01,0,0,2,0,0,0,0,0,0,-,-,33.68512,-117.22307,RIVERSIDE,MENIFEE,-117.22329001,33.68503003
8128878,2016,2016-09-27,3325,2016-05-08,1232,530C,NA,7,5,4,3325,0,0,0,NA,0,001,DA VALL DR,DINAH SHORE DR,0,NA,Y,A,-,N,NA,NA,NA,NA,NA,NA,NA,NA,NA,Y,4,0,1,3,C,-,18,NA,NA,N,C,C,A,A,H,-,A,A,0,NA,NA,NA,NA,Y,NA,-,-,0,0,1,0,0,0,0,0,0,-,-,NA,NA,RIVERSIDE,CATHEDRAL CITY,-116.44064004,33.80143003
8129354,2016,2016-09-23,3325,2016-07-03,0205,557,DESER,7,5,4,3325,0,0,0,NA,0,002,RAMON RD,CATHEDRAL CANYON DR,0,NA,Y,A,-,N,NA,NA,NA,NA,NA,NA,NA,NA,NA,Y,2,0,1,2,A,-,01,23152,A,N,C,C,A,A,H,-,C,A,0,NA,NA,NA,NA,Y,Y,-,-,1,0,0,0,0,0,0,0,0,-,-,NA,NA,RIVERSIDE,CATHEDRAL CITY,-116.46687002,33.8158501
8129523,2016,2016-09-23,3315,2016-09-10,0605,002536,3B,6,5,6,3315,0,0,0,NA,0,003,ONTARIO AV,MAGNOLIA AV,7,E,N,A,-,N,NA,NA,NA,NA,NA,NA,NA,NA,NA,Y,3,0,2,2,A,-,09,21804,A,N,D,C,A,A,H,-,A,D,0,NA,NA,NA,NA,Y,NA,-,NA,0,1,1,0,0,0,0,0,0,-,-,NA,NA,RIVERSIDE,CORONA,-117.56151712,33.85492809
8129559,2016,2016-09-23,3315,2016-09-09,2033,003427,PMOU,5,5,6,3315,0,0,0,NA,0,004,MAIN ST,MOUNTAIN GATE DR,0,NA,Y,A,-,N,NA,NA,NA,NA,NA,NA,NA,NA,NA,Y,3,0,1,1,A,-,03,22350,NA,N,E,I,A,A,H,-,C,D,0,NA,NA,NA,NA,Y,Y,-,NA,0,1,0,0,0,0,0,0,0,-,-,33.84228,-117.57392,RIVERSIDE,CORONA,-117.57385001,33.8423701
8131784,2016,2016-09-30,3300,2016-08-14,2051,4571,602D2,7,5,6,3394,0,0,0,NA,0,026,FIR AV,SHIRAY RANCH RD,320,E,N,A,-,N,NA,NA,NA,NA,NA,NA,NA,NA,NA,Y,4,0,1,3,A,-,08,22107,NA,N,B,E,A,A,H,-,C,D,0,NA,NA,NA,NA,Y,NA,A,07,0,0,1,0,0,0,0,0,0,-,-,33.91718,-117.26113,RIVERSIDE,MORENO VALLEY,-117.22265832,33.93543001
8132309,2016,2016-10-04,3313,2016-09-11,1104,1799,W,7,5,7,3313,0,0,0,NA,0,B439,TYLER ST,HEMET ST,0,NA,Y,A,-,N,NA,NA,NA,NA,NA,NA,NA,NA,NA,N,4,0,1,2,A,-,08,22107,NA,N,C,C,A,A,H,-,A,D,0,NA,NA,Y,NA,Y,NA,A,01,0,0,1,0,0,0,0,0,1,-,-,33.90936,-117.45946000000001,RIVERSIDE,RIVERSIDE,-117.45923004,33.90913009
8132458,2016,2016-10-06,3309,2016-09-09,2500,252,3309,5,5,4,3309,0,0,0,NA,0,001,BLISS AV,PALM ST,66,E,N,A,-,N,NA,NA,NA,NA,NA,NA,NA,NA,NA,Y,4,0,1,2,A,-,06,21750,A,M,D,C,A,A,H,-,C,D,0,NA,NA,NA,Y,Y,NA,F,26,0,0,1,0,0,0,0,0,0,-,-,NA,NA,RIVERSIDE,INDIO,-116.22696393,33.71933838
8133565,2016,2016-10-03,3313,2016-08-29,1715,1073,W,1,5,7,3313,0,0,0,NA,0,M31,COUNTY FARM RD,HARRISON ST,413,W,N,A,-,N,NA,NA,NA,NA,NA,NA,NA,NA,NA,N,4,0,1,1,A,-,08,22107,NA,N,E,I,A,A,H,-,A,D,0,NA,NA,NA,NA,Y,NA,A,01,0,0,1,0,0,0,0,0,0,-,-,33.92024,-117.45424,RIVERSIDE,RIVERSIDE,-117.45546739,33.92013132
8133613,2016,2016-10-03,3311,2016-09-07,1543,15319,NA,3,5,4,3311,0,0,0,NA,0,001,INDIAN CANYON DR N,SAN RAFAEL RD,0,NA,Y,A,-,N,NA,NA,NA,NA,NA,NA,NA,NA,NA,N,3,0,1,2,A,-,01,23152,A,M,A,C,A,A,H,-,A,A,0,NA,NA,NA,NA,Y,Y,A,07,0,1,0,0,0,0,0,0,0,-,-,33.85943,-116.5455,RIVERSIDE,PALM SPRINGS,-116.54553,33.85954009
81339393,2020,2020-11-04,3315,2020-10-13,1743,002852,3E,2,5,6,3315,0,0,0,NA,0,002,RIMPAU AV,MAGNOLIA AV,450,S,N,A,-,N,NA,NA,NA,NA,NA,NA,NA,NA,NA,Y,4,0,1,2,A,-,09,21804,A,N,D,C,A,A,H,-,A,D,0,NA,NA,NA,NA,Y,NA,A,07,0,0,1,0,0,0,0,0,0,-,-,33.86445999145508,-117.54457855224608,RIVERSIDE,CORONA,-117.54458618164063,33.86331558227539
81339403,2020,2020-11-04,3315,2020-10-18,1854,003224,12C,7,5,6,3315,0,0,0,NA,0,002,MCKINLEY ST,SADDLEBACK DR,250,W,N,A,-,N,NA,NA,NA,NA,NA,NA,NA,NA,NA,Y,4,0,3,1,A,-,01,23152,A,N,E,I,A,A,H,-,C,A,0,NA,NA,NA,NA,Y,Y,A,01,0,0,3,0,0,0,0,0,0,-,-,33.896141052246094,-117.52684783935548,RIVERSIDE,CORONA,-117.52752685546876,33.896541595458984
8133970,2016,2016-10-04,3300,2016-09-09,1605,N5791,001A,5,5,6,3345,0,0,0,NA,0,010,MARKET ST,VIA CERRO,200,N,N,A,-,N,NA,NA,NA,NA,NA,NA,NA,NA,NA,Y,3,0,1,2,A,-,03,22350,NA,N,C,C,A,A,H,-,A,A,0,NA,NA,NA,NA,Y,NA,A,01,0,1,0,0,0,0,0,0,0,-,-,34.01165,-117.38341,RIVERSIDE,JURUPA VALLEY,-117.38361118,34.01242898
8134155,2016,2016-10-04,3313,2016-09-18,2049,1724,N,7,5,7,3313,0,0,0,NA,0,C124,COLUMBIA AV,PRIMER ST,0,NA,Y,A,-,N,NA,NA,NA,NA,NA,NA,NA,NA,NA,Y,4,0,2,2,A,-,12,21453,A,N,D,C,A,A,H,-,C,A,0,NA,NA,NA,NA,Y,NA,A,01,0,0,2,0,0,0,0,0,0,-,-,34.00204,-117.35374,RIVERSIDE,RIVERSIDE,-117.35356007,34.0020101
8134897,2016,2016-10-06,3313,2016-09-01,2300,1772,C,4,5,7,3313,0,0,0,NA,0,T45,JURUPA AV,ACORN ST,0,NA,Y,A,-,N,NA,NA,NA,NA,NA,NA,NA,NA,NA,Y,4,0,2,2,A,-,09,21801,A,N,D,C,A,A,H,-,C,A,0,NA,NA,NA,NA,Y,NA,A,01,0,0,2,0,0,0,0,0,0,-,-,33.95983,-117.45397,RIVERSIDE,RIVERSIDE,-117.45398013,33.95977008
81357850,2020,2020-12-03,3300,2020-11-27,1442,4252,603 C,5,5,6,3394,0,0,0,NA,0,MV36,PERRIS BLVD,SANTIAGO DR,0,NA,Y,A,-,N,NA,NA,NA,NA,NA,NA,NA,NA,NA,N,4,0,1,2,A,-,05,21202,A,N,D,G,A,A,H,-,A,A,0,NA,Y,NA,NA,Y,NA,L,04,0,0,1,0,0,0,1,0,0,-,-,33.89194107055664,-117.2261962890625,RIVERSIDE,MORENO VALLEY,-117.22621154785156,33.891971588134766
81359522,2020,2020-12-07,3300,2020-11-25,1922,N3765,38F4,3,5,4,3318,0,0,0,NA,0,038,PORTOLA AVE,COUNTRY CLUB DR,1800,N,N,A,-,N,NA,NA,NA,NA,NA,NA,NA,NA,NA,Y,4,0,1,2,A,-,03,22350,NA,N,C,C,A,A,H,-,D,D,0,NA,NA,NA,NA,Y,NA,A,01,0,0,1,0,0,0,0,0,0,-,-,33.75788879394531,-116.37384033203124,RIVERSIDE,PALM DESERT,-116.3735809326172,33.76295471191406
8136166,2016,2016-10-06,3313,2016-09-14,1515,1499,N,3,5,7,3313,0,0,0,NA,0,T42,MARKET ST,3RD ST,12,E,N,A,-,N,NA,NA,NA,NA,NA,NA,NA,NA,NA,Y,4,0,2,2,A,-,17,21451,B,N,D,C,A,A,H,-,A,A,0,NA,NA,Y,NA,Y,NA,C,06,0,0,2,0,0,0,0,0,1,-,-,NA,NA,RIVERSIDE,RIVERSIDE,-117.37246053,33.9873686
81362889,2020,2020-12-10,3315,2020-12-03,1608,001226,5A,4,5,6,3315,0,0,0,NA,0,004,SIXTH ST,PASEO GRANDE,0,NA,Y,A,-,N,NA,NA,NA,NA,NA,NA,NA,NA,NA,Y,3,0,1,2,A,-,12,21453,A,N,D,C,A,A,H,-,A,A,0,NA,NA,NA,NA,Y,NA,A,07,0,1,0,0,0,0,0,0,0,-,-,33.879188537597656,-117.601318359375,RIVERSIDE,CORONA,-117.60134887695313,33.879051208496094
8136316,2016,2016-10-06,3313,2016-09-16,1450,1222,E,5,5,7,3313,0,0,0,NA,0,M36,EUCALYPTUS AV,6TH ST,161,S,N,A,-,N,NA,NA,NA,NA,NA,NA,NA,NA,NA,N,3,0,1,2,A,-,11,21954,A,N,G,B,D,A,H,-,A,A,0,Y,NA,NA,NA,Y,NA,N,60,0,1,0,0,1,0,0,0,0,-,-,NA,NA,RIVERSIDE,RIVERSIDE,-117.35967658,33.9780689
81363522,2020,2020-12-10,3349,2020-07-17,0614,352,NA,5,5,5,3341,0,0,0,NA,0,001,SH-74,MCKINLEY RD,500,E,N,A,-,N,NA,NA,NA,NA,NA,NA,NA,NA,NA,N,4,0,1,1,A,-,03,22350,NA,N,F,J,A,A,H,-,A,A,0,NA,NA,NA,NA,Y,NA,A,01,0,0,1,0,0,0,0,0,0,-,-,33.74300003051758,-117.14959716796876,RIVERSIDE,MENIFEE,NA,NA
81363553,2020,2020-12-10,3349,2020-08-04,1529,321,ME260,2,5,5,3341,0,0,0,NA,0,002,SCOTT RD,MENIFEE RD,32,W,N,A,-,N,NA,NA,NA,NA,NA,NA,NA,NA,NA,Y,4,0,2,2,A,-,03,22350,NA,N,C,C,A,A,H,-,A,A,0,NA,NA,NA,NA,Y,NA,A,01,0,0,2,0,0,0,0,0,0,-,-,33.64154052734375,-117.15396118164063,RIVERSIDE,MENIFEE,-117.15412139892578,33.641448974609375
81363575,2020,2020-12-10,3349,2020-08-15,2220,351,NA,6,5,5,3341,0,0,0,NA,0,002,PALOMAR RD,HEATHER GREEN WAY,33,S,N,A,-,N,NA,NA,NA,NA,NA,NA,NA,NA,NA,Y,3,0,1,3,A,-,08,22107,NA,N,A,E,A,A,H,-,C,A,0,NA,NA,NA,NA,Y,NA,A,01,0,1,0,0,0,0,0,0,0,-,-,33.669158935546875,-117.16265869140624,RIVERSIDE,MENIFEE,-117.16256713867188,33.66899871826172
81363606,2020,2020-12-10,3349,2020-09-08,1212,331,NA,2,5,5,3341,0,0,0,NA,0,001,MENIFEE RD,BISCAYNE,57,S,N,A,-,N,NA,NA,NA,NA,NA,NA,NA,NA,NA,Y,4,0,2,2,A,-,03,22350,NA,N,C,C,A,A,H,-,A,A,0,NA,NA,NA,NA,Y,NA,A,01,0,0,2,0,0,0,0,0,0,-,-,NA,NA,RIVERSIDE,MENIFEE,-117.154099,33.739988
81363682,2020,2020-12-10,3349,2020-11-09,2030,336,NA,1,5,5,3341,0,0,0,NA,0,NA,AIRSTREAM WAY,TRUMBLE RD,477,E,N,A,-,N,NA,NA,NA,NA,NA,NA,NA,NA,NA,N,2,0,1,2,A,-,05,21651,B,F,B,C,A,A,H,-,D,D,0,NA,NA,NA,NA,Y,NA,A,01,1,0,0,0,0,0,0,0,0,-,-,33.733131408691406,-117.18473815917967,RIVERSIDE,MENIFEE,-117.18317413330078,33.73297119140625
81363910,2020,2020-12-11,3306,2020-06-16,1744,708,3306,2,5,3,3306,0,0,0,NA,0,NA,OCOTILLO RD,IRONWOOD DR,0,NA,Y,-,-,N,NA,NA,NA,NA,NA,NA,NA,NA,NA,N,3,0,3,2,A,-,12,22450,A,N,D,C,A,A,H,-,A,A,0,NA,NA,NA,NA,Y,NA,A,07,0,3,0,0,0,0,0,0,0,-,-,NA,NA,RIVERSIDE,DESERT HOT SPRINGS,-116.49839019775392,33.95048141479492
81363929,2020,2020-12-11,3306,2020-08-24,0227,746,NA,1,5,3,3306,0,0,0,NA,0,NA,HACIENDA AVE,MESQUITE AVE,0,NA,Y,-,-,N,NA,NA,NA,NA,NA,NA,NA,NA,NA,Y,4,0,1,1,A,-,01,23152,F,M,B,I,A,A,H,-,C,A,0,NA,NA,NA,NA,Y,NA,A,01,0,0,1,0,0,0,0,0,0,-,-,NA,NA,RIVERSIDE,DESERT HOT SPRINGS,-116.49694061279295,33.95415115356445
81363933,2020,2020-12-11,3306,2020-09-01,1643,710,NA,2,5,3,3306,0,0,0,NA,0,NA,PIERSON BLVD,PALM DR,0,NA,Y,A,-,N,NA,NA,NA,NA,NA,NA,NA,NA,NA,N,4,0,1,2,A,-,12,21453,A,N,D,C,A,A,H,-,A,A,0,NA,NA,NA,NA,Y,NA,A,01,0,0,1,0,0,0,0,0,0,-,-,NA,NA,RIVERSIDE,DESERT HOT SPRINGS,-116.50132751464844,33.96147155761719
81364040,2020,2020-12-11,3315,2020-12-03,1922,001226,11E,4,5,6,3315,0,0,0,NA,0,002,MCKINLEY ST,SAMPSON AV,190,N,N,A,-,N,NA,NA,NA,NA,NA,NA,NA,NA,NA,N,4,0,1,2,A,-,11,21955,NA,N,G,B,D,A,A,-,A,D,0,Y,NA,NA,NA,Y,NA,N,60,0,0,1,0,1,0,0,0,0,-,-,NA,NA,RIVERSIDE,CORONA,-117.51656341552734,33.88465881347656
81364720,2020,2020-12-14,3300,2020-10-18,1547,5237,905K,7,5,4,3307,0,0,0,NA,0,094,GRAND AVE,LINCOLN ST,0,NA,Y,A,-,N,NA,NA,NA,NA,NA,NA,NA,NA,NA,Y,3,0,2,2,A,-,09,21453,C,N,D,C,A,A,H,-,A,A,0,NA,NA,NA,NA,Y,NA,A,01,0,1,1,0,0,0,0,0,0,-,-,NA,NA,RIVERSIDE,LAKE ELSINORE,-117.39378356933594,33.68758010864258
81366061,2020,2020-12-14,3306,2020-09-26,1042,756,NA,6,5,3,3306,0,0,0,NA,0,3306,DESERT VIEW AVE,CUANDO WAY,0,NA,Y,A,-,N,NA,NA,NA,NA,NA,NA,NA,NA,NA,N,3,0,1,2,A,-,12,22450,A,N,D,C,A,A,H,-,A,A,0,NA,NA,NA,NA,Y,NA,A,01,0,1,0,0,0,0,0,0,0,-,-,NA,NA,RIVERSIDE,DESERT HOT SPRINGS,-116.47738647460938,33.95774841308594
81368010,2020,2020-12-16,3306,2020-11-15,0253,749,NA,7,5,3,3306,0,0,0,NA,0,NA,PALM DR,PAUL RD,0,NA,Y,A,-,N,NA,NA,NA,NA,NA,NA,NA,NA,NA,Y,2,0,1,1,A,-,01,23152,G,N,E,I,A,A,H,-,C,A,0,NA,NA,NA,NA,Y,Y,A,07,1,0,0,0,0,0,0,0,0,-,-,33.88304901123047,-116.50182342529295,RIVERSIDE,DESERT HOT SPRINGS,-116.50184631347656,33.88304138183594
81370717,2020,2020-12-18,3300,2020-11-27,2235,4554,601 C,5,5,6,3394,0,0,0,NA,0,MV14,IRONWOOD AVE,HERITAGE DR,0,NA,Y,A,-,N,NA,NA,NA,NA,NA,NA,NA,NA,NA,Y,4,0,1,3,A,-,01,23152,A,N,A,C,A,A,H,-,C,D,0,NA,NA,NA,NA,Y,Y,A,01,0,0,1,0,0,0,0,0,0,-,-,33.94675827026367,-117.27001953125,RIVERSIDE,MORENO VALLEY,-117.27034759521484,33.946590423583984
81371403,2020,2020-12-21,3300,2020-10-09,2355,5688,016A,5,5,4,3344,0,0,0,NA,0,063,BELLEGRAVE AV,SUMNER AVE,0,NA,Y,A,-,N,NA,NA,NA,NA,NA,NA,NA,NA,NA,Y,3,0,1,1,A,-,01,23152,A,N,E,I,A,A,H,-,C,A,0,NA,NA,NA,NA,Y,Y,A,01,0,1,0,0,0,0,0,0,0,-,-,NA,NA,RIVERSIDE,EASTVALE,-117.57579040527344,33.98291015625
81372662,2020,2020-12-22,3300,2020-12-13,0105,5447,NA,7,5,6,3345,0,0,0,NA,0,NA,ETIWANDA AV,SAN SEVAINE WY,0,NA,Y,A,-,N,NA,NA,NA,NA,NA,NA,NA,NA,NA,N,4,0,2,2,A,-,12,22450,A,N,D,C,A,A,H,-,C,A,0,NA,NA,NA,NA,Y,Y,A,01,0,0,2,0,0,0,0,0,0,-,-,34.01652908325195,-117.52329254150392,RIVERSIDE,JURUPA VALLEY,-117.52451324462892,34.017311096191406
81373503,2020,2020-12-23,3300,2020-12-08,1747,N5791,011A,2,5,4,3344,0,0,0,NA,0,060,CANTU GALLEANO RANCH RD,GOODMAN WY,379,W,N,A,-,N,NA,NA,NA,NA,NA,NA,NA,NA,NA,N,4,0,1,2,A,-,05,21651,A,N,D,C,A,A,H,-,B,D,0,NA,NA,NA,NA,Y,NA,A,01,0,0,1,0,0,0,0,0,0,-,-,NA,NA,RIVERSIDE,EASTVALE,-117.55597686767578,34.000885009765625
81376466,2020,2020-12-29,3300,2020-12-26,2042,4867,603 B,6,5,6,3394,0,0,0,NA,0,MV34,INDIAN ST,GENTIAN AVE,0,NA,Y,A,-,N,NA,NA,NA,NA,NA,NA,NA,NA,NA,Y,4,0,3,2,A,-,12,22450,A,N,D,C,A,A,H,-,C,A,0,NA,NA,NA,NA,Y,NA,-,-,0,0,3,0,0,0,0,0,0,-,-,33.89556121826172,-117.23487854003906,RIVERSIDE,MORENO VALLEY,-117.23497772216795,33.8955192565918
81378351,2020,2020-12-31,3300,2020-12-23,1535,N4187,916D,3,5,4,3312,0,0,0,NA,0,035,SH-74,WILKERSON AVE,0,NA,Y,A,-,N,NA,NA,NA,NA,NA,NA,NA,NA,NA,N,4,0,3,2,A,-,03,22350,NA,N,C,C,A,A,H,-,A,A,0,NA,NA,NA,NA,Y,NA,A,01,0,0,3,0,0,0,0,0,0,-,-,33.782291412353516,-117.21898651123048,RIVERSIDE,PERRIS,-117.21898,33.78237
81378362,2020,2020-12-31,3300,2020-12-16,1728,4546,910J,3,5,5,3335,0,0,0,NA,0,068,PUJOL ST,FIRST ST,0,NA,Y,A,-,N,NA,NA,NA,NA,NA,NA,NA,NA,NA,N,4,0,1,2,A,-,10,21950,A,N,G,B,B,A,H,-,C,A,0,Y,NA,NA,NA,Y,Y,A,01,0,0,1,0,1,0,0,0,0,-,-,33.48944091796875,-117.14859008789063,RIVERSIDE,TEMECULA,-117.14830780029295,33.4894905090332
81380439,2021,2021-01-05,3300,2021-01-02,1414,N6426,910P,6,5,5,3335,0,0,0,NA,0,069,TEMECULA PKY,WABASH LN,0,NA,Y,A,-,N,NA,NA,NA,NA,NA,NA,NA,NA,NA,Y,4,0,1,2,A,-,09,21802,A,N,D,C,A,A,H,-,A,A,0,NA,NA,NA,NA,Y,NA,A,01,0,0,1,0,0,0,0,0,0,-,-,33.47686004638672,-117.13298034667967,RIVERSIDE,TEMECULA,-117.1330108642578,33.476905822753906
81381401,2020,2021-01-06,3300,2020-12-29,1801,5228,NA,2,5,5,3335,0,0,0,NA,0,NA,TEMECULA PKY,BEDFORD CT,0,NA,Y,A,-,Y,NA,NA,NA,NA,NA,NA,NA,NA,NA,N,3,0,1,2,A,-,10,21950,A,N,G,B,B,A,H,-,C,A,0,Y,NA,NA,NA,Y,NA,A,01,0,1,0,0,1,0,0,0,0,-,-,33.479339599609375,-117.13768768310548,RIVERSIDE,TEMECULA,NA,NA
81383753,2020,2021-01-08,3300,2020-11-05,1049,5628,001M,4,5,6,3345,0,0,0,NA,0,016,LIMONITE AV,AVENUE JUAN BAUTISTA,0,NA,Y,A,-,N,NA,NA,NA,NA,NA,NA,NA,NA,NA,Y,3,0,1,2,A,-,12,21453,A,N,D,C,A,A,H,-,A,A,0,NA,NA,NA,NA,Y,NA,A,01,0,1,0,0,0,0,0,0,0,-,-,33.98419189453125,-117.43344879150392,RIVERSIDE,JURUPA VALLEY,-117.43364715576172,33.98448944091797
81384510,2020,2021-01-11,3300,2020-12-22,1148,4145,901B,2,5,4,3310,0,0,0,NA,0,050,SIXTH ST,CRESTVIEW AVENUE,221,W,N,A,-,N,NA,NA,NA,NA,NA,NA,NA,NA,NA,N,3,0,2,2,A,-,01,23152,F,N,B,C,A,A,H,-,A,D,0,NA,NA,NA,NA,Y,Y,A,01,0,2,0,0,0,0,0,0,0,-,-,NA,NA,RIVERSIDE,NORCO,-117.52455902099608,33.938411712646484
81385600,2020,2021-01-12,3300,2020-12-15,1949,3774,603 B,2,5,6,3394,0,0,0,NA,0,MV34,PERRIS BLVD,IRIS AVE,0,NA,Y,A,-,N,NA,NA,NA,NA,NA,NA,NA,NA,NA,N,4,0,2,2,A,-,01,23152,A,F,D,C,A,A,H,-,A,A,0,NA,NA,NA,NA,Y,Y,A,07,0,0,2,0,0,0,0,0,0,-,-,33.88833999633789,-117.22621917724608,RIVERSIDE,MORENO VALLEY,-117.22630310058594,33.88840866088867
81387249,2021,2021-01-14,3315,2021-01-06,1220,001226,1C,3,5,6,3315,0,0,0,NA,0,001,RAILROAD ST,GRANT AV,0,NA,Y,A,-,N,NA,NA,NA,NA,NA,NA,NA,NA,NA,Y,3,0,4,2,A,-,09,21802,A,N,D,C,A,A,H,-,A,A,0,NA,NA,NA,NA,Y,NA,A,01,0,1,3,0,0,0,0,0,0,-,-,33.888221740722656,-117.58379364013672,RIVERSIDE,CORONA,-117.58384704589844,33.88816833496094
81391010,2020,2021-01-20,3300,2020-12-19,1055,3382,916D,6,5,4,3312,0,0,0,NA,0,035,A ST,THIRD ST,0,NA,Y,A,-,N,NA,NA,NA,NA,NA,NA,NA,NA,NA,N,4,0,1,2,A,-,09,21802,A,N,D,C,A,A,H,-,A,A,0,NA,NA,NA,Y,Y,NA,A,01,0,0,1,0,0,0,0,0,0,-,-,33.783409118652344,-117.23474884033205,RIVERSIDE,PERRIS,-117.23477172851563,33.78337097167969
8139191,2016,2016-12-14,3300,2016-11-16,0550,2492,910P,3,5,5,3335,0,0,0,NA,0,TE69,TEMECULA PKWY,BEDFORD CT,240,E,N,A,B,N,NA,NA,NA,NA,NA,NA,NA,NA,NA,Y,4,0,2,3,A,-,06,21755,NA,N,B,C,A,A,H,-,C,A,0,NA,NA,NA,NA,Y,NA,D,22,0,0,2,0,0,0,0,0,0,-,-,33.47934,-117.13769,RIVERSIDE,TEMECULA,-117.13699,33.478896
81392383,2020,2021-01-22,3300,2020-12-19,2033,5632,916A,6,5,4,3312,0,0,0,NA,0,031,EVANS RD,ANIRA CT,0,NA,Y,A,-,N,NA,NA,NA,NA,NA,NA,NA,NA,NA,Y,2,0,1,1,A,-,01,23152,A,N,E,J,A,A,H,-,C,A,0,NA,NA,NA,NA,Y,Y,A,01,1,0,0,0,0,0,0,0,0,-,-,NA,NA,RIVERSIDE,PERRIS,-117.20880889892578,33.853759765625
81392964,2021,2021-01-25,3300,2021-01-20,0733,N4544,602 A,3,5,6,3394,0,0,0,NA,0,MV22,ALESSANDRO BLVD,ELSWORTH ST,23,E,N,A,-,N,NA,NA,NA,NA,NA,NA,NA,NA,NA,Y,4,0,2,3,A,-,12,21453,A,N,D,C,A,A,H,-,A,A,0,NA,NA,NA,NA,Y,NA,A,01,0,0,2,0,0,0,0,0,0,-,-,33.91701889038086,-117.26998901367188,RIVERSIDE,MORENO VALLEY,-117.26988220214844,33.91694259643555
81395446,2021,2021-01-28,3300,2021-01-24,2300,5934,920A,7,5,4,3314,0,0,0,NA,0,070,SANDERSON AVE,RAMONA EXPY (W),0,NA,Y,C,-,N,NA,NA,NA,NA,NA,NA,NA,NA,NA,Y,4,0,1,2,A,-,12,21453,A,N,D,C,A,B,H,-,C,A,0,NA,NA,NA,NA,Y,NA,D,22,0,0,1,0,0,0,0,0,0,-,-,33.82381820678711,-117.00662994384766,RIVERSIDE,SAN JACINTO,-117.00359344482422,33.82354736328125
8139680,2016,2017-01-10,3300,2016-12-05,1838,5228,910J,1,5,5,3335,0,0,0,NA,0,062,RANCHO CALIFORNIA RD,HUMBER RD,0,NA,Y,A,-,N,NA,NA,NA,NA,NA,NA,NA,NA,NA,N,4,0,2,2,A,-,03,22350,NA,N,C,C,A,A,H,-,C,A,0,NA,NA,NA,NA,Y,NA,A,01,0,0,2,0,0,0,0,0,0,-,-,33.50849,-117.1327,RIVERSIDE,TEMECULA,-117.13279011,33.50861001