CASE_ID,ACCIDENT_YEAR,PROC_DATE,JURIS,COLLISION_DATE,COLLISION_TIME,OFFICER_ID,REPORTING_DISTRICT,DAY_OF_WEEK,CHP_SHIFT,POPULATION,CNTY_CITY_LOC,SPECIAL_COND,BEAT_TYPE,CHP_BEAT_TYPE,CITY_DIVISION_LAPD,CHP_BEAT_CLASS,BEAT_NUMBER,PRIMARY_RD,SECONDARY_RD,DISTANCE,DIRECTION,INTERSECTION,WEATHER_1,WEATHER_2,STATE_HWY_IND,CALTRANS_COUNTY,CALTRANS_DISTRICT,STATE_ROUTE,ROUTE_SUFFIX,POSTMILE_PREFIX,POSTMILE,LOCATION_TYPE,RAMP_INTERSECTION,SIDE_OF_HWY,TOW_AWAY,COLLISION_SEVERITY,NUMBER_KILLED,NUMBER_INJURED,PARTY_COUNT,PRIMARY_COLL_FACTOR,PCF_CODE_OF_VIOL,PCF_VIOL_CATEGORY,PCF_VIOLATION,PCF_VIOL_SUBSECTION,HIT_AND_RUN,TYPE_OF_COLLISION,MVIW,PED_ACTION,ROAD_SURFACE,ROAD_COND_1,ROAD_COND_2,LIGHTING,CONTROL_DEVICE,CHP_ROAD_TYPE,PEDESTRIAN_ACCIDENT,BICYCLE_ACCIDENT,MOTORCYCLE_ACCIDENT,TRUCK_ACCIDENT,NOT_PRIVATE_PROPERTY,ALCOHOL_INVOLVED,STWD_VEHTYPE_AT_FAULT,CHP_VEHTYPE_AT_FAULT,COUNT_SEVERE_INJ,COUNT_VISIBLE_INJ,COUNT_COMPLAINT_PAIN,COUNT_PED_KILLED,COUNT_PED_INJURED,COUNT_BICYCLIST_KILLED,COUNT_BICYCLIST_INJURED,COUNT_MC_KILLED,COUNT_MC_INJURED,PRIMARY_RAMP,SECONDARY_RAMP,LATITUDE,LONGITUDE,COUNTY,CITY,POINT_X,POINT_Y
81538230,2021,2021-08-06,3300,2021-07-22,0002,N6012,NA,4,5,4,3312,0,0,0,NA,0,NA,PERRIS BL,MILDRED ST,0,NA,Y,A,-,N,NA,NA,NA,NA,NA,NA,NA,NA,NA,N,3,0,1,1,A,-,03,22350,NA,N,F,I,A,A,H,-,C,A,0,NA,NA,NA,NA,Y,NA,D,22,0,1,0,0,0,0,0,0,0,-,-,33.79570007324219,-117.22617340087892,RIVERSIDE,PERRIS,-117.22612762451172,33.795631408691406
81539574,2021,2021-08-09,3300,2021-07-30,1934,4339,601 E,5,5,6,3394,0,0,0,NA,0,MV16,HEACOCK ST,SH-60 W/B ONRAMP,64,S,N,A,-,N,NA,NA,60,NA,NA,NA,NA,NA,NA,N,4,0,2,3,A,-,21,22106,NA,M,C,C,A,A,H,-,B,D,0,NA,NA,NA,NA,Y,NA,A,01,0,0,2,0,0,0,0,0,0,-,-,33.94147872924805,-117.24375152587892,RIVERSIDE,MORENO VALLEY,-117.24375152587892,33.9411735534668
81540884,2021,2021-08-10,3300,2021-08-06,1516,4713,910H,5,5,5,3335,0,0,0,NA,0,063,MARGARITA RD,RANCHO CALIFORNIA RD,0,NA,Y,A,-,N,NA,NA,NA,NA,NA,NA,NA,NA,NA,Y,4,0,3,2,A,-,08,22107,NA,N,C,C,A,A,H,-,A,A,0,NA,NA,NA,NA,Y,NA,D,22,0,0,3,0,0,0,0,0,0,-,-,33.50783157348633,-117.12451171875,RIVERSIDE,TEMECULA,-117.12461853027344,33.50800704956055
81541882,2021,2021-08-11,3300,2021-08-01,0049,5447,NA,7,5,6,3345,0,0,0,NA,0,NA,LIMONITE AV,ARCHER ST,50,W,N,A,-,N,NA,NA,NA,NA,NA,NA,NA,NA,NA,Y,4,0,1,2,A,-,08,22100,A,M,D,C,A,A,H,-,C,D,0,NA,NA,NA,NA,Y,Y,D,22,0,0,1,0,0,0,0,0,0,-,-,33.97581100463867,-117.47879028320313,RIVERSIDE,JURUPA VALLEY,-117.47890472412108,33.97554016113281
81541909,2021,2021-08-11,3300,2021-06-29,2016,3611,603 D,2,5,6,3394,0,0,0,NA,0,MV38,LASSELLE ST,AVENIDA CLASSICA,419,S,N,A,-,N,NA,NA,NA,NA,NA,NA,NA,NA,NA,Y,3,0,1,1,A,-,01,23152,G,N,E,I,A,A,H,-,C,D,0,NA,NA,Y,NA,Y,Y,C,02,0,1,0,0,0,0,0,0,1,-,-,33.865928649902344,-117.20944213867188,RIVERSIDE,MORENO VALLEY,-117.20906066894533,33.864830017089844
8154227,2016,2016-10-27,3315,2016-10-10,1506,0775,15C,1,5,6,3315,0,0,0,NA,0,003,FOOTHILL PKWY,RIMPAU AV,0,NA,Y,A,-,N,NA,NA,NA,NA,NA,NA,NA,NA,NA,N,4,0,1,2,A,-,00,21461,NA,N,G,B,B,A,H,-,A,A,0,Y,NA,NA,NA,Y,NA,N,60,0,0,1,0,1,0,0,0,0,-,-,NA,NA,RIVERSIDE,CORONA,-117.54983012,33.83463005
81546492,2021,2021-08-17,3315,2021-07-31,2345,004420,3B,6,5,6,3315,0,0,0,NA,0,003,ONTARIO AV,MAGNOLIA AV,58,W,N,A,-,N,NA,NA,NA,NA,NA,NA,NA,NA,NA,Y,4,0,2,2,A,-,12,21453,A,N,D,C,A,A,H,-,C,A,0,NA,NA,NA,NA,Y,NA,A,01,0,0,2,0,0,0,0,0,0,-,-,33.85499954223633,-117.56134796142578,RIVERSIDE,CORONA,-117.56172943115234,33.85496139526367
81546497,2021,2021-08-17,3315,2021-08-11,0810,002504,1D,3,5,6,3315,0,0,0,NA,0,001,RIVER RD,HEADWATER RD,0,NA,Y,A,-,N,NA,NA,NA,NA,NA,NA,NA,NA,NA,Y,4,0,2,2,A,-,09,21801,A,N,D,C,A,A,H,-,A,D,0,NA,NA,NA,NA,Y,NA,A,01,0,0,2,0,0,0,0,0,0,-,-,33.8914794921875,-117.56752777099608,RIVERSIDE,CORONA,-117.56757354736328,33.89150619506836
81549827,2021,2021-08-20,3300,2021-08-13,1559,N6426,910B,5,5,5,3335,0,0,0,NA,0,063,WINCHESTER RD,RORIPAUGH RD,50,N,N,A,-,N,NA,NA,NA,NA,NA,NA,NA,NA,NA,Y,4,0,1,2,A,-,03,22350,NA,N,C,C,A,A,H,-,A,A,0,NA,NA,NA,NA,Y,NA,A,01,0,0,1,0,0,0,0,0,0,-,-,33.533538818359375,-117.14827728271484,RIVERSIDE,TEMECULA,-117.14847564697266,33.533729553222656
81549830,2021,2021-08-20,3300,2021-08-15,1530,3786,012E,7,5,4,3344,0,0,0,NA,0,064,ARCHIBALD AV,MARKET PLACE,0,NA,Y,A,-,N,NA,NA,NA,NA,NA,NA,NA,NA,NA,Y,4,0,2,2,A,-,12,21453,A,N,D,C,A,A,H,-,A,A,0,NA,NA,NA,NA,Y,NA,A,07,0,0,2,0,0,0,0,0,0,-,-,NA,NA,RIVERSIDE,EASTVALE,-117.5930404663086,33.959041595458984
81550649,2021,2021-08-23,3300,2021-07-31,0229,5382,604 E,6,5,6,3394,0,0,0,NA,0,MV46,ALESSANDRO BLVD,REDLANDS BLVD,207,E,N,A,-,N,NA,NA,NA,NA,NA,NA,NA,NA,NA,Y,4,0,1,1,A,-,01,23152,A,N,E,I,A,A,H,-,C,A,0,NA,NA,NA,NA,Y,Y,A,01,0,0,1,0,0,0,0,0,0,-,-,33.91669845581055,-117.15672302246094,RIVERSIDE,MORENO VALLEY,-117.15601348876952,33.91746139526367
81550955,2021,2021-08-23,3315,2021-08-21,0113,004324,NA,6,5,6,3315,0,0,0,NA,0,NA,SIXTH ST,HOWARD ST,0,NA,Y,A,-,N,NA,NA,NA,NA,NA,NA,NA,NA,NA,N,2,0,1,2,A,-,08,22107,NA,F,A,C,A,A,H,-,A,D,0,NA,NA,NA,NA,Y,Y,D,22,1,0,0,0,0,0,0,0,0,-,-,33.873958587646484,-117.5627212524414,RIVERSIDE,CORONA,-117.5626220703125,33.87499237060547
81553337,2021,2021-08-25,3300,2021-07-01,1036,4254,905K,4,5,4,3307,0,0,0,NA,0,094,LAKE ST,MOUNTAIN ST,0,NA,Y,A,-,N,NA,NA,NA,NA,NA,NA,NA,NA,NA,N,3,0,3,2,A,-,12,21453,A,N,D,C,A,A,H,-,A,A,0,NA,NA,NA,NA,Y,NA,-,-,0,1,2,0,0,0,0,0,0,-,-,33.69850158691406,-117.39010620117188,RIVERSIDE,LAKE ELSINORE,-117.39012908935548,33.69849395751953
81554486,2021,2021-08-26,3300,2021-07-27,0949,3775,602 D,2,5,6,3394,0,0,0,NA,0,MV26,PERRIS BLVD,ALESSANDRO BLVD,50,N,N,A,-,N,NA,NA,NA,NA,NA,NA,NA,NA,NA,N,4,0,1,2,A,-,08,22108,NA,N,B,C,A,A,H,-,A,A,0,NA,NA,NA,NA,Y,NA,A,01,0,0,1,0,0,0,0,0,0,-,-,33.94718933105469,-117.22640228271484,RIVERSIDE,MORENO VALLEY,-117.2263412475586,33.91736602783203
81556725,2021,2021-08-27,3315,2021-04-05,0546,003152,8F,1,5,6,3315,0,0,0,NA,0,004,GREEN RIVER RD,91 EB ON RAMP,172,E,N,A,-,N,NA,NA,NA,NA,NA,NA,NA,NA,NA,Y,2,0,1,2,A,-,03,22350,NA,N,B,C,A,A,H,-,C,D,0,NA,NA,NA,NA,Y,NA,A,07,1,0,0,0,0,0,0,0,0,-,-,NA,NA,RIVERSIDE,CORONA,-117.656348,33.877952
81557431,2021,2021-08-30,3300,2021-08-15,1401,5632,916A,7,5,4,3312,0,0,0,NA,0,031,HARLEY KNOX BL,INDIAN AV,0,NA,Y,A,-,N,NA,NA,NA,NA,NA,NA,NA,NA,NA,N,2,0,1,2,A,-,03,22350,NA,N,C,D,A,A,H,-,A,A,0,NA,NA,NA,NA,Y,NA,A,01,1,0,0,0,0,0,0,0,0,-,-,33.857330322265625,-117.23454284667967,RIVERSIDE,PERRIS,-117.23484802246094,33.85722732543945
81557434,2021,2021-08-30,3300,2021-08-22,1735,3613,916B,7,5,4,3312,0,0,0,NA,0,032,PERRIS BL,SPECTRUM (N),0,NA,Y,A,-,N,NA,NA,NA,NA,NA,NA,NA,NA,NA,Y,4,0,2,2,A,-,12,21453,A,N,D,C,A,A,H,-,A,A,0,NA,NA,NA,NA,Y,NA,A,01,0,0,2,0,0,0,0,0,0,-,-,33.818260192871094,-117.22640228271484,RIVERSIDE,PERRIS,-117.22620391845705,33.818302154541016
81557438,2021,2021-08-30,3300,2021-08-24,1539,5129,916B,2,5,4,3312,0,0,0,NA,0,032,WILSON AV,MAINSAIL LN,0,NA,Y,A,-,N,NA,NA,NA,NA,NA,NA,NA,NA,NA,Y,4,0,2,2,A,-,09,21801,A,N,A,C,A,A,H,-,A,D,0,NA,NA,NA,NA,Y,NA,A,01,0,0,2,0,0,0,0,0,0,-,-,33.8043212890625,-117.21299743652344,RIVERSIDE,PERRIS,-117.21303558349608,33.8043327331543
81557447,2021,2021-08-30,3300,2021-08-12,0706,3988,001J,4,5,6,3345,0,0,0,NA,0,014,MISSION BL,TYROLITE ST,0,NA,Y,A,-,N,NA,NA,NA,NA,NA,NA,NA,NA,NA,Y,4,0,1,3,A,-,09,21801,A,N,D,C,A,A,H,-,A,A,0,NA,NA,NA,NA,Y,NA,A,01,0,0,1,0,0,0,0,0,0,-,-,34.01176071166992,-117.4580307006836,RIVERSIDE,JURUPA VALLEY,-117.45801544189452,34.011802673339844
81559963,2021,2021-09-01,3300,2021-08-01,2020,3343,002V,7,5,6,3345,0,0,0,NA,0,026,ETIWANDA AV,50TH ST,550,S,N,A,-,N,NA,NA,NA,NA,NA,NA,NA,NA,NA,Y,2,0,1,2,A,-,01,23152,B,N,C,E,A,A,H,-,C,D,0,NA,NA,NA,NA,Y,Y,D,22,1,0,0,0,0,0,0,0,0,-,-,33.995540618896484,-117.52253723144533,RIVERSIDE,JURUPA VALLEY,-117.5234375,33.99481201171875
81561778,2021,2021-09-03,3300,2021-08-31,1209,3175,901B,2,5,4,3310,0,0,0,NA,0,050,6TH ST,TEMESCAL AV,211,W,N,A,-,N,NA,NA,NA,NA,NA,NA,NA,NA,NA,N,4,0,1,2,A,-,03,22350,NA,N,C,C,A,A,H,-,A,D,0,NA,NA,NA,NA,Y,NA,D,22,0,0,1,0,0,0,0,0,0,-,-,33.938480377197266,-117.5412826538086,RIVERSIDE,NORCO,-117.54186248779295,33.938411712646484
81567000,2021,2021-09-10,3311,2021-08-09,1706,16095,3311,1,5,4,3311,0,0,0,NA,0,005,PALM CANYON DRIVE S,PALM CANYON DRIVE E,30,S,N,A,-,N,NA,NA,NA,NA,NA,NA,NA,NA,NA,Y,4,0,1,2,A,-,12,21453,A,N,D,C,A,A,H,-,A,A,0,NA,NA,NA,NA,Y,NA,-,35,0,0,1,0,0,0,0,0,0,-,-,33.80318069458008,-116.54559326171876,RIVERSIDE,PALM SPRINGS,-116.5456314086914,33.80310821533203
81567903,2021,2021-09-13,3300,2021-09-09,2359,5059,602 E,4,5,6,3394,0,0,0,NA,0,MV28,WHITE BIRCH LN,BLACK ELM CT,57,E,N,A,-,N,NA,NA,NA,NA,NA,NA,NA,NA,NA,Y,3,0,1,3,A,-,01,23152,A,N,G,B,E,A,H,-,C,D,0,Y,NA,NA,NA,Y,Y,A,01,0,1,0,0,1,0,0,0,0,-,-,33.92148971557617,-117.22007751464844,RIVERSIDE,MORENO VALLEY,-117.21993255615234,33.92168045043945
81569407,2021,2021-09-14,3300,2021-08-23,0740,4398,NA,1,5,3,3305,0,0,0,NA,0,NA,52ND AV,FREDERICK ST,127,E,N,A,-,N,NA,NA,NA,NA,NA,NA,NA,NA,NA,N,4,0,1,2,A,-,09,21804,A,F,D,C,A,A,H,-,A,A,0,NA,NA,NA,NA,Y,NA,A,07,0,0,1,0,0,0,0,0,0,-,-,33.670841217041016,-116.19046783447266,RIVERSIDE,COACHELLA,-116.19001770019533,33.670841217041016
81577273,2021,2021-09-23,3300,2021-06-18,1055,5132,X2,5,5,6,3345,0,0,0,NA,0,026,PARKCENTER DR,SKIMMER,0,NA,Y,B,-,N,NA,NA,NA,NA,NA,NA,NA,NA,NA,Y,4,0,1,2,A,-,09,21804,A,N,D,C,A,A,H,-,A,D,0,NA,NA,NA,NA,Y,NA,A,07,0,0,1,0,0,0,0,0,0,-,-,NA,NA,RIVERSIDE,JURUPA VALLEY,-117.54220581054688,33.9853401184082
81578173,2021,2021-09-23,3308,2021-09-02,0831,10610,518,4,5,5,3308,0,0,0,NA,0,NORTH,DEVONSHIRE AVE,MAYFLOWER PL,0,NA,Y,A,-,N,NA,NA,NA,NA,NA,NA,NA,NA,NA,N,3,0,1,2,A,-,08,22107,NA,N,G,B,E,A,H,-,A,A,0,Y,NA,NA,NA,Y,NA,A,07,0,1,0,0,1,0,0,0,0,-,-,NA,NA,RIVERSIDE,HEMET,-116.9530029296875,33.751251220703125
81578566,2021,2021-09-24,3349,2021-07-07,2335,416,NA,3,5,5,3341,0,0,0,NA,0,001,MCCALL BLVD,HERITAGE LAKE DR (E),55,N,N,A,-,N,NA,NA,NA,NA,NA,NA,NA,NA,NA,N,4,0,1,1,A,-,03,22350,NA,N,E,I,A,A,H,-,C,A,0,NA,NA,NA,NA,Y,NA,-,-,0,0,1,0,0,0,0,0,0,-,-,NA,NA,RIVERSIDE,MENIFEE,-117.1498565673828,33.721351623535156
81578604,2021,2021-09-24,3349,2021-09-02,1241,351,NA,4,5,5,3341,0,0,0,NA,0,001,MENIFEE RD,MAPES RD,0,NA,Y,A,-,N,NA,NA,NA,NA,NA,NA,NA,NA,NA,Y,4,0,2,2,A,-,09,21804,A,N,D,C,A,A,H,-,A,A,0,NA,NA,NA,NA,Y,NA,I,11,0,0,2,0,0,0,0,0,0,-,-,NA,NA,RIVERSIDE,MENIFEE,-117.15415191650392,33.7575798034668
81583178,2021,2021-09-30,3300,2021-09-28,1953,N6297,910K,2,5,5,3335,0,0,0,NA,0,064,MARGARITA RD,PAUBA RD,0,NA,Y,A,-,N,NA,NA,NA,NA,NA,NA,NA,NA,NA,N,4,0,2,2,A,-,12,21453,A,N,D,C,A,A,H,-,C,A,0,NA,NA,NA,NA,Y,NA,A,01,0,0,2,0,0,0,0,0,0,-,-,33.49766159057617,-117.11611175537108,RIVERSIDE,TEMECULA,-117.11589050292967,33.49800109863281
81587820,2021,2021-10-05,3300,2021-09-01,0854,3774,NA,3,5,6,3394,0,0,0,NA,0,NA,SUNNYMEAD RANCH PKWY,PEPPERGRASS WAY,65,E,N,A,-,N,NA,NA,NA,NA,NA,NA,NA,NA,NA,Y,3,0,2,3,A,-,03,22350,NA,N,C,C,A,A,H,-,A,D,0,NA,NA,NA,NA,Y,NA,D,22,0,1,1,0,0,0,0,0,0,-,-,33.9669303894043,-117.25005340576172,RIVERSIDE,MORENO VALLEY,-117.25005340576172,33.96672821044922
8159242,2016,2016-11-04,3311,2016-10-05,1005,10987,DESER,3,5,4,3311,0,0,0,NA,0,006,RAMON RD,PASEO DOROTEA,0,NA,Y,A,-,N,NA,NA,NA,NA,NA,NA,NA,NA,NA,Y,2,0,1,2,A,-,09,21801,A,N,D,C,A,A,H,-,A,A,0,NA,NA,Y,NA,Y,NA,A,01,1,0,0,0,0,0,0,0,1,-,-,NA,NA,RIVERSIDE,PALM SPRINGS,-116.50181002,33.81586004
81592566,2021,2021-10-11,3300,2021-10-08,0704,4713,910C,5,5,5,3335,0,0,0,NA,0,063,NICOLAS RD,CALLE MEDUSA,0,NA,Y,C,-,N,NA,NA,NA,NA,NA,NA,NA,NA,NA,Y,4,0,2,2,A,-,09,21802,A,N,D,C,A,B,H,-,B,A,0,NA,NA,NA,NA,Y,NA,A,01,0,0,2,0,0,0,0,0,0,-,-,33.54322814941406,-117.11566925048828,RIVERSIDE,TEMECULA,-117.1157684326172,33.54309844970703
81594829,2021,2021-10-13,3315,2021-10-03,2117,10819,3D,7,5,6,3315,0,0,0,NA,0,002,MAGNOLIA AV,15 NB OFF RAMP,0,NA,Y,A,-,Y,NA,NA,NA,NA,NA,NA,NA,NA,NA,Y,4,0,1,2,-,-,-,NA,NA,N,D,C,A,A,H,-,C,A,0,NA,NA,NA,NA,Y,NA,-,-,0,0,1,0,0,0,0,0,0,-,-,33.86656188964844,-117.54103088378906,RIVERSIDE,CORONA,-117.54212951660156,33.86597442626953
8159693,2016,2017-03-02,3300,2016-09-19,0840,N4883,002B,1,5,6,3345,0,0,0,NA,0,020,PYRITE ST,RT 60,16,S,N,A,-,Y,RIV,8,60,-,R,5.824,R,4,E,Y,4,0,2,2,A,-,09,21802,A,N,D,C,A,A,H,-,A,A,0,NA,NA,NA,NA,Y,NA,A,07,0,0,2,0,0,0,0,0,0,-,EO,34.01549,-117.46232,RIVERSIDE,JURUPA VALLEY,-117.45852352,34.0154754
81598151,2021,2021-10-18,3300,2021-09-11,1150,N6910,002Y,6,5,6,3345,0,0,0,NA,0,026,LIMONITE AV,PATS RANCH RD,91,E,N,A,-,N,NA,NA,NA,NA,NA,NA,NA,NA,NA,N,4,0,1,2,A,-,03,22350,NA,M,C,C,A,A,H,-,A,A,0,NA,NA,NA,NA,Y,NA,A,01,0,0,1,0,0,0,0,0,0,-,-,33.97505187988281,-117.54367065429688,RIVERSIDE,JURUPA VALLEY,-117.5434112548828,33.97517013549805
81598164,2021,2021-10-18,3300,2021-10-06,1827,5771,002R,3,5,6,3345,0,0,0,NA,0,024,LIMONITE AV,HOMESTEAD ST,0,NA,Y,A,-,N,NA,NA,NA,NA,NA,NA,NA,NA,NA,N,3,0,1,2,A,-,03,22350,NA,N,C,C,A,A,H,-,C,D,0,NA,NA,NA,NA,Y,NA,A,01,0,1,0,0,0,0,0,0,0,-,-,33.97447967529297,-117.49263763427734,RIVERSIDE,JURUPA VALLEY,-117.49315643310548,33.975521087646484
81598217,2021,2021-10-18,3300,2021-10-08,0233,5680,604 A,5,5,6,3394,0,0,0,NA,0,MV42,NASON ST,EUCALYPTUS AVE,0,NA,Y,C,-,N,NA,NA,NA,NA,NA,NA,NA,NA,NA,N,4,0,1,2,A,-,12,21453,A,F,D,C,A,B,H,-,C,A,0,NA,NA,NA,NA,Y,NA,A,01,0,0,1,0,0,0,0,0,0,-,-,33.93143081665039,-117.19139099121094,RIVERSIDE,MORENO VALLEY,-117.19161987304688,33.93180847167969
81599789,2021,2021-10-19,3308,2021-08-29,1134,10800,546,7,5,5,3308,0,0,0,NA,0,SOUTH,STETSON AVE,GILBERT ST,95,E,N,A,-,N,NA,NA,NA,NA,NA,NA,NA,NA,NA,Y,4,0,2,2,A,-,03,22350,NA,N,C,C,A,A,H,-,A,D,0,NA,NA,NA,NA,Y,NA,A,07,0,0,2,0,0,0,0,0,0,-,-,33.72941970825195,-116.97595977783205,RIVERSIDE,HEMET,-116.97557067871094,33.72938919067383
81599844,2021,2021-10-19,3300,2021-10-07,2005,5407,920G,4,5,4,3314,0,0,0,NA,0,074,SAN JACINTO AVE,MIDWAY ST,570,S,N,A,-,N,NA,NA,NA,NA,NA,NA,NA,NA,NA,N,4,0,1,2,A,-,11,21954,A,N,G,B,D,A,H,-,C,D,0,Y,NA,NA,NA,Y,Y,N,60,0,0,1,0,1,0,0,0,0,-,-,33.76393127441406,-116.95874786376952,RIVERSIDE,SAN JACINTO,-116.95874786376952,33.76234817504883
8160274,2016,2016-11-08,3300,2016-10-20,0820,N4573,916B,4,5,4,3312,0,0,0,NA,0,393,CITRUS AV,REDLANDS BL,0,NA,Y,A,-,N,NA,NA,NA,NA,NA,NA,NA,NA,NA,N,3,0,2,2,A,-,09,21801,A,N,D,C,A,A,H,-,A,A,0,NA,NA,NA,NA,Y,NA,A,01,0,2,0,0,0,0,0,0,0,-,-,NA,NA,RIVERSIDE,PERRIS,-117.21738006,33.80834004
81604632,2021,2021-10-25,3300,2021-10-21,1717,N6426,910R,4,5,5,3335,0,0,0,NA,0,062,RING ROAD,PROMENADE MALL SOUTH,317,E,N,A,-,N,NA,NA,NA,NA,NA,NA,NA,NA,NA,Y,4,0,1,2,A,-,08,22107,NA,N,D,C,A,A,H,-,A,D,0,NA,NA,NA,NA,Y,NA,A,01,0,0,1,0,0,0,0,0,0,-,-,NA,NA,RIVERSIDE,TEMECULA,-117.1551513671875,33.52212905883789
81607060,2021,2021-10-27,3300,2021-10-20,0825,3290,916C,3,5,4,3312,0,0,0,NA,0,034,NAVAJO RD,COCHISE RD (S),433,S,N,A,-,N,NA,NA,NA,NA,NA,NA,NA,NA,NA,Y,4,0,1,1,A,-,08,22107,NA,N,E,I,A,A,H,-,A,A,0,NA,NA,NA,NA,Y,NA,A,07,0,0,1,0,0,0,0,0,0,-,-,33.78388977050781,-117.25116729736328,RIVERSIDE,PERRIS,-117.25225067138672,33.78531265258789
81607196,2021,2021-10-27,3342,2021-10-18,0919,898,364,1,5,4,3342,0,0,0,NA,0,003,CLINTON KEITH RD,CREIGHTON AVE,0,NA,Y,B,-,N,NA,NA,NA,NA,NA,NA,NA,NA,NA,N,3,0,1,2,A,-,10,21950,A,N,G,A,B,A,H,-,A,A,0,Y,NA,NA,NA,Y,NA,A,08,0,1,0,0,1,0,0,0,0,-,-,33.59709167480469,-117.17130279541016,RIVERSIDE,MURRIETA,-117.17156982421876,33.597801208496094
81608197,2021,2021-10-28,3300,2021-10-26,1853,4050,603 C,2,5,6,3394,0,0,0,NA,0,MV36,IRIS AVE,LASSELLE ST,317,W,N,A,-,N,NA,NA,NA,NA,NA,NA,NA,NA,NA,N,3,0,1,2,A,-,11,21954,A,N,G,B,D,A,H,-,C,D,0,Y,NA,NA,NA,Y,NA,N,60,0,1,0,0,1,0,0,0,0,-,-,33.89094161987305,-117.2074737548828,RIVERSIDE,MORENO VALLEY,-117.20810699462892,33.89065170288086
81610375,2021,2021-10-29,3300,2021-10-27,0642,4767,916D,3,5,4,3312,0,0,0,NA,0,035,STEEPLE WY,MONUMENT PY,14,S,N,A,-,N,NA,NA,NA,NA,NA,NA,NA,NA,NA,N,4,0,1,2,A,-,10,21950,A,N,G,B,B,A,H,-,A,D,0,Y,NA,NA,NA,Y,NA,D,22,0,0,1,0,1,0,0,0,0,-,-,33.739349365234375,-117.22506713867188,RIVERSIDE,PERRIS,-117.22499084472656,33.73929214477539
81611277,2021,2021-11-01,3308,2021-08-27,2141,10752,507,5,5,5,3308,0,0,0,NA,0,NORTH,STATE ST,OAKLAND AVE,252,N,N,A,-,N,NA,NA,NA,NA,NA,NA,NA,NA,NA,Y,3,0,1,2,A,-,08,22107,NA,N,B,C,A,A,H,-,C,D,0,NA,NA,NA,NA,Y,NA,A,01,0,1,0,0,0,0,0,0,0,-,-,33.75474166870117,-116.97181701660156,RIVERSIDE,HEMET,-116.97176361083984,33.755470275878906
81611279,2021,2021-11-01,3308,2021-09-16,1838,10514,523,4,5,5,3308,0,0,0,NA,0,NORTH,FLORIDA AVE,WARREN RD,0,NA,Y,A,-,Y,NA,NA,NA,NA,NA,NA,NA,NA,NA,Y,4,0,2,2,A,-,12,21453,A,N,D,C,A,A,H,-,C,A,0,NA,NA,NA,NA,Y,NA,A,01,0,0,2,0,0,0,0,0,0,-,-,33.74216842651367,-117.02937316894533,RIVERSIDE,HEMET,-117.03274536132813,33.74386215209961
81614084,2021,2021-11-03,3300,2021-10-06,0843,N4883,020C5,3,5,6,3345,0,0,0,NA,0,020,AGATE ST,GALENA ST,413,S,N,A,-,N,NA,NA,NA,NA,NA,NA,NA,NA,NA,N,4,0,1,2,A,-,07,21658,A,N,B,C,A,A,H,-,A,D,0,NA,NA,NA,NA,Y,NA,A,07,0,0,1,0,0,0,0,0,0,-,-,34.00320053100586,-117.47012329101563,RIVERSIDE,JURUPA VALLEY,-117.47108459472656,34.00336837768555
81614098,2021,2021-11-03,3300,2021-10-28,0713,4449,001H,4,5,6,3345,0,0,0,NA,0,014,MISSION BL,GOLDEN WEST,171,E,N,A,-,N,NA,NA,NA,NA,NA,NA,NA,NA,NA,Y,4,0,1,2,A,-,03,22350,NA,N,C,C,A,A,H,-,A,D,0,NA,NA,NA,NA,Y,NA,A,07,0,0,1,0,0,0,0,0,0,-,-,NA,NA,RIVERSIDE,JURUPA VALLEY,-117.42903900146484,34.00798416137695
81614150,2021,2021-11-03,3300,2021-10-19,0550,4695,603 B,2,5,6,3394,0,0,0,NA,0,MV34,HEACOCK ST,SAN MICHELE RD,0,NA,Y,A,-,N,NA,NA,NA,NA,NA,NA,NA,NA,NA,N,4,0,1,2,A,-,05,21650,1,N,D,G,A,A,H,-,C,A,0,NA,Y,NA,NA,Y,NA,M,91,0,0,1,0,0,0,1,0,0,-,-,33.86634826660156,-117.24376678466795,RIVERSIDE,MORENO VALLEY,-117.24371337890624,33.87006759643555
81614156,2021,2021-11-03,3300,2021-11-01,1836,4050,601G1,1,5,6,3394,0,0,0,NA,0,MV18,NASON ST,SH-60 E/B ON/OFF RAMP,355,S,N,A,-,N,NA,NA,NA,NA,NA,NA,NA,NA,NA,Y,4,0,3,3,A,-,03,22350,NA,N,C,C,A,A,H,-,C,D,0,NA,NA,NA,NA,Y,NA,A,01,0,0,3,0,0,0,0,0,0,-,-,33.93672180175781,-117.19132232666016,RIVERSIDE,MORENO VALLEY,-117.19157,33.938607
81615383,2021,2021-11-04,3300,2021-11-01,1632,N6297,910L,1,5,5,3335,0,0,0,NA,0,064,MARGARITA RD,RANCHO VISTA RD,180,S,N,A,-,N,NA,NA,NA,NA,NA,NA,NA,NA,NA,N,4,0,4,2,A,-,03,22350,NA,N,C,C,A,A,H,-,A,A,0,NA,NA,NA,Y,Y,NA,A,01,0,0,4,0,0,0,0,0,0,-,-,33.501548767089844,-117.12046051025392,RIVERSIDE,TEMECULA,-117.11988830566406,33.50142288208008