CASE_ID,ACCIDENT_YEAR,PROC_DATE,JURIS,COLLISION_DATE,COLLISION_TIME,OFFICER_ID,REPORTING_DISTRICT,DAY_OF_WEEK,CHP_SHIFT,POPULATION,CNTY_CITY_LOC,SPECIAL_COND,BEAT_TYPE,CHP_BEAT_TYPE,CITY_DIVISION_LAPD,CHP_BEAT_CLASS,BEAT_NUMBER,PRIMARY_RD,SECONDARY_RD,DISTANCE,DIRECTION,INTERSECTION,WEATHER_1,WEATHER_2,STATE_HWY_IND,CALTRANS_COUNTY,CALTRANS_DISTRICT,STATE_ROUTE,ROUTE_SUFFIX,POSTMILE_PREFIX,POSTMILE,LOCATION_TYPE,RAMP_INTERSECTION,SIDE_OF_HWY,TOW_AWAY,COLLISION_SEVERITY,NUMBER_KILLED,NUMBER_INJURED,PARTY_COUNT,PRIMARY_COLL_FACTOR,PCF_CODE_OF_VIOL,PCF_VIOL_CATEGORY,PCF_VIOLATION,PCF_VIOL_SUBSECTION,HIT_AND_RUN,TYPE_OF_COLLISION,MVIW,PED_ACTION,ROAD_SURFACE,ROAD_COND_1,ROAD_COND_2,LIGHTING,CONTROL_DEVICE,CHP_ROAD_TYPE,PEDESTRIAN_ACCIDENT,BICYCLE_ACCIDENT,MOTORCYCLE_ACCIDENT,TRUCK_ACCIDENT,NOT_PRIVATE_PROPERTY,ALCOHOL_INVOLVED,STWD_VEHTYPE_AT_FAULT,CHP_VEHTYPE_AT_FAULT,COUNT_SEVERE_INJ,COUNT_VISIBLE_INJ,COUNT_COMPLAINT_PAIN,COUNT_PED_KILLED,COUNT_PED_INJURED,COUNT_BICYCLIST_KILLED,COUNT_BICYCLIST_INJURED,COUNT_MC_KILLED,COUNT_MC_INJURED,PRIMARY_RAMP,SECONDARY_RAMP,LATITUDE,LONGITUDE,COUNTY,CITY,POINT_X,POINT_Y
8195320,2017,2018-07-20,3313,2017-01-03,0954,1686,1,2,5,7,3313,0,0,0,NA,0,T58,ARLINGTON AV,RIVERSIDE AV,108,E,N,B,-,N,NA,NA,NA,NA,NA,NA,NA,NA,NA,N,4,0,1,2,A,-,03,22350,NA,N,C,C,A,A,H,-,A,A,0,NA,NA,NA,NA,Y,NA,J,48,0,0,1,0,0,0,0,0,0,-,-,NA,NA,RIVERSIDE,RIVERSIDE,-117.38911494,33.94628
81953753,2022,2022-12-28,3300,2022-12-17,1722,3774,603 B,6,5,6,3394,0,0,0,NA,0,MV34,JOHN F KENNEDY DR,PERRIS BLVD,413,E,N,A,-,N,NA,NA,NA,NA,NA,NA,NA,NA,NA,N,3,0,1,2,A,-,11,21950,B,N,G,B,D,A,H,-,C,A,0,Y,NA,NA,NA,Y,NA,N,60,0,1,0,0,1,0,0,0,0,-,-,33.90264129638672,-117.22647094726563,RIVERSIDE,MORENO VALLEY,-117.22494506835938,33.90277099609375
81953784,2022,2022-12-28,3308,2022-12-08,1503,10914,NA,4,5,5,3308,0,0,0,NA,0,SOUTH,FLORIDA AVE,WARREN RD,529,W,N,A,-,N,NA,NA,NA,NA,NA,NA,NA,NA,NA,Y,4,0,1,3,A,-,03,22350,NA,N,C,C,A,A,H,-,A,D,0,NA,NA,NA,NA,Y,NA,A,01,0,0,1,0,0,0,0,0,0,-,-,33.74216842651367,-117.02937316894533,RIVERSIDE,HEMET,-117.03447723388672,33.743858337402344
81954894,2022,2022-12-29,3300,2022-12-10,0151,N3765,NA,6,5,3,3317,0,0,0,NA,0,1T371,MONTEREY AVE,DICK KELLY DR,36,N,N,A,-,N,NA,NA,NA,NA,NA,NA,NA,NA,NA,Y,4,0,2,2,A,-,03,22350,NA,M,C,C,A,A,H,-,C,A,0,NA,NA,NA,NA,Y,Y,A,01,0,0,2,0,0,0,0,0,0,-,-,33.79444122314453,-116.38815307617188,RIVERSIDE,RANCHO MIRAGE,-116.3882293701172,33.79465866088867
81958002,2022,2023-01-03,3306,2022-07-06,1654,756,3306,3,5,3,3306,0,0,0,NA,0,NA,CAHUILLA AVE,PALM DR,20,E,N,A,-,N,NA,NA,NA,NA,NA,NA,NA,NA,NA,Y,3,0,1,2,A,-,21,22106,NA,N,C,C,A,A,H,-,A,D,0,NA,NA,Y,NA,Y,NA,A,07,0,1,0,0,0,0,0,0,1,-,-,33.9587287902832,-116.50131988525392,RIVERSIDE,DESERT HOT SPRINGS,-116.50125122070313,33.958683013916016
81959222,2022,2023-01-04,3308,2022-12-17,1851,10908,NA,6,5,5,3308,0,0,0,NA,0,NA,FLORIDA AVE,WARREN RD,201,W,N,A,-,N,NA,NA,NA,NA,NA,NA,NA,NA,NA,Y,3,0,3,2,A,-,03,22350,NA,N,C,C,A,A,H,-,C,A,0,NA,NA,NA,NA,Y,NA,A,01,0,1,2,0,0,0,0,0,0,-,-,33.74216842651367,-117.02937316894533,RIVERSIDE,HEMET,-117.0334014892578,33.743858337402344
81960355,2022,2023-01-05,3300,2022-11-06,1849,N6012,916A,7,5,4,3312,0,0,0,NA,0,031,PERRIS BL,HARLEY KNOX BL,14,S,N,A,-,N,NA,NA,NA,NA,NA,NA,NA,NA,NA,N,4,0,1,2,A,-,03,22350,NA,N,C,C,A,A,H,-,A,A,0,NA,NA,NA,NA,Y,NA,D,22,0,0,1,0,0,0,0,0,0,-,-,33.8573112487793,-117.225830078125,RIVERSIDE,PERRIS,-117.22618103027344,33.85736846923828
81960364,2022,2023-01-05,3300,2022-12-12,1730,5783,901C,1,5,4,3310,0,0,0,NA,0,050,HAMNER AV,TOWN AND COUNTRY DR,0,NA,Y,A,-,N,NA,NA,NA,NA,NA,NA,NA,NA,NA,Y,4,0,1,2,A,-,09,21801,A,N,A,C,A,A,H,-,B,A,0,NA,NA,NA,NA,Y,NA,A,01,0,0,1,0,0,0,0,0,0,-,-,33.9281005859375,-117.55821228027344,RIVERSIDE,NORCO,-117.55827331542967,33.92804718017578
81961442,2022,2023-01-06,3300,2022-11-20,1705,4440,920H,7,5,4,3314,0,0,0,NA,0,074,OLD MOUNTAIN RD,EVANS ST (N),0,E,Y,A,-,Y,NA,NA,NA,NA,NA,NA,NA,NA,NA,Y,2,0,1,2,A,-,09,21804,A,F,D,C,A,A,H,-,B,A,0,NA,NA,NA,NA,Y,NA,A,01,1,0,0,0,0,0,0,0,0,-,-,33.77582931518555,-116.93605041503906,RIVERSIDE,SAN JACINTO,-116.93605041503906,33.77602767944336
8196320,2016,2017-01-03,3300,2016-11-19,1250,4113,505A,6,5,5,3341,0,0,0,NA,0,057,BRIGGS RD,RT 74,1056,N,N,A,-,N,NA,NA,NA,NA,NA,NA,NA,NA,NA,Y,4,0,1,2,A,-,09,21801,A,N,D,C,A,A,H,-,A,D,0,NA,NA,NA,NA,Y,NA,A,01,0,0,1,0,0,0,0,0,0,-,-,NA,NA,RIVERSIDE,MENIFEE,-117.13651001,33.74606249
81965050,2023,2023-01-11,3300,2023-01-03,1200,6248,910D,2,5,5,3335,0,0,0,NA,0,063,CALLE CHAPOS,CALLE GIRASOL,1593,E,N,B,C,N,NA,NA,NA,NA,NA,NA,NA,NA,NA,Y,4,0,1,1,A,-,03,22350,NA,N,E,J,A,B,H,-,A,D,0,NA,NA,NA,NA,Y,NA,A,01,0,0,1,0,0,0,0,0,0,-,-,33.540321350097656,-117.10546875,RIVERSIDE,TEMECULA,-117.10841369628906,33.54029083251953
81965322,2022,2023-01-11,3349,2022-10-17,1310,378,NA,1,5,5,3341,0,0,0,NA,0,003,MURRIETA RD,PUERTO VALLARTA WAY,0,NA,Y,A,-,N,NA,NA,NA,NA,NA,NA,NA,NA,NA,Y,4,0,1,2,A,-,09,21801,A,N,A,C,A,A,H,-,A,A,0,NA,NA,NA,NA,Y,NA,A,01,0,0,1,0,0,0,0,0,0,-,-,33.68046188354492,-117.20588684082033,RIVERSIDE,MENIFEE,-117.20613098144533,33.68049240112305
81966172,2023,2023-01-12,3300,2023-01-09,845,3290,916C,1,5,4,3312,0,0,0,NA,0,034,4TH ST,A ST,35,E,N,B,-,N,NA,NA,NA,NA,NA,NA,NA,NA,NA,N,4,0,1,2,A,-,03,22350,NA,N,C,C,A,A,H,-,A,A,0,NA,NA,NA,NA,Y,NA,D,22,0,0,1,0,0,0,0,0,0,-,-,33.782379150390625,-117.2347412109375,RIVERSIDE,PERRIS,-117.2346420288086,33.7823486328125
81966175,2023,2023-01-12,3300,2023-01-04,1845,5228,910M,3,5,5,3335,0,0,0,NA,0,067,TEMECULA PKY,LA PAZ ST,528,E,N,C,-,Y,NA,NA,NA,NA,NA,NA,NA,NA,NA,Y,3,0,3,4,A,-,08,22107,NA,N,B,C,A,B,H,-,C,D,0,NA,NA,NA,NA,Y,NA,A,01,0,2,1,0,0,0,0,0,0,-,-,33.47835159301758,-117.1357192993164,RIVERSIDE,TEMECULA,-117.1343002319336,33.477413177490234
81967502,2022,2023-01-13,3313,2022-12-02,1500,1489,NA,5,5,7,3313,0,0,0,NA,0,NA,TYLER ST,HEMET ST,30,N,N,B,-,N,NA,NA,NA,NA,NA,NA,NA,NA,NA,N,4,0,1,2,A,-,09,21804,A,M,D,C,A,A,H,-,A,D,0,NA,NA,NA,NA,Y,NA,-,99,0,0,1,0,0,0,0,0,0,-,-,33.909358978271484,-117.45945739746094,RIVERSIDE,RIVERSIDE,-117.45928192138672,33.90919876098633
81967534,2022,2023-01-13,3349,2022-10-26,1731,488,NA,3,5,5,3341,0,0,0,NA,0,001,LINDENBERGER RD,GRANDE VISTA AVE,0,NA,Y,A,-,N,NA,NA,NA,NA,NA,NA,NA,NA,NA,Y,4,0,1,2,A,-,12,22450,A,N,D,C,A,A,H,-,A,A,0,NA,NA,NA,NA,Y,NA,A,01,0,0,1,0,0,0,0,0,0,-,-,NA,NA,RIVERSIDE,MENIFEE,-117.14527893066406,33.69405746459961
81969193,2023,2023-01-17,3300,2023-01-11,1230,N6426,910E,3,5,5,3335,0,0,0,NA,0,061,JEFFERSON AV,WINCHESTER RD,470,S,N,A,-,N,NA,NA,NA,NA,NA,NA,NA,NA,NA,Y,4,0,2,2,A,-,09,21804,A,N,D,C,A,A,H,-,A,D,0,NA,NA,NA,NA,Y,NA,A,01,0,0,2,0,0,0,0,0,0,-,-,33.52096176147461,-117.16500091552734,RIVERSIDE,TEMECULA,-117.16411590576172,33.519893646240234
81969196,2023,2023-01-17,3300,2023-01-11,1807,N6297,910K,3,5,5,3335,0,0,0,NA,0,064,YNEZ RD,SANTIAGO RD,264,N,N,A,-,N,NA,NA,NA,NA,NA,NA,NA,NA,NA,N,4,0,4,3,A,-,01,23152,A,F,C,C,A,A,H,-,C,A,0,NA,NA,NA,NA,Y,Y,D,22,0,0,4,0,0,0,0,0,0,-,-,33.48894119262695,-117.1376495361328,RIVERSIDE,TEMECULA,-117.13805389404295,33.489501953125
81970418,2022,2023-01-18,3300,2022-12-30,2020,6138,Y84,5,5,3,3305,0,0,0,NA,0,Y84,86 EXPRESSWAY,AVENUE 50,0,NA,Y,A,-,N,NA,NA,NA,NA,NA,NA,NA,NA,NA,Y,4,0,1,2,A,-,01,23153,A,F,C,C,A,A,H,-,C,A,0,NA,NA,NA,NA,Y,Y,A,01,0,0,1,0,0,0,0,0,0,-,-,NA,NA,RIVERSIDE,COACHELLA,-116.164121,33.687274
81972573,2022,2023-01-20,3313,2022-12-17,0058,1715,2,6,5,7,3313,0,0,0,NA,0,1R25,UNIVERSITY AVE,I 215 SB ON/R,0,NA,Y,A,-,N,NA,NA,NA,NA,NA,NA,NA,NA,NA,N,4,0,2,2,A,-,08,22107,NA,N,C,C,A,A,H,-,C,D,0,NA,NA,NA,NA,Y,NA,A,01,0,0,2,0,0,0,0,0,0,-,-,33.9740104675293,-117.33570098876952,RIVERSIDE,RIVERSIDE,-117.33551788330078,33.97566604614258
81973613,2023,2023-01-23,3349,2023-01-19,940,331,NA,4,5,5,3341,0,0,0,NA,0,006,BRADLEY RD,CHERRY HILLS BLVD,319,N,N,A,-,N,NA,NA,NA,NA,NA,NA,NA,NA,NA,Y,4,0,1,2,A,-,09,21801,A,F,D,C,A,A,H,-,A,A,0,NA,NA,NA,NA,Y,NA,A,01,0,0,1,0,0,0,0,0,0,-,-,33.7110595703125,-117.1888427734375,RIVERSIDE,MENIFEE,-117.18912506103516,33.71192932128906
81973729,2022,2023-01-23,3300,2022-11-15,2129,5951,001F,2,5,4,3344,0,0,0,NA,0,076,LIMONITE AV,HARRISON AV,0,NA,Y,A,-,N,NA,NA,NA,NA,NA,NA,NA,NA,NA,N,4,0,1,2,A,-,12,21453,A,F,A,D,A,A,H,-,C,A,0,NA,NA,NA,NA,Y,NA,A,01,0,0,1,0,0,0,0,0,0,-,-,33.975181579589844,-117.5839385986328,RIVERSIDE,EASTVALE,-117.58447265625,33.97526168823242
81974041,2023,2023-01-23,3313,2023-01-12,841,1686,4,4,5,7,3313,0,0,0,NA,0,T58,JACKSON ST,AUDREY AVE,22,S,N,A,-,N,NA,NA,NA,NA,NA,NA,NA,NA,NA,Y,4,0,2,3,A,-,08,22102,NA,M,D,C,A,A,H,-,A,D,0,NA,NA,NA,NA,Y,NA,A,01,0,0,2,0,0,0,0,0,0,-,-,33.93864822387695,-117.45049285888672,RIVERSIDE,RIVERSIDE,-117.4505615234375,33.938541412353516
81975188,2022,2023-01-24,3300,2022-12-09,0814,N6583,905C,5,5,4,3307,0,0,0,NA,0,090,25351 RAILROAD CANYON ROAD,CANYON HILLS,0,NA,N,A,-,N,NA,NA,NA,NA,NA,NA,NA,NA,NA,N,4,0,1,2,A,-,21,22106,NA,N,G,B,D,A,H,-,A,D,0,Y,NA,NA,NA,Y,NA,A,01,0,0,1,0,1,0,0,0,0,-,-,NA,NA,RIVERSIDE,LAKE ELSINORE,-117.26395416259766,33.66838836669922
81975224,2022,2023-01-24,3300,2022-10-27,1741,4024,WI 80,4,5,3,3343,0,0,0,NA,0,082,BUNDY CANYON RD,RACITI RD,172,E,N,A,-,N,NA,NA,NA,NA,NA,NA,NA,NA,NA,Y,4,0,1,2,C,-,18,NA,NA,N,D,C,A,A,H,-,A,D,0,NA,NA,NA,NA,Y,NA,-,-,0,0,1,0,0,0,0,0,0,-,-,33.62955856323242,-117.24717712402344,RIVERSIDE,WILDOMAR,-117.24685668945313,33.62924575805664
81976381,2023,2023-01-25,3300,2023-01-23,1404,3536,603 B,1,5,6,3394,0,0,0,NA,0,MV34,PAIGE AVE,NICOLE CT,0,NA,Y,A,G,N,NA,NA,NA,NA,NA,NA,NA,NA,NA,N,4,0,1,2,A,-,09,21801,A,F,A,C,A,A,H,-,A,D,0,NA,NA,NA,NA,Y,NA,A,01,0,0,1,0,0,0,0,0,0,-,-,33.90214920043945,-117.23902893066406,RIVERSIDE,MORENO VALLEY,-117.23882293701172,33.902191162109375
81976382,2023,2023-01-25,3300,2023-01-23,1630,4940,604 E,1,5,6,3394,0,0,0,NA,0,MV46,REDLANDS BLVD,WILLIAMS AVE,18,S,N,A,-,N,NA,NA,NA,NA,NA,NA,NA,NA,NA,N,4,0,1,2,A,-,04,21703,NA,N,C,C,A,A,H,-,A,D,0,NA,NA,NA,NA,Y,NA,A,01,0,0,1,0,0,0,0,0,0,-,-,33.918060302734375,-117.15670776367188,RIVERSIDE,MORENO VALLEY,-117.1567153930664,33.91826248168945
81979962,2023,2023-01-27,3300,2023-01-24,1429,N4544,602 D,2,5,6,3394,0,0,0,NA,0,MV26,HEACOCK ST,ALESSANDRO BLVD,309,S,N,A,-,N,NA,NA,NA,NA,NA,NA,NA,NA,NA,N,4,0,4,2,A,-,03,22350,NA,N,C,C,A,A,D,-,A,A,0,NA,NA,NA,NA,Y,NA,A,07,0,0,4,0,0,0,0,0,0,-,-,33.917259216308594,-117.24373626708984,RIVERSIDE,MORENO VALLEY,-117.24368286132813,33.91633605957031
81980044,2023,2023-01-27,3300,2023-01-09,1026,3481,920H,1,5,4,3314,0,0,0,NA,0,074,HEWITT ST,SHAVER ST,0,NA,Y,A,-,N,NA,NA,NA,NA,NA,NA,NA,NA,NA,Y,4,0,1,2,A,-,12,22450,A,N,B,C,A,A,H,-,A,A,0,NA,NA,NA,NA,Y,NA,-,-,0,0,1,0,0,0,0,0,0,-,-,33.77779006958008,-116.95117950439452,RIVERSIDE,SAN JACINTO,-116.95109558105467,33.777801513671875
81981073,2023,2023-01-30,3313,2023-01-06,1513,1935,2,5,5,7,3313,0,0,0,NA,0,3R20,CHICAGO AVE,MARLBOROUGH AVE,200,S,N,A,-,N,NA,NA,NA,NA,NA,NA,NA,NA,NA,N,4,0,1,2,A,-,08,22107,NA,N,B,C,A,A,H,-,A,D,0,NA,NA,NA,NA,Y,NA,A,01,0,0,1,0,0,0,0,0,0,-,-,33.99769973754883,-117.3484115600586,RIVERSIDE,RIVERSIDE,-117.34851837158205,33.99696350097656
81981080,2023,2023-01-30,3313,2023-01-16,658,1026,4,1,5,7,3313,0,0,0,NA,0,T52,PHOENIX AVE,DEWEY AVE,149,S,N,B,C,N,NA,NA,NA,NA,NA,NA,NA,NA,NA,Y,3,0,1,3,A,-,03,22350,NA,N,A,E,A,B,H,-,B,A,0,NA,NA,NA,NA,Y,NA,A,01,0,1,0,0,0,0,0,0,0,-,-,33.95671844482422,-117.42536926269533,RIVERSIDE,RIVERSIDE,-117.42532348632813,33.95650100708008
8198737,2016,2017-05-03,3300,2016-11-26,0900,4614,806C,6,5,3,3343,0,0,0,NA,0,086,CLINTON KEITH RD,RT 15,0,NA,Y,A,-,Y,RIV,8,15,-,-,13.457,R,4,N,Y,4,0,1,3,A,-,03,22350,NA,N,C,C,A,A,H,-,A,A,0,NA,NA,NA,NA,Y,NA,A,08,0,0,1,0,0,0,0,0,0,-,NF,NA,NA,RIVERSIDE,WILDOMAR,-117.24286534,33.59386246
81988160,2022,2023-02-07,3306,2022-10-27,1451,2923,NA,4,5,3,3306,0,0,0,NA,0,NA,CACTUS DR,TWO BUNCH PALMS TRL,0,W,Y,A,-,N,NA,NA,NA,NA,NA,NA,NA,NA,NA,N,4,0,1,2,A,-,12,22450,A,F,B,C,A,A,H,-,A,D,0,NA,NA,NA,NA,Y,NA,-,99,0,0,1,0,0,0,0,0,0,-,-,NA,NA,RIVERSIDE,DESERT HOT SPRINGS,-116.50567626953124,33.94675827026367
81989285,2022,2023-02-08,3300,2022-12-20,0924,3481,920A,2,5,4,3314,0,0,0,NA,0,070,STATE ST,COMMUNITY COLLEGE DR,3,N,N,A,-,N,NA,NA,NA,NA,NA,NA,NA,NA,NA,Y,4,0,1,2,A,-,03,22350,NA,N,C,C,A,A,H,-,A,D,0,NA,NA,NA,NA,Y,NA,A,01,0,0,1,0,0,0,0,0,0,-,-,33.80562973022461,-116.97216796875,RIVERSIDE,SAN JACINTO,-116.97207641601563,33.805599212646484
81990285,2023,2023-02-09,3308,2023-01-03,253,10766,517,2,5,5,3308,0,0,0,NA,0,NORTH,SAN JACINTO ST,LATHAM AVE,0,NA,Y,C,-,Y,NA,NA,NA,NA,NA,NA,NA,NA,NA,Y,4,0,1,2,A,-,03,22350,NA,N,C,C,A,B,H,-,C,A,0,NA,NA,NA,NA,Y,NA,A,01,0,0,1,0,0,0,0,0,0,-,-,NA,NA,RIVERSIDE,HEMET,-116.95865631103516,33.74940490722656
81991320,2023,2023-02-10,3300,2023-02-04,2003,5372,LA43,6,5,3,3392,0,0,0,NA,0,LA43,EISENHOWER DR,CALLE SINALOA,20,S,N,A,-,N,NA,NA,NA,NA,NA,NA,NA,NA,NA,N,4,0,1,2,A,-,03,22350,NA,N,C,C,A,A,H,-,C,A,0,NA,NA,NA,NA,Y,NA,D,22,0,0,1,0,0,0,0,0,0,-,-,33.67243957519531,-116.30800628662108,RIVERSIDE,LA QUINTA,-116.30809020996094,33.672630310058594
81992187,2023,2023-02-13,3311,2023-01-17,1437,16303,NA,2,5,4,3311,0,0,0,NA,0,006,RAMON ROAD,CROSSLEY ROAD,685,W,N,A,-,N,NA,NA,NA,NA,NA,NA,NA,NA,NA,Y,3,0,2,3,A,-,09,21801,A,N,D,C,A,A,H,-,A,D,0,NA,NA,NA,NA,Y,NA,A,01,0,2,0,0,0,0,0,0,0,-,-,33.81584930419922,-116.48419189453124,RIVERSIDE,PALM SPRINGS,-116.48649597167967,33.81575012207031
81993734,2022,2023-02-14,3313,2022-12-30,1826,1911,4,5,5,7,3313,0,0,0,NA,0,M21,INDIANA AV,WINSTROM ST,22,E,N,C,-,Y,NA,NA,NA,NA,NA,NA,NA,NA,NA,N,4,0,1,2,A,-,03,22350,NA,N,C,C,A,B,H,-,C,D,0,NA,NA,NA,NA,Y,NA,D,22,0,0,1,0,0,0,0,0,0,-,-,NA,NA,RIVERSIDE,RIVERSIDE,-117.40721130371094,33.93358612060547
81996760,2023,2023-02-17,3313,2023-01-15,1600,1827,2,7,5,7,3313,0,0,0,NA,0,T43,ARLINGTON AVE,HAWARDEN DR,665,E,N,C,-,N,NA,NA,NA,NA,NA,NA,NA,NA,NA,Y,3,0,1,2,A,-,03,22350,NA,N,D,C,A,B,H,-,A,D,0,NA,NA,NA,NA,Y,NA,D,22,0,1,0,0,0,0,0,0,0,-,-,33.94517135620117,-117.36701202392578,RIVERSIDE,RIVERSIDE,-117.36506652832033,33.9449577331543
8200017,2016,2017-01-03,3300,2016-12-12,1032,4996,604B4,1,5,6,3394,0,0,0,NA,0,MV42,ROCKWOOD AV,WILLOWGROVE PL,250,E,N,A,-,N,NA,NA,NA,NA,NA,NA,NA,NA,NA,Y,4,0,2,2,A,-,09,21801,A,N,D,C,A,A,H,-,A,D,0,NA,NA,NA,NA,Y,NA,A,01,0,0,2,0,0,0,0,0,0,-,-,33.9075,-117.18092,RIVERSIDE,MORENO VALLEY,-117.17999419,33.90770448
82000540,2023,2023-02-23,3300,2023-02-12,215,N3765,30D2,7,5,4,3318,0,0,0,NA,0,1T371,HWY 74,EL PASEO,65,N,N,A,-,N,NA,NA,NA,NA,NA,NA,NA,NA,NA,Y,3,0,2,2,A,-,01,23152,A,N,E,I,A,A,H,-,C,A,0,NA,NA,NA,NA,Y,Y,A,01,0,2,0,0,0,0,0,0,0,-,-,33.71968078613281,-116.39076995849608,RIVERSIDE,PALM DESERT,-116.3907470703125,33.71982192993164
82000560,2023,2023-02-23,3311,2023-02-06,15,16343,NA,1,5,4,3311,0,0,0,NA,0,006,PALM CANYON DRIVE E,SR 111 (GENE AUTRY TRAIL),10,W,N,A,-,N,NA,NA,NA,NA,NA,NA,NA,NA,NA,Y,3,0,2,2,A,-,01,23153,A,N,C,C,A,A,H,-,C,A,0,NA,NA,NA,NA,Y,Y,A,01,0,1,1,0,0,0,0,0,0,-,-,33.792930603027344,-116.49571228027344,RIVERSIDE,PALM SPRINGS,-116.49524688720705,33.79335021972656
82002906,2022,2023-02-27,3315,2022-05-19,2053,10819,16C,4,5,6,3315,0,0,0,NA,0,003,UPPER DR,LEMON GROVE LN,0,NA,Y,A,-,N,NA,NA,NA,NA,NA,NA,NA,NA,NA,Y,2,0,1,2,-,-,-,NA,NA,N,-,C,A,A,H,-,C,D,0,NA,NA,Y,NA,Y,Y,-,-,1,0,0,0,0,0,0,0,1,-,-,33.82659912109375,-117.54966735839844,RIVERSIDE,CORONA,-117.54973602294922,33.82659912109375
82002968,2022,2023-02-27,3315,2022-06-11,1247,001874,5A,6,5,6,3315,0,0,0,NA,0,004,SIXTH ST,SMITH AV,0,NA,Y,A,-,N,NA,NA,NA,NA,NA,NA,NA,NA,NA,Y,4,0,1,3,C,-,18,NA,NA,N,C,C,A,A,H,-,A,A,0,NA,NA,NA,NA,Y,NA,-,-,0,0,1,0,0,0,0,0,0,-,-,NA,NA,RIVERSIDE,CORONA,-117.59440612792967,33.878395080566406
82002974,2022,2023-02-27,3315,2022-06-13,1652,004455,3D,1,5,6,3315,0,0,0,NA,0,003,MAGNOLIA AV,EL CAMINO AV,0,NA,Y,A,-,N,NA,NA,NA,NA,NA,NA,NA,NA,NA,Y,3,0,1,1,A,-,03,22350,NA,N,F,A,A,A,H,-,A,A,0,NA,NA,Y,NA,Y,NA,C,02,0,1,0,0,0,0,0,0,1,-,-,33.86777877807617,-117.53896331787108,RIVERSIDE,CORONA,-117.53899383544922,33.86778259277344
82003035,2022,2023-02-27,3315,2022-07-08,1314,002058,7B,5,5,6,3315,0,0,0,NA,0,001,SECOND ST,BUENA VISTA AV,181,E,N,A,-,N,NA,NA,NA,NA,NA,NA,NA,NA,NA,Y,3,0,4,2,A,-,09,21804,A,N,D,C,A,A,H,-,A,D,0,NA,NA,NA,NA,Y,NA,A,01,0,1,3,0,0,0,0,0,0,-,-,33.8807487487793,-117.57698059082033,RIVERSIDE,CORONA,-117.57643127441406,33.8807258605957
82003059,2022,2023-02-27,3315,2022-07-18,0355,004324,2A,1,5,6,3315,0,0,0,NA,0,002,PARKRIDGE AV,JOY ST,150,E,N,A,-,N,NA,NA,NA,NA,NA,NA,NA,NA,NA,N,3,0,1,2,A,-,11,21954,A,N,G,B,E,A,H,-,C,D,0,Y,NA,NA,NA,Y,NA,N,60,0,1,0,0,1,0,0,0,0,-,-,33.888179779052734,-117.55934143066406,RIVERSIDE,CORONA,-117.55902099609376,33.887855529785156
82003132,2023,2023-02-27,3315,2023-01-22,818,001531,10A,7,5,6,3315,0,0,0,NA,0,004,VIA PACIFICA,ONTARIO AV,0,NA,Y,A,-,N,NA,NA,NA,NA,NA,NA,NA,NA,NA,Y,4,0,1,1,A,-,03,22350,NA,N,F,A,A,A,H,-,A,A,0,NA,NA,NA,NA,Y,NA,A,01,0,0,1,0,0,0,0,0,0,-,-,33.85831832885742,-117.59442138671876,RIVERSIDE,CORONA,-117.59410858154295,33.85898971557617
82003198,2023,2023-02-27,3315,2023-02-16,1545,001642,1A,4,5,6,3315,0,0,0,NA,0,001,RAILROAD ST,KLUG CI,969,W,N,A,-,N,NA,NA,NA,NA,NA,NA,NA,NA,NA,Y,4,0,1,2,A,-,09,21804,A,N,D,C,A,A,H,-,A,D,0,NA,NA,NA,NA,Y,NA,A,01,0,0,1,0,0,0,0,0,0,-,-,NA,NA,RIVERSIDE,CORONA,-117.61255645751952,33.88761901855469
82003349,2023,2023-02-27,3300,2023-01-24,2150,4867,603 A,2,5,6,3394,0,0,0,NA,0,MV32,PERRIS BLVD,CACTUS AVE,52,N,N,A,-,N,NA,NA,NA,NA,NA,NA,NA,NA,NA,Y,4,0,1,2,A,-,03,22350,NA,N,C,C,A,A,H,-,C,A,0,NA,NA,NA,NA,Y,NA,A,01,0,0,1,0,0,0,0,0,0,-,-,33.909889221191406,-117.22640991210938,RIVERSIDE,MORENO VALLEY,-117.22633361816406,33.91019058227539
82003355,2023,2023-02-27,3300,2023-02-10,753,5129,603 A,5,5,6,3394,0,0,0,NA,0,MV32,BRODIAEA AVE,INDIAN ST,0,NA,Y,A,-,N,NA,NA,NA,NA,NA,NA,NA,NA,NA,Y,4,0,2,2,A,-,09,21804,A,N,D,C,A,A,H,-,A,A,0,NA,NA,NA,NA,Y,NA,A,01,0,0,2,0,0,0,0,0,0,-,-,33.91360092163086,-117.23484802246094,RIVERSIDE,MORENO VALLEY,-117.23497772216795,33.913639068603516
82003357,2023,2023-02-27,3300,2023-02-11,1856,5665,603 B,6,5,6,3394,0,0,0,NA,0,MV34,PERRIS BLVD,JOHN F KENNEDY DR,252,N,N,A,-,N,NA,NA,NA,NA,NA,NA,NA,NA,NA,Y,4,0,2,2,A,-,01,23152,A,N,C,C,A,A,H,-,C,A,0,NA,NA,NA,NA,Y,Y,A,01,0,0,2,0,0,0,0,0,0,-,-,33.93267822265625,-117.2265167236328,RIVERSIDE,MORENO VALLEY,-117.22631072998048,33.90346145629883