CASE_ID,ACCIDENT_YEAR,PROC_DATE,JURIS,COLLISION_DATE,COLLISION_TIME,OFFICER_ID,REPORTING_DISTRICT,DAY_OF_WEEK,CHP_SHIFT,POPULATION,CNTY_CITY_LOC,SPECIAL_COND,BEAT_TYPE,CHP_BEAT_TYPE,CITY_DIVISION_LAPD,CHP_BEAT_CLASS,BEAT_NUMBER,PRIMARY_RD,SECONDARY_RD,DISTANCE,DIRECTION,INTERSECTION,WEATHER_1,WEATHER_2,STATE_HWY_IND,CALTRANS_COUNTY,CALTRANS_DISTRICT,STATE_ROUTE,ROUTE_SUFFIX,POSTMILE_PREFIX,POSTMILE,LOCATION_TYPE,RAMP_INTERSECTION,SIDE_OF_HWY,TOW_AWAY,COLLISION_SEVERITY,NUMBER_KILLED,NUMBER_INJURED,PARTY_COUNT,PRIMARY_COLL_FACTOR,PCF_CODE_OF_VIOL,PCF_VIOL_CATEGORY,PCF_VIOLATION,PCF_VIOL_SUBSECTION,HIT_AND_RUN,TYPE_OF_COLLISION,MVIW,PED_ACTION,ROAD_SURFACE,ROAD_COND_1,ROAD_COND_2,LIGHTING,CONTROL_DEVICE,CHP_ROAD_TYPE,PEDESTRIAN_ACCIDENT,BICYCLE_ACCIDENT,MOTORCYCLE_ACCIDENT,TRUCK_ACCIDENT,NOT_PRIVATE_PROPERTY,ALCOHOL_INVOLVED,STWD_VEHTYPE_AT_FAULT,CHP_VEHTYPE_AT_FAULT,COUNT_SEVERE_INJ,COUNT_VISIBLE_INJ,COUNT_COMPLAINT_PAIN,COUNT_PED_KILLED,COUNT_PED_INJURED,COUNT_BICYCLIST_KILLED,COUNT_BICYCLIST_INJURED,COUNT_MC_KILLED,COUNT_MC_INJURED,PRIMARY_RAMP,SECONDARY_RAMP,LATITUDE,LONGITUDE,COUNTY,CITY,POINT_X,POINT_Y
82144735,2023,2023-08-16,3300,2023-07-20,1845,6227,905K,4,5,4,3307,0,0,0,NA,0,094,LINCOLN ST,NORTH LAKE DR,0,NA,Y,A,-,N,NA,NA,NA,NA,NA,NA,NA,NA,NA,N,2,0,1,2,A,-,09,21801,A,N,D,C,A,A,H,-,B,D,0,NA,NA,Y,NA,Y,NA,A,01,1,0,0,0,0,0,0,0,0,-,-,NA,NA,RIVERSIDE,LAKE ELSINORE,-117.3906478881836,33.68401336669922
82144785,2023,2023-08-16,3300,2023-07-03,2233,5430,20C2,1,5,3,3317,0,0,0,NA,0,S20,HWY 111,LIBRARY WAY,194,W,N,A,-,Y,NA,NA,NA,NA,NA,NA,NA,NA,NA,Y,4,0,1,2,A,-,08,22107,NA,N,B,C,A,A,H,-,C,D,0,NA,NA,NA,NA,Y,NA,A,01,0,0,1,0,0,0,0,0,0,-,-,33.748470306396484,-116.4227294921875,RIVERSIDE,RANCHO MIRAGE,-116.42310333251952,33.74891662597656
82144792,2023,2023-08-16,3300,2023-07-25,1730,5730,38B2,2,5,4,3318,0,0,0,NA,0,T38,MONTEREY AVE,DINAH SHORE DR,91,S,N,A,-,N,NA,NA,NA,NA,NA,NA,NA,NA,NA,Y,4,0,1,4,A,-,03,22350,NA,F,C,C,A,A,H,-,A,A,0,NA,NA,NA,NA,Y,NA,A,01,0,0,1,0,0,0,0,0,0,-,-,33.8017692565918,-116.3881378173828,RIVERSIDE,PALM DESERT,-116.38825988769533,33.80155944824219
82144867,2023,2023-08-16,3311,2023-07-22,850,16393,NA,6,5,4,3311,0,0,0,NA,0,004,SR 111 (VISTA CHINO),FARRELL DRIVE,62,E,N,A,-,Y,RIV,NA,111,NA,T,52.377,H,NA,R,Y,4,0,1,3,A,-,03,22350,NA,N,C,C,A,A,H,-,A,A,0,NA,NA,NA,NA,Y,NA,D,22,0,0,1,0,0,0,0,0,0,-,-,33.844940185546875,-116.51953887939452,RIVERSIDE,PALM SPRINGS,-116.51953887939452,33.84489059448242
82144898,2023,2023-08-16,3313,2023-06-24,1933,1489,5,6,5,7,3313,0,0,0,NA,0,T44,TYLER ST,DIANA AVE,175,N,N,A,-,N,NA,NA,NA,NA,NA,NA,NA,NA,NA,N,4,0,1,2,A,-,10,21952,NA,F,D,G,A,A,H,-,A,D,0,NA,Y,NA,NA,Y,NA,D,22,0,0,1,0,0,0,1,0,0,-,-,33.90705871582031,-117.45706939697266,RIVERSIDE,RIVERSIDE,-117.45673370361328,33.90647888183594
82145914,2023,2023-08-17,3308,2023-06-14,2039,10909,518,3,5,5,3308,0,0,0,NA,0,NORTH,DEVONSHIRE AVE,MAYFLOWER PL,0,NA,Y,A,-,N,NA,NA,NA,NA,NA,NA,NA,NA,NA,Y,3,0,2,2,A,-,12,22450,A,N,D,C,A,A,H,-,C,A,0,NA,NA,NA,NA,Y,NA,A,01,0,1,1,0,0,0,0,0,0,-,-,NA,NA,RIVERSIDE,HEMET,-116.9530029296875,33.751251220703125
82146095,2023,2023-08-17,3313,2023-07-18,840,581,5,2,5,7,3313,0,0,0,NA,0,M25,CITRUS HEIGHTS DR,VAN BUREN AVE,2044,E,N,A,-,N,NA,NA,NA,NA,NA,NA,NA,NA,NA,N,2,0,2,2,A,-,05,21651,B,N,A,C,A,A,H,-,A,D,0,NA,NA,NA,NA,Y,NA,A,01,2,0,0,0,0,0,0,0,0,-,-,NA,NA,RIVERSIDE,RIVERSIDE,-117.41890716552734,33.892669677734375
82146096,2023,2023-08-17,3313,2023-07-27,1051,1641,5,4,5,7,3313,0,0,0,NA,0,T55,MAGNOLIA AVE,FARNHAM PL,0,NA,Y,A,-,N,NA,NA,NA,NA,NA,NA,NA,NA,NA,Y,3,0,1,2,A,-,08,22107,NA,N,D,G,A,A,H,-,A,D,0,NA,Y,NA,NA,Y,NA,A,01,0,1,0,0,0,0,1,0,0,-,-,33.92118835449219,-117.44522094726563,RIVERSIDE,RIVERSIDE,-117.44515228271484,33.921234130859375
82146948,2023,2023-08-18,3300,2023-08-16,1708,4323,910F,3,5,5,3335,0,0,0,NA,0,062,RANCHO CALIFORNIA RD,YNEZ RD,300,W,N,A,-,N,NA,NA,NA,NA,NA,NA,NA,NA,NA,Y,4,0,1,1,C,-,18,NA,NA,N,E,I,A,A,H,-,A,A,0,NA,NA,NA,NA,Y,NA,-,-,0,0,1,0,0,0,0,0,0,-,-,33.502769470214844,-117.14864349365234,RIVERSIDE,TEMECULA,-117.14934539794922,33.50238037109375
82147863,2023,2023-08-21,3300,2023-08-04,843,6214,910A,5,5,5,3335,0,0,0,NA,0,062,DATE ST,LAKEVIEW RD,186,E,N,A,-,N,NA,NA,NA,NA,NA,NA,NA,NA,NA,Y,4,0,1,3,A,-,08,22107,NA,N,C,C,A,A,H,-,A,A,0,NA,NA,NA,NA,Y,NA,A,01,0,0,1,0,0,0,0,0,0,-,-,33.541099548339844,-117.159912109375,RIVERSIDE,TEMECULA,-117.15976715087892,33.54146194458008
82148026,2023,2023-08-21,3313,2023-08-04,1837,1911,1,5,5,7,3313,0,0,0,NA,0,M21,CENTRAL AVE,STATE HWY 91 WB OFFRAMP,46,E,N,A,-,N,NA,NA,NA,NA,NA,NA,NA,NA,NA,N,4,0,1,2,A,-,12,21453,A,N,D,C,A,A,H,-,A,A,0,NA,NA,NA,NA,Y,NA,A,01,0,0,1,0,0,0,0,0,0,-,-,33.95362091064453,-117.38443756103516,RIVERSIDE,RIVERSIDE,NA,NA
82149264,2023,2023-08-22,3300,2023-07-12,1352,N6635,012C,3,5,4,3344,0,0,0,NA,0,065,HAMNER AV,MISSISSIPPI DR,0,NA,Y,A,-,N,NA,NA,NA,NA,NA,NA,NA,NA,NA,N,4,0,1,2,A,-,09,21802,A,N,D,C,A,A,H,-,A,A,0,NA,NA,NA,NA,Y,NA,D,22,0,0,1,0,0,0,0,0,0,-,-,33.95800018310547,-117.55831909179688,RIVERSIDE,EASTVALE,-117.55827331542967,33.958099365234375
82149415,2023,2023-08-22,3313,2023-08-09,1648,1384,5,3,5,7,3313,0,0,0,NA,0,M17,ARLINGTON AVE,CREST AVE,244,E,N,B,-,N,NA,NA,NA,NA,NA,NA,NA,NA,NA,N,3,0,1,2,A,-,09,21801,A,N,D,C,A,A,H,-,A,A,0,NA,NA,NA,NA,Y,NA,D,22,0,1,0,0,0,0,0,0,0,-,-,33.94636154174805,-117.47255706787108,RIVERSIDE,RIVERSIDE,-117.4719009399414,33.94654083251953
82149418,2023,2023-08-22,3313,2023-08-10,745,1641,2,4,5,7,3313,0,0,0,NA,0,T55,IOWA AVE,BLAINE ST,70,N,N,B,-,N,NA,NA,NA,NA,NA,NA,NA,NA,NA,Y,4,0,1,2,A,-,08,22107,NA,N,B,C,A,B,H,-,A,D,0,NA,NA,NA,NA,Y,NA,A,01,0,0,1,0,0,0,0,0,0,-,-,33.98303985595703,-117.3400421142578,RIVERSIDE,RIVERSIDE,-117.33989715576172,33.983192443847656
82149419,2023,2023-08-22,3313,2023-08-10,1151,1686,5,4,5,7,3313,0,0,0,NA,0,T58,TYLER ST,COOK AVE,0,NA,Y,B,-,N,NA,NA,NA,NA,NA,NA,NA,NA,NA,Y,3,0,5,2,A,-,12,21453,A,N,D,C,A,A,H,-,A,A,0,NA,NA,NA,NA,Y,NA,-,-,0,3,2,0,0,0,0,0,0,-,-,33.924869537353516,-117.47184753417967,RIVERSIDE,RIVERSIDE,-117.47177124023438,33.924591064453125
82149420,2023,2023-08-22,3313,2023-08-10,1233,1911,5,4,5,7,3313,0,0,0,NA,0,M21,VAN BUREN BLVD,ARLINGTON AVE,0,NA,Y,A,-,N,NA,NA,NA,NA,NA,NA,NA,NA,NA,Y,4,0,1,2,A,-,02,22526,A,N,D,C,A,A,H,-,A,A,0,NA,NA,NA,NA,Y,NA,A,01,0,0,1,0,0,0,0,0,0,-,-,33.94585037231445,-117.45417022705078,RIVERSIDE,RIVERSIDE,-117.45403289794922,33.94573974609375
82153844,2023,2023-08-25,3300,2023-08-11,1010,4339,002O,5,5,6,3345,0,0,0,NA,0,024,LIMONITE AV,PEDLEY RD (E),7,E,N,A,-,N,NA,NA,NA,NA,NA,NA,NA,NA,NA,Y,3,0,1,2,A,-,08,22100,5,N,D,C,A,A,H,-,A,D,0,NA,NA,NA,NA,Y,NA,A,08,0,1,0,0,0,0,0,0,0,-,-,33.9742317199707,-117.46913146972656,RIVERSIDE,JURUPA VALLEY,-117.4738998413086,33.97581481933594
82153868,2023,2023-08-25,3300,2023-08-04,1817,5665,602 A,5,5,6,3394,0,0,0,NA,0,MV22,ALESSANDRO BLVD,DAY ST,0,NA,Y,A,-,N,NA,NA,NA,NA,NA,NA,NA,NA,NA,Y,3,0,3,3,A,-,12,21453,A,N,D,C,A,A,H,-,A,A,0,NA,NA,NA,NA,Y,NA,A,08,0,2,1,0,0,0,0,0,0,-,-,33.91691970825195,-117.27881622314452,RIVERSIDE,MORENO VALLEY,-117.27880096435548,33.91693115234375
82155215,2023,2023-08-29,3306,2023-05-21,2226,735,3306,7,5,3,3306,0,0,0,NA,0,NA,20000 N. INDIAN (PARKING LOT),INDIAN CANYON,73,E,N,A,-,N,NA,NA,NA,NA,NA,NA,NA,NA,NA,N,2,0,1,2,A,-,03,22350,NA,F,G,B,E,A,H,-,C,D,0,Y,NA,NA,NA,Y,NA,D,22,1,0,0,0,1,0,0,0,0,-,-,NA,NA,RIVERSIDE,DESERT HOT SPRINGS,-116.54502868652344,33.96144104003906
82156952,2023,2023-08-29,3313,2023-08-15,1427,1641,4,2,5,7,3313,0,0,0,NA,0,T55,BROCKTON AVE,ARLINGTON AVE,35,N,N,B,-,N,NA,NA,NA,NA,NA,NA,NA,NA,NA,Y,4,0,2,2,A,-,08,22107,NA,N,A,C,A,A,H,-,A,A,0,NA,NA,NA,NA,Y,NA,D,22,0,0,2,0,0,0,0,0,0,-,-,33.94636917114258,-117.39666748046876,RIVERSIDE,RIVERSIDE,-117.39675903320313,33.946346282958984
82159371,2023,2023-08-31,3315,2023-08-24,1453,005024,2A,4,5,6,3315,0,0,0,NA,0,002,PARKRIDGE AV,HARRISON ST,0,NA,Y,A,-,N,NA,NA,NA,NA,NA,NA,NA,NA,NA,Y,3,0,2,2,A,-,09,21802,A,N,D,C,A,A,H,-,A,A,0,NA,NA,NA,NA,Y,NA,A,07,0,1,1,0,0,0,0,0,0,-,-,33.884559631347656,-117.55329895019533,RIVERSIDE,CORONA,-117.55329895019533,33.884559631347656
82160338,2023,2023-09-01,3300,2023-08-08,937,3786,002C,2,5,6,3345,0,0,0,NA,0,020,MISSION BL,LINDSAY ST,558,W,N,A,-,N,NA,NA,NA,NA,NA,NA,NA,NA,NA,Y,4,0,1,2,A,-,03,22350,NA,N,C,C,A,A,H,-,A,D,0,NA,NA,NA,NA,Y,NA,A,01,0,0,1,0,0,0,0,0,0,-,-,34.011470794677734,-117.49810028076172,RIVERSIDE,JURUPA VALLEY,-117.49993896484376,34.01200866699219
82160344,2023,2023-09-01,3300,2023-08-25,204,6164,001L,5,5,6,3345,0,0,0,NA,0,016,MISSION BL,CRESTMORE RD,308,E,N,A,-,N,NA,NA,NA,NA,NA,NA,NA,NA,NA,Y,3,0,3,1,A,-,08,22107,NA,N,E,I,A,A,H,-,C,D,0,NA,NA,NA,NA,Y,NA,A,01,0,3,0,0,0,0,0,0,0,-,-,33.98992919921875,-117.39617919921876,RIVERSIDE,JURUPA VALLEY,-117.39606475830078,33.991432189941406
82160345,2023,2023-09-01,3300,2023-08-25,1121,4339,002C,5,5,6,3345,0,0,0,NA,0,020,MISSION BL,BEN NEVIS BL,56,S,N,A,-,N,NA,NA,NA,NA,NA,NA,NA,NA,NA,Y,4,0,1,2,A,-,21,22106,NA,N,C,C,A,A,H,-,A,A,0,NA,NA,NA,NA,Y,NA,D,22,0,0,1,0,0,0,0,0,0,-,-,34.01728057861328,-117.50565338134766,RIVERSIDE,JURUPA VALLEY,-117.50586700439452,34.01703643798828
82161288,2023,2023-09-04,3315,2023-08-17,1445,003134,9B,4,5,6,3315,0,0,0,NA,0,002,VILLAGE LOOP DR,MONTEZUMA DR,0,NA,Y,A,-,N,NA,NA,NA,NA,NA,NA,NA,NA,NA,Y,3,0,1,2,A,-,09,21802,A,N,D,C,A,A,H,-,A,A,0,NA,NA,NA,NA,Y,NA,A,01,0,1,0,0,0,0,0,0,0,-,-,33.894710540771484,-117.53916931152344,RIVERSIDE,CORONA,-117.53946685791016,33.89596176147461
82163999,2023,2023-09-07,3300,2023-09-02,922,N5790,916B,6,5,4,3312,0,0,0,NA,0,032,NUEVO RD,PERRIS BL,455,E,N,A,-,N,NA,NA,NA,NA,NA,NA,NA,NA,NA,Y,4,0,2,2,A,-,09,21804,A,N,D,C,A,A,H,-,A,D,0,NA,NA,NA,NA,Y,NA,D,22,0,0,2,0,0,0,0,0,0,-,-,33.8011589050293,-117.22621917724608,RIVERSIDE,PERRIS,-117.22612762451172,33.801090240478516
82165311,2023,2023-09-08,3342,2023-09-04,1954,1195,235,1,5,4,3342,0,0,0,NA,0,002,LOS ALAMOS RD,INTERSTATE 215,5,W,N,A,-,N,NA,NA,NA,NA,NA,NA,NA,NA,NA,Y,4,0,1,2,A,-,09,21802,A,N,D,C,A,A,H,-,C,A,0,NA,NA,Y,NA,Y,NA,A,01,0,0,1,0,0,0,0,0,1,-,-,NA,NA,RIVERSIDE,MURRIETA,-117.18116760253906,33.57276916503906
82166372,2023,2023-09-11,3308,2023-08-08,1511,10379,516,2,5,5,3308,0,0,0,NA,0,NORTH,DEVONSHIRE AVE,GILBERT ST,167,W,N,A,-,N,NA,NA,NA,NA,NA,NA,NA,NA,NA,Y,4,0,2,2,A,-,03,22350,NA,N,C,C,A,A,H,-,A,D,0,NA,NA,NA,NA,Y,NA,A,01,0,0,2,0,0,0,0,0,0,-,-,33.749080657958984,-116.97257232666016,RIVERSIDE,HEMET,-116.9765853881836,33.751129150390625
82166585,2023,2023-09-11,3300,2023-08-16,1412,3775,602 Z,3,5,6,3394,0,0,0,NA,0,MV22,GATEWAY DR,DAY ST,365,E,N,A,-,N,NA,NA,NA,NA,NA,NA,NA,NA,NA,N,4,0,2,2,A,-,08,22107,NA,N,A,C,A,A,H,-,A,D,0,NA,NA,NA,NA,Y,NA,A,01,0,0,2,0,0,0,0,0,0,-,-,33.934879302978516,-117.27889251708984,RIVERSIDE,MORENO VALLEY,-117.2775421142578,33.934749603271484
82167813,2023,2023-09-12,3313,2023-08-25,1019,1021,4,5,5,7,3313,0,0,0,NA,0,2R49,ADAMS ST,BRIARWOOD DR,262,N,N,A,-,N,NA,NA,NA,NA,NA,NA,NA,NA,NA,N,3,0,1,2,A,-,07,21658,A,N,D,G,A,A,H,-,A,A,0,NA,Y,NA,NA,Y,NA,L,04,0,1,0,0,0,0,1,0,0,-,-,33.92918014526367,-117.42134857177734,RIVERSIDE,RIVERSIDE,-117.4218521118164,33.93000411987305
82169667,2023,2023-09-14,3300,2023-03-14,558,6085,920A,2,5,4,3314,0,0,0,NA,0,072,STATE ST,COMMUNITY COLLEGE DR,0,NA,Y,A,-,N,NA,NA,NA,NA,NA,NA,NA,NA,NA,N,4,0,1,1,A,-,03,22350,NA,N,E,J,A,A,H,-,C,D,0,NA,NA,NA,NA,Y,Y,A,01,0,0,1,0,0,0,0,0,0,-,-,33.805641174316406,-116.97187042236328,RIVERSIDE,SAN JACINTO,-116.97208404541016,33.80559158325195
82169669,2023,2023-09-14,3300,2023-05-07,216,5407,920C,7,5,4,3314,0,0,0,NA,0,070,STATE ST,ESPLANADE AVE,0,NA,Y,A,-,N,NA,NA,NA,NA,NA,NA,NA,NA,NA,Y,4,0,1,2,A,-,03,22350,NA,F,C,C,A,A,H,-,C,A,0,NA,NA,NA,NA,Y,NA,A,01,0,0,1,0,0,0,0,0,0,-,-,33.77294921875,-116.97189331054688,RIVERSIDE,SAN JACINTO,-116.9718780517578,33.77294158935547
82171692,2023,2023-09-18,3342,2023-09-11,1200,1432,561,1,5,4,3342,0,0,0,NA,0,005,MURRIETA HOT SPRINGS RD,HANCOCK AVE,75,W,N,A,-,N,NA,NA,NA,NA,NA,NA,NA,NA,NA,N,4,0,1,2,A,-,03,22350,NA,N,C,C,A,A,H,-,A,A,0,NA,NA,NA,NA,Y,NA,A,01,0,0,1,0,0,0,0,0,0,-,-,33.555301666259766,-117.18446350097656,RIVERSIDE,MURRIETA,-117.18449401855467,33.55599594116211
82173041,2023,2023-09-19,3300,2023-09-01,630,N7713,38B3,5,5,4,3318,0,0,0,NA,0,T38,DINAH SHORE DR,ATHENA PT,0,NA,Y,B,-,N,NA,NA,NA,NA,NA,NA,NA,NA,NA,Y,3,0,1,1,A,-,03,22350,NA,N,E,I,A,A,B,-,A,A,0,NA,NA,NA,NA,Y,NA,A,01,0,1,0,0,0,0,0,0,0,-,-,33.79050064086914,-116.36727142333984,RIVERSIDE,PALM DESERT,-116.36727142333984,33.79055404663086
82175641,2023,2023-09-21,3349,2023-09-10,1730,493,ME100,7,5,5,3341,0,0,0,NA,0,003,NEWPORT RD,TOWN CENTER DR,60,E,N,A,-,N,NA,NA,NA,NA,NA,NA,NA,NA,NA,Y,4,0,1,1,A,-,03,22350,NA,N,F,A,A,A,H,-,A,A,0,NA,NA,Y,NA,Y,Y,C,02,0,0,1,0,0,0,0,0,1,-,-,33.684959411621094,-117.17993927001952,RIVERSIDE,MENIFEE,-117.17955780029295,33.685096740722656
82177873,2023,2023-09-25,3300,2023-09-22,1029,6374,NA,5,5,5,3335,0,0,0,NA,0,NA,WINCHESTER RD,MARGARITA RD,72,E,N,A,-,N,NA,NA,NA,NA,NA,NA,NA,NA,NA,N,4,0,2,2,A,-,03,22350,NA,M,C,C,A,A,H,-,A,A,0,NA,NA,NA,NA,Y,NA,A,01,0,0,2,0,0,0,0,0,0,-,-,33.53092956542969,-117.151123046875,RIVERSIDE,TEMECULA,-117.15129852294922,33.53116226196289
82177888,2023,2023-09-25,3300,2023-09-09,1850,6283,602 C,6,5,6,3394,0,0,0,NA,0,MV24,COTTONWOOD AVE,HEACOCK ST,0,NA,Y,A,-,N,NA,NA,NA,NA,NA,NA,NA,NA,NA,Y,3,0,1,3,A,-,12,21453,A,F,D,D,A,A,H,-,A,A,0,NA,NA,NA,NA,Y,NA,A,01,0,1,0,0,0,0,0,0,0,-,-,33.92451095581055,-117.24368286132813,RIVERSIDE,MORENO VALLEY,-117.24375915527344,33.92454528808594
82177937,2023,2023-09-25,3308,2023-08-31,815,10610,504,4,5,5,3308,0,0,0,NA,0,NORTH,LOUISVILLE ST,SEATTLE ST,5,S,N,A,-,N,NA,NA,NA,NA,NA,NA,NA,NA,NA,N,3,0,1,2,A,-,10,21950,A,F,G,B,B,A,H,-,A,A,0,Y,NA,NA,NA,Y,NA,A,01,0,1,0,0,1,0,0,0,0,-,-,33.754329681396484,-117.01006317138672,RIVERSIDE,HEMET,-117.01360321044922,33.75614547729492
82180494,2023,2023-09-27,3300,2023-04-05,2355,6170,002P,3,5,6,3345,0,0,0,NA,0,024,RUTILE ST,JURUPA RD,500,N,N,A,-,N,NA,NA,NA,NA,NA,NA,NA,NA,NA,N,3,0,1,2,A,-,09,21801,A,N,D,C,A,A,H,-,D,D,0,NA,NA,Y,NA,Y,NA,A,01,0,1,0,0,0,0,0,0,1,-,-,33.99319839477539,-117.49639129638672,RIVERSIDE,JURUPA VALLEY,-117.4971923828125,33.99562072753906
82185003,2023,2023-10-02,3300,2023-09-26,808,4339,001A,2,5,6,3345,0,0,0,NA,0,010,WILSON ST,BROWN AV,0,NA,Y,A,-,N,NA,NA,NA,NA,NA,NA,NA,NA,NA,N,4,0,2,2,A,-,12,22450,A,N,D,C,A,A,H,-,A,A,0,NA,NA,NA,NA,Y,NA,A,01,0,0,2,0,0,0,0,0,0,-,-,NA,NA,RIVERSIDE,JURUPA VALLEY,-117.37539672851563,34.019351959228516
82185359,2023,2023-10-02,3313,2023-08-20,542,1809,4,7,5,7,3313,0,0,0,NA,0,1R47,ARLINGTON AVE,VIA SAN LUIS,135,E,N,C,-,N,NA,NA,NA,NA,NA,NA,NA,NA,NA,Y,3,0,1,1,A,-,08,22107,NA,N,E,J,A,B,H,-,C,D,0,NA,NA,NA,NA,Y,NA,A,01,0,1,0,0,0,0,0,0,0,-,-,33.94581985473633,-117.42498016357422,RIVERSIDE,RIVERSIDE,-117.42470550537108,33.94601821899414
82186760,2023,2023-10-02,3313,2023-06-21,1408,2106,5,3,5,7,3313,0,0,0,NA,0,T70,MAGNOLIA AVE,HUGHES ALY,128,W,N,A,-,N,NA,NA,NA,NA,NA,NA,NA,NA,NA,N,2,0,2,2,A,-,11,21954,A,N,G,B,D,A,H,-,A,A,0,Y,NA,NA,NA,Y,NA,N,60,1,1,0,0,1,0,0,0,0,-,-,33.91347122192383,-117.45832824707033,RIVERSIDE,RIVERSIDE,-117.4580078125,33.913734436035156
82188335,2022,2023-10-03,3300,2022-04-18,1921,4972,011M,1,5,4,3344,0,0,0,NA,0,063,LIMONITE AV,TAYLOR WAY,1121,E,N,A,-,N,NA,NA,NA,NA,NA,NA,NA,NA,NA,Y,1,1,0,1,A,-,01,23152,A,N,E,I,A,A,H,-,C,D,0,NA,NA,Y,NA,Y,Y,C,02,0,0,0,0,0,0,0,1,0,-,-,NA,NA,RIVERSIDE,EASTVALE,-117.60343170166016,33.970191955566406
82188498,2023,2023-10-03,3308,2023-07-19,2301,10909,519,3,5,5,3308,0,0,0,NA,0,NORTH,HEMET ST,FLORIDA AVE,244,N,N,A,-,N,NA,NA,NA,NA,NA,NA,NA,NA,NA,Y,4,0,1,2,A,-,08,22107,NA,N,C,E,A,A,H,-,C,A,0,NA,NA,NA,NA,Y,Y,A,01,0,0,1,0,0,0,0,0,0,-,-,NA,NA,RIVERSIDE,HEMET,-116.923828125,33.74846649169922
82193453,2023,2023-10-09,3300,2023-09-22,2301,6161,910M,5,5,5,3335,0,0,0,NA,0,067,SANTIAGO RD,VIA VALENCIA,108,E,N,A,-,N,NA,NA,NA,NA,NA,NA,NA,NA,NA,N,3,0,1,1,A,-,03,22350,NA,M,E,I,A,A,H,-,D,D,0,NA,NA,NA,NA,Y,NA,A,07,0,1,0,0,0,0,0,0,0,-,-,33.4922981262207,-117.12696075439452,RIVERSIDE,TEMECULA,-117.12653350830078,33.49251937866211
82193459,2023,2023-10-09,3300,2023-07-15,658,6080,001 N,6,5,6,3345,0,0,0,NA,0,020,LIMONITE AV,SPECTRUM CENTER,0,NA,Y,A,-,N,NA,NA,NA,NA,NA,NA,NA,NA,NA,Y,3,0,2,2,A,-,12,21453,A,N,D,C,A,A,H,-,A,A,0,NA,NA,NA,NA,Y,NA,A,01,0,2,0,0,0,0,0,0,0,-,-,NA,NA,RIVERSIDE,JURUPA VALLEY,-117.46054077148438,33.977970123291016
82194910,2023,2023-10-10,3308,2023-09-21,1303,10941,544,4,5,5,3308,0,0,0,NA,0,SOUTH,STETSON AVE,CAWSTON AVE,0,NA,Y,A,-,N,NA,NA,NA,NA,NA,NA,NA,NA,NA,Y,4,0,1,2,A,-,12,21453,A,N,D,C,A,A,H,-,A,A,0,NA,NA,NA,NA,Y,NA,A,01,0,0,1,0,0,0,0,0,0,-,-,33.72751998901367,-117.01206207275392,RIVERSIDE,HEMET,-117.0153350830078,33.72931671142578
82198143,2023,2023-10-13,3342,2023-10-05,605,1098,429,4,5,4,3342,0,0,0,NA,0,004,HANCOCK AVE,MEDICAL CENTER DR,0,NA,Y,A,-,N,NA,NA,NA,NA,NA,NA,NA,NA,NA,Y,4,0,1,2,A,-,09,21804,A,N,D,C,A,A,H,-,C,A,0,NA,NA,NA,NA,Y,NA,A,01,0,0,1,0,0,0,0,0,0,-,-,33.55767822265625,-117.18496704101563,RIVERSIDE,MURRIETA,-117.18485260009766,33.55769729614258
82198177,2023,2023-10-13,3313,2023-09-14,1023,1026,5,4,5,7,3313,0,0,0,NA,0,T52,HARRISON ST,CALIFORNIA AVE,0,NA,Y,A,-,N,NA,NA,NA,NA,NA,NA,NA,NA,NA,N,4,0,2,2,A,-,03,22350,NA,N,C,C,A,A,H,-,A,A,0,NA,NA,NA,NA,Y,NA,A,01,0,0,2,0,0,0,0,0,0,-,-,33.92583084106445,-117.4538116455078,RIVERSIDE,RIVERSIDE,-117.45374298095705,33.925743103027344
82199277,2023,2023-10-16,3315,2023-10-13,1947,002847,6B,5,5,6,3315,0,0,0,NA,0,001,GRAND BL N,FOURTH ST (E),30,S,N,A,-,N,NA,NA,NA,NA,NA,NA,NA,NA,NA,N,4,0,1,2,A,-,03,22350,NA,N,C,C,A,A,H,-,C,A,0,NA,NA,NA,NA,Y,NA,A,01,0,0,1,0,0,0,0,0,0,-,-,33.87562942504883,-117.55889129638672,RIVERSIDE,CORONA,-117.57332611083984,33.878135681152344
82200488,2023,2023-10-17,3300,2023-08-13,2201,6196,905D,7,5,4,3307,0,0,0,NA,0,093,LAKESHORE DR,ILLINOIS ST,48,S,N,A,-,N,NA,NA,NA,NA,NA,NA,NA,NA,NA,Y,4,0,1,3,A,-,01,23152,A,N,A,C,A,A,H,-,C,D,0,NA,NA,NA,Y,Y,Y,F,26,0,0,1,0,0,0,0,0,0,-,-,33.6838493347168,-117.36506652832033,RIVERSIDE,LAKE ELSINORE,-117.36513519287108,33.683860778808594