CASE_ID,ACCIDENT_YEAR,PROC_DATE,JURIS,COLLISION_DATE,COLLISION_TIME,OFFICER_ID,REPORTING_DISTRICT,DAY_OF_WEEK,CHP_SHIFT,POPULATION,CNTY_CITY_LOC,SPECIAL_COND,BEAT_TYPE,CHP_BEAT_TYPE,CITY_DIVISION_LAPD,CHP_BEAT_CLASS,BEAT_NUMBER,PRIMARY_RD,SECONDARY_RD,DISTANCE,DIRECTION,INTERSECTION,WEATHER_1,WEATHER_2,STATE_HWY_IND,CALTRANS_COUNTY,CALTRANS_DISTRICT,STATE_ROUTE,ROUTE_SUFFIX,POSTMILE_PREFIX,POSTMILE,LOCATION_TYPE,RAMP_INTERSECTION,SIDE_OF_HWY,TOW_AWAY,COLLISION_SEVERITY,NUMBER_KILLED,NUMBER_INJURED,PARTY_COUNT,PRIMARY_COLL_FACTOR,PCF_CODE_OF_VIOL,PCF_VIOL_CATEGORY,PCF_VIOLATION,PCF_VIOL_SUBSECTION,HIT_AND_RUN,TYPE_OF_COLLISION,MVIW,PED_ACTION,ROAD_SURFACE,ROAD_COND_1,ROAD_COND_2,LIGHTING,CONTROL_DEVICE,CHP_ROAD_TYPE,PEDESTRIAN_ACCIDENT,BICYCLE_ACCIDENT,MOTORCYCLE_ACCIDENT,TRUCK_ACCIDENT,NOT_PRIVATE_PROPERTY,ALCOHOL_INVOLVED,STWD_VEHTYPE_AT_FAULT,CHP_VEHTYPE_AT_FAULT,COUNT_SEVERE_INJ,COUNT_VISIBLE_INJ,COUNT_COMPLAINT_PAIN,COUNT_PED_KILLED,COUNT_PED_INJURED,COUNT_BICYCLIST_KILLED,COUNT_BICYCLIST_INJURED,COUNT_MC_KILLED,COUNT_MC_INJURED,PRIMARY_RAMP,SECONDARY_RAMP,LATITUDE,LONGITUDE,COUNTY,CITY,POINT_X,POINT_Y
82438388,2024,2024-07-15,3315,2024-07-10,233,001219,NA,3,5,6,3315,0,0,0,NA,0,003,TEMESCAL CANYON RD,CAJALCO RD,542,S,N,A,-,N,NA,NA,NA,NA,NA,NA,NA,NA,NA,Y,3,0,1,1,A,-,01,23152,A,N,E,I,A,A,H,-,C,D,0,NA,NA,NA,NA,Y,Y,A,01,0,1,0,0,0,0,0,0,0,-,-,NA,NA,RIVERSIDE,CORONA,-117.50957489013672,33.82255554199219
82442221,2024,2024-07-18,3315,2024-07-16,1930,005233,NA,2,5,6,3315,0,0,0,NA,0,001,VICENTIA AV,EIGHTH ST,105,N,N,A,-,N,NA,NA,NA,NA,NA,NA,NA,NA,NA,N,4,0,1,2,A,-,21,22106,NA,N,C,C,A,A,H,-,D,D,0,NA,NA,NA,NA,Y,NA,A,01,0,0,1,0,0,0,0,0,0,-,-,33.87425994873047,-117.57568359375,RIVERSIDE,CORONA,-117.57555389404295,33.87455368041992
82444416,2024,2024-07-22,3300,2024-06-13,2225,5503,NA,4,5,4,3310,0,0,0,NA,0,NA,HAMNER AV,GATEWAY CENTER,0,NA,Y,A,-,N,NA,NA,NA,NA,NA,NA,NA,NA,NA,N,3,0,1,2,A,-,12,21453,A,N,D,C,A,A,H,-,C,A,0,NA,NA,NA,NA,Y,NA,A,01,0,1,0,0,0,0,0,0,0,-,-,NA,NA,RIVERSIDE,NORCO,-117.56266784667967,33.900001525878906
82444486,2024,2024-07-22,3313,2024-07-03,445,2117,NA,3,5,7,3313,0,0,0,NA,0,1R27,ALESSANDRO BLVD,ROYAL HILL DR,0,NA,Y,A,-,N,NA,NA,NA,NA,NA,NA,NA,NA,NA,N,3,0,1,2,A,-,09,21802,A,N,D,G,A,A,H,-,C,D,0,NA,Y,NA,NA,Y,NA,A,01,0,1,0,0,0,0,1,0,0,-,-,33.94908905029297,-117.35858154296876,RIVERSIDE,RIVERSIDE,-117.35874176025392,33.949432373046875
82508707,2024,2024-07-23,3313,2024-06-29,1737,1969,NA,6,5,7,3313,0,0,0,NA,0,3R20,SPRUCE ST,EAST LA CADENA DR,205,W,N,A,-,N,NA,NA,NA,NA,NA,NA,NA,NA,NA,Y,4,0,1,1,A,-,03,22350,NA,N,E,I,A,A,H,-,A,A,0,NA,NA,NA,NA,Y,NA,A,01,0,0,1,0,0,0,0,0,0,-,-,33.990089416503906,-117.3572006225586,RIVERSIDE,RIVERSIDE,-117.35783386230467,33.990440368652344
82730128,2024,2024-07-26,3349,2024-06-20,1821,488,NA,4,5,5,3341,0,0,0,NA,0,004,NEWPORT RD,TOWN CENTER DR,231,E,N,A,-,N,NA,NA,NA,NA,NA,NA,NA,NA,NA,Y,4,0,1,2,A,-,01,23152,F,N,C,C,A,A,H,-,A,D,0,NA,NA,NA,NA,Y,NA,A,07,0,0,1,0,0,0,0,0,0,-,-,NA,NA,RIVERSIDE,MENIFEE,-117.1790008544922,33.68510818481445
82730136,2024,2024-07-26,3349,2024-07-07,1720,682,NA,7,5,5,3341,0,0,0,NA,0,004,NEWPORT RD,GOETZ RD,27,E,N,A,-,N,NA,NA,NA,NA,NA,NA,NA,NA,NA,Y,3,0,2,3,A,-,03,22350,NA,N,C,C,A,A,H,-,A,A,0,NA,NA,NA,NA,Y,NA,A,07,0,2,0,0,0,0,0,0,0,-,-,33.67782974243164,-117.23493957519533,RIVERSIDE,MENIFEE,-117.23468780517578,33.677467346191406
82800010,2024,2024-07-29,3308,2024-06-18,1700,10967,NA,2,5,5,3308,0,0,0,NA,0,NORTH,DEVONSHIRE AVE,SANDERSON AVE,300,E,N,-,-,Y,NA,NA,NA,NA,NA,NA,NA,NA,NA,N,4,0,1,2,A,-,09,21804,A,N,D,C,A,A,H,-,A,A,0,NA,NA,NA,NA,Y,NA,-,-,0,0,1,0,0,0,0,0,0,-,-,33.74911117553711,-117.00308227539063,RIVERSIDE,HEMET,-117.0055694580078,33.75096130371094
8280044,2016,2017-01-12,3311,2016-12-10,2319,16014,NA,6,5,4,3311,0,0,0,NA,0,002,INDIAN CANYON DR N,VIA OLIVERA,166,S,N,A,-,N,NA,NA,NA,NA,NA,NA,NA,NA,NA,Y,3,0,1,2,A,-,01,23152,A,N,C,E,A,A,H,-,C,A,0,NA,NA,NA,NA,Y,Y,A,01,0,1,0,0,0,0,0,0,0,-,-,33.8503,-116.54558,RIVERSIDE,PALM SPRINGS,-116.54558,33.84983566
8280080,2016,2017-01-12,3311,2016-12-09,1543,15953,NA,5,5,4,3311,0,0,0,NA,0,002,AVENIDA CABALLEROS,SAN JACINTO WY,42,N,N,A,-,N,NA,NA,NA,NA,NA,NA,NA,NA,NA,Y,3,0,2,2,A,-,01,23152,A,N,C,E,A,A,H,-,A,D,0,NA,NA,NA,NA,Y,Y,A,01,0,1,1,0,0,0,0,0,0,-,-,33.83619,-116.53692,RIVERSIDE,PALM SPRINGS,-116.53690155,33.836344940000004
8280385,2016,2017-01-24,3300,2016-12-24,1336,N5876,87G2,6,5,2,3316,0,0,0,NA,0,J303,FRED WARING,WARNER TRL,17,E,N,A,-,N,NA,NA,NA,NA,NA,NA,NA,NA,NA,Y,4,0,1,2,A,-,12,21453,A,N,D,C,A,A,H,-,A,A,0,NA,NA,NA,NA,Y,NA,A,01,0,0,1,0,0,0,0,0,0,-,-,NA,NA,RIVERSIDE,INDIAN WELLS,-116.31256433,33.72898
8280791,2016,2017-05-03,3308,2016-11-07,2022,10348,515,1,5,5,3308,0,0,0,NA,0,SOUTH,RT 74,GILMORE ST,421,W,N,A,-,Y,RIV,8,74,-,-,39.16,H,-,E,Y,4,0,1,2,A,-,03,22350,NA,N,C,C,A,A,H,-,C,D,0,NA,NA,NA,NA,Y,NA,A,01,0,0,1,0,0,0,0,0,0,-,-,NA,NA,RIVERSIDE,HEMET,-116.99480678,33.74736276
8280795,2016,2017-05-03,3308,2016-11-09,1823,10530,515,3,5,5,3308,0,0,0,NA,0,NORTH,FLORIDA AV,KIRBY ST,15,W,N,A,-,Y,RIV,8,74,-,-,38.987,I,5,W,N,3,0,1,2,A,-,11,21950,B,N,G,B,B,A,H,-,C,A,0,Y,NA,NA,NA,Y,NA,N,60,0,1,0,0,1,0,0,0,0,-,-,NA,NA,RIVERSIDE,HEMET,-116.99781066,33.74743335
8281898,2016,2017-01-19,3313,2016-12-25,1045,1587,5,7,5,7,3313,0,0,0,NA,0,2R53,DIANA AV,LA SIERRA AV,0,NA,Y,A,-,N,NA,NA,NA,NA,NA,NA,NA,NA,NA,Y,4,0,3,2,A,-,12,21453,A,N,D,C,A,A,H,-,A,A,0,NA,NA,NA,NA,Y,NA,A,01,0,0,3,0,0,0,0,0,0,-,-,33.90157,-117.47471,RIVERSIDE,RIVERSIDE,-117.47472012,33.90174003
8282068,2017,2017-01-18,3313,2017-01-05,1241,1686,5,4,5,7,3313,0,0,0,NA,0,T58,MONTLAKE DR,LA SIERRA AV,0,NA,Y,B,-,N,NA,NA,NA,NA,NA,NA,NA,NA,NA,Y,4,0,2,2,A,-,12,21453,A,N,D,C,A,B,H,-,A,A,0,NA,NA,NA,NA,Y,NA,A,01,0,0,2,0,0,0,0,0,0,-,-,33.90157,-117.47471,RIVERSIDE,RIVERSIDE,-117.47484,33.90167004
8282494,2016,2017-01-20,3315,2016-12-23,1140,002089,4A,5,5,6,3315,0,0,0,NA,0,004,ONTARIO AV,LINCOLN AV,0,NA,Y,B,C,N,NA,NA,NA,NA,NA,NA,NA,NA,NA,Y,4,0,2,2,A,-,12,21453,A,N,D,C,A,B,H,-,A,A,0,NA,NA,NA,NA,Y,NA,A,07,0,0,2,0,0,0,0,0,0,-,-,NA,NA,RIVERSIDE,CORONA,-117.58618006,33.85816009
8287149,2016,2017-01-24,3313,2016-12-26,0741,1779,3,1,5,7,3313,0,0,0,NA,0,T49,VAN BUREN BL,TRAUTWEIN RD,670,E,N,A,-,N,NA,NA,NA,NA,NA,NA,NA,NA,NA,N,4,0,2,2,A,-,12,21453,A,N,D,C,A,A,H,-,A,A,0,NA,NA,NA,NA,Y,NA,A,01,0,0,2,0,0,0,0,0,0,-,-,33.88844,-117.3243,RIVERSIDE,RIVERSIDE,-117.32210065,33.8889148
8287539,2016,2017-02-03,3300,2016-12-17,1551,5272,36M6,6,5,4,3318,0,0,0,NA,0,036,FRED WARING DR,YELLOW SAGE DR,24,W,N,A,-,N,NA,NA,NA,NA,NA,NA,NA,NA,NA,Y,4,0,2,2,A,-,08,22107,NA,N,D,C,A,A,H,-,A,A,0,NA,NA,NA,NA,Y,NA,A,01,0,0,2,0,0,0,0,0,0,-,-,NA,NA,RIVERSIDE,PALM DESERT,-116.34967859,33.72895964
82877876,2024,2024-07-30,3300,2024-07-26,1636,6164,NA,5,5,6,3345,0,0,0,NA,0,024,VAN BUREN BL,CLAY ST,494,S,N,A,-,N,NA,NA,NA,NA,NA,NA,NA,NA,NA,N,4,0,2,2,A,-,04,21703,NA,N,C,C,A,A,H,-,A,D,0,NA,NA,NA,NA,Y,NA,D,22,0,0,2,0,0,0,0,0,0,-,-,33.9658203125,-117.4662628173828,RIVERSIDE,JURUPA VALLEY,-117.46607971191406,33.96587371826172
82878054,2024,2025-01-06,3349,2024-06-10,1725,682,NA,1,5,5,3341,0,0,0,NA,0,003,GLENCOE LN,MOUNTAIN CLIFF RD,0,NA,Y,A,-,N,NA,NA,NA,NA,NA,NA,NA,NA,NA,N,4,0,1,2,A,-,12,22450,A,N,D,C,A,A,H,-,A,A,0,NA,NA,Y,NA,Y,NA,C,03,0,0,1,0,0,0,0,0,1,-,-,33.66899871826172,-117.1519012451172,RIVERSIDE,MENIFEE,-117.15184020996094,33.669063568115234
82878094,2024,2024-07-30,3313,2024-07-17,605,1502,NA,3,5,7,3313,0,0,0,NA,0,M14,JURUPA AVE,ACORN ST,130,W,N,A,-,N,NA,NA,NA,NA,NA,NA,NA,NA,NA,Y,4,0,1,2,A,-,08,22107,NA,N,C,E,A,A,H,-,A,D,0,NA,NA,NA,NA,Y,NA,A,01,0,0,1,0,0,0,0,0,0,-,-,33.95983123779297,-117.45397186279295,RIVERSIDE,RIVERSIDE,-117.45439910888672,33.9597053527832
8290298,2017,2017-01-31,3309,2017-01-05,0727,443,3309,4,5,4,3309,0,0,0,NA,0,005,FRED WARING DR,HOOVER ST,0,NA,Y,A,-,N,NA,NA,NA,NA,NA,NA,NA,NA,NA,Y,3,0,6,3,A,-,12,21453,A,N,D,C,A,A,H,-,A,A,0,NA,NA,NA,NA,Y,NA,A,01,0,2,4,0,0,0,0,0,0,-,-,NA,NA,RIVERSIDE,INDIO,-116.23803006,33.72933003
8290588,2017,2017-02-03,3300,2017-01-03,1730,3552,916D,2,5,4,3312,0,0,0,NA,0,035,4TH ST,PARK AV,188,W,N,A,-,N,NA,NA,NA,NA,NA,NA,NA,NA,NA,Y,4,0,1,2,A,-,09,21804,A,N,D,C,A,A,H,-,C,A,0,NA,NA,NA,NA,Y,NA,A,08,0,0,1,0,0,0,0,0,0,-,-,NA,NA,RIVERSIDE,PERRIS,-117.23754676,33.78234
8291004,2017,2017-02-03,3300,2017-01-11,0740,4767,916D,3,5,4,3312,0,0,0,NA,0,034,NAVAJO RD,SAN JACINTO AV,294,S,N,B,C,N,NA,NA,NA,NA,NA,NA,NA,NA,NA,N,4,0,1,2,A,-,03,22350,NA,N,C,C,A,B,H,-,A,D,0,NA,NA,NA,NA,Y,NA,A,01,0,0,1,0,0,0,0,0,0,-,-,33.78668,-117.25309,RIVERSIDE,PERRIS,-117.2525799,33.786166539999996
8292325,2017,2017-04-14,3300,2017-02-28,1823,N4809,920C,2,5,4,3314,0,0,0,NA,0,070,ESPLANADE AV,PALM AV,532,W,N,A,-,N,NA,NA,NA,NA,NA,NA,NA,NA,NA,Y,4,0,2,2,A,-,03,22350,NA,N,C,C,A,A,H,-,D,D,0,NA,NA,NA,NA,Y,NA,A,01,0,0,2,0,0,0,0,0,0,-,-,33.77297,-116.98057,RIVERSIDE,SAN JACINTO,-116.98231452,33.77288268
8293140,2017,2017-01-27,3311,2017-01-04,2017,15953,NA,3,5,4,3311,0,0,0,NA,0,006,RAMON RD,EL CIELO RD,84,W,N,A,-,N,NA,NA,NA,NA,NA,NA,NA,NA,NA,Y,3,0,2,3,A,-,03,22350,NA,N,C,C,A,A,H,-,C,A,0,NA,NA,NA,NA,Y,NA,A,01,0,1,1,0,0,0,0,0,0,-,-,33.81594,-116.51065,RIVERSIDE,PALM SPRINGS,-116.51092542,33.8159
8293581,2016,2017-05-03,3311,2016-12-24,1609,15950,NA,6,5,4,3311,0,0,0,NA,0,NA,RT 111,GATEWAY DR,10560,N,N,A,B,Y,RIV,8,111,-,-,57.16,H,-,S,Y,3,0,4,2,A,-,01,23152,A,N,C,C,A,A,H,-,A,D,0,NA,NA,NA,NA,Y,Y,A,07,0,3,1,0,0,0,0,0,0,-,-,33.86134,-116.56116,RIVERSIDE,PALM SPRINGS,-116.58779197,33.8776508
8293683,2016,2017-01-31,3313,2016-10-26,1411,1762,N,3,5,7,3313,0,0,0,NA,0,T44,BROCKTON AV,TEQUESQUITE AV,0,NA,Y,A,-,N,NA,NA,NA,NA,NA,NA,NA,NA,NA,N,4,0,1,2,A,-,10,21950,A,N,G,B,B,A,H,-,A,A,0,Y,NA,NA,NA,Y,NA,A,07,0,0,1,0,1,0,0,0,0,-,-,33.97627,-116.38561,RIVERSIDE,RIVERSIDE,-117.38571004,33.97632011
8294233,2017,2017-02-02,3313,2017-01-09,1434,1499,2,1,5,7,3313,0,0,0,NA,0,T42,SPRUCE ST,IOWA AV,9,W,N,A,-,N,NA,NA,NA,NA,NA,NA,NA,NA,NA,N,4,0,3,3,A,-,12,21453,A,N,D,C,A,A,H,-,A,A,0,NA,NA,NA,NA,Y,NA,A,01,0,0,3,0,0,0,0,0,0,-,-,33.99029,-117.33992,RIVERSIDE,RIVERSIDE,-117.3398696,33.99023
8295613,2016,2017-02-06,3308,2016-08-26,1658,10550,537,5,5,5,3308,0,0,0,NA,0,SOUTH,S STATE ST,MONTROSE AV,54,N,N,A,-,N,NA,NA,NA,NA,NA,NA,NA,NA,NA,Y,3,0,1,1,A,-,03,22350,NA,N,E,I,A,A,H,-,A,D,0,NA,NA,NA,NA,Y,NA,A,01,0,1,0,0,0,0,0,0,0,-,-,NA,NA,RIVERSIDE,HEMET,-116.97162,33.73822788
8296059,2017,2017-02-06,3300,2017-01-15,1206,4996,603A4,7,5,6,3394,0,0,0,NA,0,MV32,BRODIAEA AV,FINLEY DR,0,NA,Y,A,-,N,NA,NA,NA,NA,NA,NA,NA,NA,NA,Y,4,0,3,2,A,-,09,21802,A,N,D,C,A,A,H,-,A,A,0,NA,NA,NA,NA,Y,NA,A,01,0,0,3,0,0,0,0,0,0,-,-,33.91362,-117.2375,RIVERSIDE,MORENO VALLEY,-117.23764008,33.91363012
8297412,2016,2017-02-14,3313,2016-12-08,1554,1762,4,4,5,7,3313,0,0,0,NA,0,T44,MAGNOLIA AV,TYLER ST,0,NA,Y,A,-,N,NA,NA,NA,NA,NA,NA,NA,NA,NA,N,3,0,1,2,A,-,11,21461,5,N,G,B,B,A,H,-,A,A,0,Y,NA,NA,NA,Y,NA,N,60,0,1,0,0,1,0,0,0,0,-,-,33.91209,-117.46163,RIVERSIDE,RIVERSIDE,-117.46154013,33.91195002
8297413,2016,2017-03-02,3313,2016-12-04,0800,1813,1,7,5,7,3313,0,0,0,NA,0,2R15,MARKET ST,RIDGE RD,141,S,N,A,-,N,NA,NA,NA,NA,NA,NA,NA,NA,NA,N,2,0,1,1,A,-,03,22350,NA,N,E,I,A,A,H,-,A,D,0,NA,NA,Y,NA,Y,NA,C,02,1,0,0,0,0,0,0,0,1,-,-,NA,NA,RIVERSIDE,RIVERSIDE,-117.36999588,33.9910626
8297582,2017,2017-02-13,3313,2017-01-16,0050,1783,5,1,5,7,3313,0,0,0,NA,0,1R51,TYLER ST,MAGNOLIA AV,0,NA,Y,A,-,N,NA,NA,NA,NA,NA,NA,NA,NA,NA,Y,4,0,3,2,A,-,01,23152,A,N,B,C,A,A,H,-,C,A,0,NA,NA,NA,NA,Y,Y,A,01,0,0,3,0,0,0,0,0,0,-,-,33.91209,-117.46163,RIVERSIDE,RIVERSIDE,-117.46154013,33.91195002
8298106,2017,2018-06-07,3313,2017-01-22,0605,1783,5,7,5,7,3313,0,0,0,NA,0,1R51,PIERCE ST,RT 91,0,NA,Y,A,B,Y,RIV,8,91,-,-,10.606,R,4,E,Y,3,0,1,2,A,-,12,21453,A,N,B,C,A,B,H,-,B,A,0,NA,NA,NA,NA,Y,NA,A,01,0,1,0,0,0,0,0,0,0,-,EF,33.8969,-117.49255,RIVERSIDE,RIVERSIDE,-117.49629501,33.8963906
8298386,2017,2017-02-23,3300,2017-02-02,0730,N2988,601E2,4,5,6,3394,0,0,0,NA,0,MV16,IRONWOOD AV,TUSCOLA ST,126,W,N,A,-,N,NA,NA,NA,NA,NA,NA,NA,NA,NA,N,4,0,1,2,A,-,03,22350,NA,N,C,C,A,A,H,-,A,D,0,NA,NA,NA,NA,Y,NA,A,01,0,0,1,0,0,0,0,0,0,-,-,33.94659,-117.21551,RIVERSIDE,MORENO VALLEY,-117.21590404,33.94668204
8298415,2017,2017-03-01,3300,2017-01-06,1746,3775,602D2,5,5,6,3394,0,0,0,NA,0,MV26,HEACOCK ST,EUCALYPTUS AV,0,NA,Y,A,-,N,NA,NA,NA,NA,NA,NA,NA,NA,NA,N,4,0,1,2,A,-,12,21453,A,N,A,C,A,A,H,-,C,A,0,NA,NA,NA,NA,Y,NA,-,-,0,0,1,0,0,0,0,0,0,-,-,33.93182,-117.24379,RIVERSIDE,MORENO VALLEY,-117.24380007,33.93177002
8298474,2017,2017-02-16,3311,2017-01-22,1359,15911,3311,7,5,4,3311,0,0,0,NA,0,006,EAST RAMON RD,SAN LUIS REY DR,613,E,N,C,-,N,NA,NA,NA,NA,NA,NA,NA,NA,NA,Y,4,0,1,2,A,-,09,21801,A,N,D,C,A,B,H,-,A,D,0,NA,NA,NA,NA,Y,NA,A,07,0,0,1,0,0,0,0,0,0,-,-,NA,NA,RIVERSIDE,PALM SPRINGS,-116.48650035,33.81593
8298616,2017,2017-03-13,3300,2017-01-09,0530,4869,002K,1,5,6,3345,0,0,0,NA,0,022,VAN BUREN BL,ETIWANDA AV,0,NA,Y,C,-,N,NA,NA,NA,NA,NA,NA,NA,NA,NA,Y,4,0,2,3,A,-,08,22107,NA,N,D,C,A,-,H,-,C,A,0,NA,NA,NA,Y,Y,NA,F,27,0,0,2,0,0,0,0,0,0,-,-,34.01655,-117.52421,RIVERSIDE,JURUPA VALLEY,-117.52451005,34.0164601
8298636,2016,2017-02-24,3300,2016-10-29,1411,N5791,001C,6,5,6,3345,0,0,0,NA,0,010,RUBIDOUX BL,26TH ST,555,S,N,A,-,N,NA,NA,NA,NA,NA,NA,NA,NA,NA,Y,2,0,1,1,A,-,03,22350,NA,N,E,J,A,A,H,-,A,D,0,NA,NA,NA,NA,Y,NA,D,22,1,0,0,0,0,0,0,0,0,-,-,34.01221,-117.39337,RIVERSIDE,JURUPA VALLEY,-117.39447298,34.01115184
8298641,2017,2017-02-22,3300,2017-01-14,0408,3658,001I,6,5,6,3345,0,0,0,NA,0,014,CAMINO REAL,ARROWHEAD DR,0,NA,Y,A,-,N,NA,NA,NA,NA,NA,NA,NA,NA,NA,Y,3,0,1,2,A,-,08,22107,NA,N,C,E,A,A,H,-,D,A,0,NA,NA,NA,NA,Y,NA,A,01,0,1,0,0,0,0,0,0,0,-,-,33.99261,-117.44871,RIVERSIDE,JURUPA VALLEY,-117.44889004,33.99262002
8298859,2016,2017-02-23,3300,2016-12-26,0430,N4544,603A3,1,5,6,3394,0,0,0,NA,0,032,GRAHAM ST,BRODIAEA AV,354,S,N,A,-,N,NA,NA,NA,NA,NA,NA,NA,NA,NA,Y,4,0,1,1,A,-,08,22107,NA,M,E,I,A,A,H,-,C,D,0,NA,NA,NA,NA,Y,NA,A,01,0,0,1,0,0,0,0,0,0,-,-,33.91362,-117.25247,RIVERSIDE,MORENO VALLEY,-117.25239864,33.912680280000004
82996993,2024,2024-07-31,3300,2024-06-13,2244,6466,NA,4,5,3,3305,0,0,0,NA,0,Y80,GRAPEFRUIT BL,49TH AV,682,S,N,A,-,N,NA,NA,NA,NA,NA,NA,NA,NA,NA,N,2,0,2,1,A,-,08,22107,NA,N,E,I,A,A,H,-,C,D,0,NA,NA,NA,NA,Y,NA,A,01,2,0,0,0,0,0,0,0,0,-,-,33.69301986694336,-116.18521118164063,RIVERSIDE,COACHELLA,-116.18379974365234,33.69137191772461
8299833,2017,2017-02-23,3300,2017-01-20,2328,4884,34E5,5,5,4,3318,0,0,0,NA,0,034,HOVELY LN E,OASIS ST,0,NA,Y,A,-,N,NA,NA,NA,NA,NA,NA,NA,NA,NA,Y,3,0,2,1,A,-,08,22107,NA,N,E,I,A,A,H,-,C,D,0,NA,NA,NA,NA,Y,Y,A,01,0,2,0,0,0,0,0,0,0,-,-,NA,NA,RIVERSIDE,PALM DESERT,NA,NA
8300035,2016,2017-02-02,3308,2016-10-26,1125,10492,507,3,5,5,3308,0,0,0,NA,0,NORTH,MENLO AV,GIRARD ST,0,NA,Y,A,-,N,NA,NA,NA,NA,NA,NA,NA,NA,NA,Y,4,0,2,2,A,-,09,21802,A,N,D,C,A,A,H,-,A,A,0,NA,NA,NA,NA,Y,NA,A,01,0,0,2,0,0,0,0,0,0,-,-,NA,NA,RIVERSIDE,HEMET,-116.95434005,33.75848004
8300506,2016,2017-02-07,3313,2016-11-01,0911,1016,E,2,5,7,3313,0,0,0,NA,0,M28,NORTHGATE ST,MARLBOROUGH AV,217,N,N,B,-,N,NA,NA,NA,NA,NA,NA,NA,NA,NA,N,3,0,1,3,A,-,08,22107,NA,F,G,E,E,A,H,-,A,D,0,Y,NA,NA,NA,Y,NA,A,07,0,1,0,0,1,0,0,0,0,-,-,33.99746,-117.33112,RIVERSIDE,RIVERSIDE,-117.33110749,33.99808451
8300523,2016,2017-05-16,3308,2016-11-01,1738,10634,526,2,5,5,3308,0,0,0,NA,0,SOUTH,STATE ST,CENTRAL AV,0,NA,Y,A,-,N,NA,NA,NA,NA,NA,NA,NA,NA,NA,N,4,0,1,2,A,-,10,21950,A,N,G,B,B,A,H,-,B,A,0,Y,NA,NA,NA,Y,NA,A,01,0,0,1,0,1,0,0,0,0,-,-,NA,NA,RIVERSIDE,HEMET,-116.97163014,33.74208001
8300534,2016,2017-05-03,3308,2016-11-21,0549,10610,517,1,5,5,3308,0,0,0,NA,0,NORTH,RT 74,BUENA VISTA ST,0,NA,Y,A,-,Y,RIV,8,74,-,-,40.837,I,5,W,Y,4,0,2,2,A,-,17,21451,A,N,A,C,A,A,H,-,B,A,0,NA,NA,NA,NA,Y,NA,A,01,0,0,2,0,0,0,0,0,0,-,-,NA,NA,RIVERSIDE,HEMET,-116.96736377,33.74763061
8300600,2017,2017-02-06,3313,2017-01-11,0827,1021,2,3,5,7,3313,0,0,0,NA,0,M21,MARTIN LUTHER KING BL,OTTAWA AV,0,NA,Y,B,C,N,NA,NA,NA,NA,NA,NA,NA,NA,NA,Y,3,0,2,3,A,-,09,21800,A,N,D,C,A,B,H,-,A,A,0,NA,NA,NA,NA,Y,NA,A,01,0,1,1,0,0,0,0,0,0,-,-,33.96811,-117.35283,RIVERSIDE,RIVERSIDE,-117.35286,33.96816004
8300800,2016,2017-02-21,3308,2016-07-16,1240,10571,507,6,5,5,3308,0,0,0,NA,0,NORTH,EAST MENLO AV,BUENA VISTA ST,127,W,N,A,-,N,NA,NA,NA,NA,NA,NA,NA,NA,NA,N,4,0,1,2,A,-,03,22350,NA,N,C,C,A,A,H,-,A,D,0,NA,NA,NA,NA,Y,NA,D,22,0,0,1,0,0,0,0,0,0,-,-,NA,NA,RIVERSIDE,HEMET,-116.96784636,33.75843627
8300980,2017,2017-02-09,3300,2017-01-13,1748,4300,920H,5,5,4,3314,0,0,0,NA,0,074,SAN JACINTO AV,MIDWAY ST,351,S,N,C,-,N,NA,NA,NA,NA,NA,NA,NA,NA,NA,N,2,0,1,2,A,-,00,21760,C,N,C,G,A,B,H,-,D,D,0,NA,Y,NA,NA,Y,NA,A,01,1,0,0,0,0,0,1,0,0,-,-,33.76393,-116.95875,RIVERSIDE,SAN JACINTO,-116.95875,33.76294885
8301715,2016,2017-05-03,3308,2016-12-13,0708,10470,517,2,5,5,3308,0,0,0,NA,0,NORTH,BUENA VISTA ST,FLORIDA AV,0,NA,Y,A,-,Y,RIV,8,74,-,-,40.837,I,5,W,Y,4,0,2,2,A,-,12,21453,A,N,D,C,A,A,H,-,A,A,0,NA,NA,NA,NA,Y,NA,A,01,0,0,2,0,0,0,0,0,0,-,-,NA,NA,RIVERSIDE,HEMET,-116.96736377,33.74763061
8302586,2016,2017-03-06,3313,2016-11-07,0614,1779,N,1,5,7,3313,0,0,0,NA,0,T49,LIME ST,UNIVERSITY AV,0,NA,Y,A,-,N,NA,NA,NA,NA,NA,NA,NA,NA,NA,N,4,0,1,2,A,-,09,21801,A,N,A,C,A,A,H,-,B,A,0,NA,NA,NA,NA,Y,NA,A,01,0,0,1,0,0,0,0,0,0,-,-,33.98026,-117.37116,RIVERSIDE,RIVERSIDE,-117.37098006,33.98027001
8302615,2016,2017-02-21,3313,2016-11-21,1727,1499,W,1,5,7,3313,0,0,0,NA,0,T42,VAN BUREN BL,ARLINGTON AV,61,N,N,B,-,N,NA,NA,NA,NA,NA,NA,NA,NA,NA,N,4,0,1,3,A,-,03,22350,NA,N,C,C,A,A,H,-,C,A,0,NA,NA,NA,NA,Y,NA,A,08,0,0,1,0,0,0,0,0,0,-,-,33.94585,-117.45417,RIVERSIDE,RIVERSIDE,-117.45402461,33.94604709
8303454,2017,2017-02-07,3311,2017-01-28,0901,15789,3311,6,5,4,3311,0,0,0,NA,0,003,EAST RAMON RD,SOUTH PALM CANYON DR,0,NA,Y,A,-,N,NA,NA,NA,NA,NA,NA,NA,NA,NA,N,3,0,1,2,A,-,10,21950,A,N,G,B,B,A,H,-,A,A,0,Y,NA,NA,NA,Y,NA,A,01,0,1,0,0,1,0,0,0,0,-,-,NA,NA,RIVERSIDE,PALM SPRINGS,-116.54678001,33.81584003
8309010,2017,2017-02-24,3313,2017-01-06,1020,1488,5,5,5,7,3313,0,0,0,NA,0,M20,PIERCE ST,MAGNOLIA AV,0,NA,Y,A,-,N,NA,NA,NA,NA,NA,NA,NA,NA,NA,Y,3,0,1,2,A,-,12,21453,A,N,A,C,A,A,H,-,A,A,0,NA,NA,NA,NA,Y,NA,-,-,0,1,0,0,0,0,0,0,0,-,-,33.89505,-117.49107,RIVERSIDE,RIVERSIDE,-117.49113,33.89513007