CASE_ID,ACCIDENT_YEAR,PROC_DATE,JURIS,COLLISION_DATE,COLLISION_TIME,OFFICER_ID,REPORTING_DISTRICT,DAY_OF_WEEK,CHP_SHIFT,POPULATION,CNTY_CITY_LOC,SPECIAL_COND,BEAT_TYPE,CHP_BEAT_TYPE,CITY_DIVISION_LAPD,CHP_BEAT_CLASS,BEAT_NUMBER,PRIMARY_RD,SECONDARY_RD,DISTANCE,DIRECTION,INTERSECTION,WEATHER_1,WEATHER_2,STATE_HWY_IND,CALTRANS_COUNTY,CALTRANS_DISTRICT,STATE_ROUTE,ROUTE_SUFFIX,POSTMILE_PREFIX,POSTMILE,LOCATION_TYPE,RAMP_INTERSECTION,SIDE_OF_HWY,TOW_AWAY,COLLISION_SEVERITY,NUMBER_KILLED,NUMBER_INJURED,PARTY_COUNT,PRIMARY_COLL_FACTOR,PCF_CODE_OF_VIOL,PCF_VIOL_CATEGORY,PCF_VIOLATION,PCF_VIOL_SUBSECTION,HIT_AND_RUN,TYPE_OF_COLLISION,MVIW,PED_ACTION,ROAD_SURFACE,ROAD_COND_1,ROAD_COND_2,LIGHTING,CONTROL_DEVICE,CHP_ROAD_TYPE,PEDESTRIAN_ACCIDENT,BICYCLE_ACCIDENT,MOTORCYCLE_ACCIDENT,TRUCK_ACCIDENT,NOT_PRIVATE_PROPERTY,ALCOHOL_INVOLVED,STWD_VEHTYPE_AT_FAULT,CHP_VEHTYPE_AT_FAULT,COUNT_SEVERE_INJ,COUNT_VISIBLE_INJ,COUNT_COMPLAINT_PAIN,COUNT_PED_KILLED,COUNT_PED_INJURED,COUNT_BICYCLIST_KILLED,COUNT_BICYCLIST_INJURED,COUNT_MC_KILLED,COUNT_MC_INJURED,PRIMARY_RAMP,SECONDARY_RAMP,LATITUDE,LONGITUDE,COUNTY,CITY,POINT_X,POINT_Y
83097228,2024,2024-08-01,3300,2024-07-04,2256,6161,NA,4,5,5,3335,0,0,0,NA,0,064,VERMONT RD,WHISTLE CT,114,W,N,A,-,N,NA,NA,NA,NA,NA,NA,NA,NA,NA,N,4,0,1,2,A,-,08,22107,NA,M,G,B,E,A,H,-,C,D,0,Y,NA,NA,NA,Y,NA,A,07,0,0,1,0,1,0,0,0,0,-,-,33.49864959716797,-117.0782470703125,RIVERSIDE,TEMECULA,-117.07870483398438,33.49875259399414
8309732,2017,2017-02-22,3313,2017-01-01,1128,1825,WEST,7,5,7,3313,0,0,0,NA,0,3R42,RUTLAND AV,BRADFORD ST,45,S,N,A,B,N,NA,NA,NA,NA,NA,NA,NA,NA,NA,Y,4,0,1,1,A,-,08,22107,NA,N,E,I,A,A,H,-,C,D,0,NA,NA,NA,NA,Y,NA,A,01,0,0,1,0,0,0,0,0,0,-,-,33.96094,-117.46804,RIVERSIDE,RIVERSIDE,-117.46819838,33.96064601
83097386,2024,2024-08-01,3342,2024-07-29,803,P898,NA,1,5,4,3342,0,0,0,NA,0,003,CLINTON KEITH RD,VIA MADRID,0,NA,Y,A,-,N,NA,NA,NA,NA,NA,NA,NA,NA,NA,Y,4,0,2,2,A,-,12,21453,A,N,D,C,A,A,H,-,A,A,0,NA,NA,NA,NA,Y,NA,A,01,0,0,2,0,0,0,0,0,0,-,-,33.5961799621582,-117.18952941894533,RIVERSIDE,MURRIETA,-117.18953704833984,33.59621810913086
8310343,2017,2017-02-22,3315,2017-02-01,0518,0775,16B,3,5,6,3315,0,0,0,NA,0,003,CLEVELAND WY,UPPER DR,155,N,N,A,-,N,NA,NA,NA,NA,NA,NA,NA,NA,NA,Y,3,0,1,2,A,-,01,23152,B,M,B,E,A,A,H,-,C,D,0,NA,NA,NA,NA,Y,Y,-,NA,0,1,0,0,0,0,0,0,0,-,-,33.82849,-117.55402,RIVERSIDE,CORONA,-117.55408,33.82844
8311789,2017,2017-03-03,3300,2017-01-18,0630,3365,910C,3,5,4,3310,0,0,0,NA,0,051,S 4 WHEEL DR,WHEEL CT,165,N,N,A,-,N,NA,NA,NA,NA,NA,NA,NA,NA,NA,N,4,0,1,2,A,-,00,21954,NA,N,G,B,D,A,H,-,A,D,0,Y,NA,NA,NA,Y,NA,N,60,0,0,1,0,1,0,0,0,0,-,-,NA,NA,RIVERSIDE,NORCO,-117.563439,33.911719
8311805,2017,2017-03-06,3300,2017-01-11,1354,N5848,0-1D,3,5,4,3310,0,0,0,NA,0,NA,MOUNTAIN AV,HAMNER AV,208,W,N,A,-,N,NA,NA,NA,NA,NA,NA,NA,NA,NA,Y,4,0,1,2,A,-,07,21658,A,N,B,C,A,A,H,-,A,A,0,NA,NA,NA,NA,Y,NA,D,22,0,0,1,0,0,0,0,0,0,-,-,NA,NA,RIVERSIDE,NORCO,-117.56363706,33.89821816
8311891,2017,2017-03-14,3300,2017-01-15,0920,4900,001J,7,5,6,3345,0,0,0,NA,0,014,MISSION BL,SIKH TEMPLE WY,0,NA,Y,A,-,N,NA,NA,NA,NA,NA,NA,NA,NA,NA,N,4,0,2,2,A,-,03,22350,NA,N,C,C,A,A,H,-,A,D,0,NA,NA,NA,NA,Y,NA,A,01,0,0,2,0,0,0,0,0,0,-,-,NA,NA,RIVERSIDE,JURUPA VALLEY,-117.45595013,34.01178002
8312491,2017,2017-03-06,3313,2017-01-26,1725,1762,1,4,5,7,3313,0,0,0,NA,0,T44,JURUPA AV,MAGNOLIA AV,140,W,N,A,-,N,NA,NA,NA,NA,NA,NA,NA,NA,NA,N,4,0,1,2,A,-,03,22350,NA,N,C,C,A,A,H,-,C,A,0,NA,NA,NA,NA,Y,NA,A,01,0,0,1,0,0,0,0,0,0,-,-,33.96091,-117.39189,RIVERSIDE,RIVERSIDE,-117.39224034,33.96094
8312749,2017,2017-03-02,3313,2017-01-30,1623,1499,5,1,5,7,3313,0,0,0,NA,0,T42,FARRIER AV,EAGLE WY,260,N,N,A,-,N,NA,NA,NA,NA,NA,NA,NA,NA,NA,N,3,0,1,2,A,-,08,22107,NA,N,B,E,A,A,H,-,A,D,0,NA,NA,NA,NA,Y,NA,A,01,0,1,0,0,0,0,0,0,0,-,-,33.9547,-117.46931,RIVERSIDE,RIVERSIDE,-117.46924288,33.95518241
8313090,2017,2017-03-03,3313,2017-02-06,1240,1202,5,1,5,7,3313,0,0,0,NA,0,M30,MAGNOLIA AV,PARK SIERRA DR,39,E,N,C,-,N,NA,NA,NA,NA,NA,NA,NA,NA,NA,N,4,0,2,2,A,-,03,22350,NA,N,C,C,A,B,H,-,A,A,0,NA,NA,NA,NA,Y,NA,A,01,0,0,2,0,0,0,0,0,0,-,-,33.90054,-117.47237,RIVERSIDE,RIVERSIDE,-117.47248347,33.90573941
8313739,2017,2017-03-13,3313,2017-02-14,0941,1686,1,2,5,7,3313,0,0,0,NA,0,T58,9TH ST,MAIN ST,188,W,N,A,-,N,NA,NA,NA,NA,NA,NA,NA,NA,NA,Y,4,0,1,2,A,-,12,22450,A,N,D,C,A,A,H,-,A,A,0,NA,NA,NA,NA,Y,NA,A,01,0,0,1,0,0,0,0,0,0,-,-,NA,NA,RIVERSIDE,RIVERSIDE,-117.37570795,33.98117863
8315061,2017,2017-03-08,3309,2017-01-28,2033,326,3309,6,5,4,3309,0,0,0,NA,0,003,MONROE ST,AVE 50,19,S,N,A,-,N,NA,NA,NA,NA,NA,NA,NA,NA,NA,N,4,0,1,2,A,-,03,22350,NA,F,C,C,A,A,H,-,C,A,0,NA,NA,NA,NA,Y,Y,A,01,0,0,1,0,0,0,0,0,0,-,-,NA,NA,RIVERSIDE,INDIO,-116.23393,33.68529802
8315226,2017,2018-07-20,3311,2017-02-10,1510,15911,3311,5,5,4,3311,0,0,0,NA,0,006,EAST PALM CANYON DR,S GENE AUTRY TRL,316,W,N,B,-,N,NA,NA,NA,NA,NA,NA,NA,NA,NA,Y,4,0,1,2,A,-,01,23152,F,N,C,C,A,A,H,-,A,D,0,NA,NA,NA,NA,Y,NA,A,01,0,0,1,0,0,0,0,0,0,-,-,NA,NA,RIVERSIDE,PALM SPRINGS,-116.4962147,33.79358119
8315297,2017,2017-03-07,3300,2017-02-23,0610,4323,910C,4,5,5,3335,0,0,0,NA,0,064,BUTTERFIELD STAGE RD,CALLE CHAPOS,0,NA,Y,E,-,N,NA,NA,NA,NA,NA,NA,NA,NA,NA,Y,4,0,2,2,A,-,12,22450,A,N,D,C,A,A,H,-,B,A,0,NA,NA,NA,NA,Y,NA,A,01,0,0,2,0,0,0,0,0,0,-,-,NA,NA,RIVERSIDE,TEMECULA,-117.10105001,33.54074008
8316169,2017,2017-12-27,3300,2017-02-10,1459,N4880,87B1,5,5,2,3316,0,0,0,NA,0,1305,RT 111,PROVINCE WY,23,W,N,A,-,N,NA,NA,NA,NA,NA,NA,NA,NA,NA,N,4,0,1,2,A,-,03,22350,NA,N,-,C,A,A,H,-,A,A,0,NA,NA,NA,NA,Y,NA,-,NA,0,0,1,0,0,0,0,0,0,-,-,NA,NA,RIVERSIDE,INDIAN WELLS,-116.35199531,33.72141
8316995,2017,2018-07-20,3308,2017-01-20,0754,10597,544,5,5,5,3308,0,0,0,NA,0,SOUTH,SANDERSON AV,STETSON AV,0,NA,Y,C,-,N,NA,NA,NA,NA,NA,NA,NA,NA,NA,Y,4,0,2,2,A,-,03,22350,NA,N,C,C,A,B,H,-,A,A,0,NA,NA,NA,NA,Y,NA,A,01,0,0,2,0,0,0,0,0,0,-,-,NA,NA,RIVERSIDE,HEMET,-117.00667006,33.72937003
8317696,2017,2017-03-08,3315,2017-02-22,0852,002235,15C,3,5,6,3315,0,0,0,NA,0,003,RIMPAU AV,FOOTHILL PKWY,40,S,N,A,-,N,NA,NA,NA,NA,NA,NA,NA,NA,NA,N,4,0,1,2,A,-,03,22350,NA,N,C,C,A,A,H,-,A,A,0,NA,NA,NA,NA,Y,NA,A,08,0,0,1,0,0,0,0,0,0,-,-,NA,NA,RIVERSIDE,CORONA,-117.54989386,33.83453421
8318677,2016,2017-03-06,3325,2016-09-27,1700,2116,1010,2,5,4,3325,0,0,0,NA,0,001,EAST PALM CANYON DR,PEREZ RD,593,W,N,A,-,N,NA,NA,NA,NA,NA,NA,NA,NA,NA,Y,3,0,1,4,-,-,-,NA,NA,N,C,C,A,-,H,-,A,A,0,NA,NA,NA,NA,Y,NA,-,-,0,1,0,0,0,0,0,0,0,-,-,NA,NA,RIVERSIDE,CATHEDRAL CITY,-116.477141,33.785385
8320020,2017,2017-03-08,3300,2017-02-24,1639,5228,910J,5,5,5,3335,0,0,0,NA,0,063,YNEZ RD,TOWER PLZ S,0,NA,Y,A,-,N,NA,NA,NA,NA,NA,NA,NA,NA,NA,Y,4,0,2,2,A,-,12,21453,A,N,D,C,A,A,H,-,A,A,0,NA,NA,NA,NA,Y,NA,A,01,0,0,2,0,0,0,0,0,0,-,-,33.50422,-117.14967,RIVERSIDE,TEMECULA,-117.14955009,33.50427003
8320293,2017,2017-03-15,3300,2017-02-19,1846,5378,44D1,7,5,3,3392,0,0,0,NA,0,044,AVENUE 52,MONROE ST,13,W,N,A,-,N,NA,NA,NA,NA,NA,NA,NA,NA,NA,N,4,0,1,2,A,-,01,23152,A,N,C,C,A,A,H,-,A,A,0,NA,NA,NA,NA,Y,Y,A,01,0,0,1,0,0,0,0,0,0,-,-,NA,NA,RIVERSIDE,LA QUINTA,-116.23394075,33.67101981
8320683,2017,2017-03-10,3300,2017-02-16,1240,5390,42B3,4,5,3,3392,0,0,0,NA,0,042,EISENHOWER DR,AVENIDA MAZATLAN,0,NA,Y,A,-,N,NA,NA,NA,NA,NA,NA,NA,NA,NA,N,4,0,1,2,A,-,05,21650,1,N,D,G,A,A,H,-,A,D,0,NA,Y,NA,NA,Y,NA,L,04,0,0,1,0,0,0,1,0,0,-,-,NA,NA,RIVERSIDE,LA QUINTA,-116.30807008,33.68488003
8322682,2016,2017-03-13,3300,2016-09-02,1206,5066,84A9,5,5,3,3305,0,0,0,NA,0,Y81,TYLER ST,VISTA DEL SUR,0,NA,Y,A,-,N,NA,NA,NA,NA,NA,NA,NA,NA,NA,Y,4,0,1,1,A,-,01,23152,A,N,E,I,A,A,H,-,A,A,0,NA,NA,NA,NA,Y,Y,A,01,0,0,1,0,0,0,0,0,0,-,-,NA,NA,RIVERSIDE,COACHELLA,-116.16415004,33.71350002
8323197,2017,2017-03-16,3308,2017-01-23,0818,10636,545,1,5,5,3308,0,0,0,NA,0,SOUTH,STETSON AV,LYON AV,0,NA,Y,C,-,N,NA,NA,NA,NA,NA,NA,NA,NA,NA,Y,4,0,2,2,A,-,12,21453,A,N,D,C,A,B,H,-,A,A,0,NA,NA,NA,NA,Y,NA,D,22,0,0,2,0,0,0,0,0,0,-,-,NA,NA,RIVERSIDE,HEMET,-116.989,33.72934001
8323683,2017,2017-03-15,3300,2017-02-13,1448,N3558,916A,1,5,4,3312,0,0,0,NA,0,393,INDIAN AV,RAMONA EXPY,0,NA,Y,A,-,N,NA,NA,NA,NA,NA,NA,NA,NA,NA,N,4,0,1,3,A,-,03,22350,NA,N,C,C,A,A,H,-,A,A,0,NA,NA,NA,NA,Y,NA,A,01,0,0,1,0,0,0,0,0,0,-,-,NA,NA,RIVERSIDE,PERRIS,-117.23476004,33.84462011
8323807,2017,2017-03-20,3313,2017-02-28,1212,1026,5,2,5,7,3313,0,0,0,NA,0,T52,HOLE AV,MINIER AV,0,NA,Y,A,-,N,NA,NA,NA,NA,NA,NA,NA,NA,NA,Y,3,0,3,2,A,-,09,21801,A,N,D,C,A,A,H,-,A,A,0,NA,NA,NA,NA,Y,NA,A,01,0,2,1,0,0,0,0,0,0,-,-,33.91849,-117.48519,RIVERSIDE,RIVERSIDE,-117.48524003,33.91867007
8324128,2016,2017-03-15,3300,2016-12-22,1647,4300,920C,4,5,4,3314,0,0,0,NA,0,072,STATE ST,COTTONWOOD AV,32,N,N,C,-,N,NA,NA,NA,NA,NA,NA,NA,NA,NA,Y,2,0,4,7,A,-,01,23152,F,N,A,C,A,B,H,-,B,A,0,NA,NA,NA,NA,Y,NA,A,01,3,1,0,0,0,0,0,0,0,-,-,33.78748,-116.97184,RIVERSIDE,SAN JACINTO,-116.97196,33.78755763
8326091,2017,2017-04-22,3313,2017-02-14,1842,1222,5,2,5,7,3313,0,0,0,NA,0,M36,INDIANA AV,TYLER ST,358,W,N,A,-,N,NA,NA,NA,NA,NA,NA,NA,NA,NA,Y,4,0,1,2,A,-,03,22350,NA,N,C,C,A,A,H,-,C,A,0,NA,NA,NA,NA,Y,NA,A,01,0,0,1,0,0,0,0,0,0,-,-,33.90488,-117.45531,RIVERSIDE,RIVERSIDE,-117.45623,33.90566
8326165,2017,2017-04-06,3300,2017-01-28,1955,N4187,508A,6,5,5,3341,0,0,0,NA,0,058,MURRIETA RD,CORSON AV,82,N,N,A,-,N,NA,NA,NA,NA,NA,NA,NA,NA,NA,Y,4,0,1,2,A,-,03,22350,NA,N,C,C,A,A,H,-,C,D,0,NA,NA,NA,NA,Y,NA,A,01,0,0,1,0,0,0,0,0,0,-,-,33.667230000000004,-117.20604,RIVERSIDE,MENIFEE,-117.20609,33.66742463
8326288,2017,2017-03-22,3313,2017-02-27,1330,0399,2,1,5,7,3313,0,0,0,NA,0,M18,UNIVERSITY AV,IOWA AV,578,W,N,B,-,N,NA,NA,NA,NA,NA,NA,NA,NA,NA,N,4,0,1,2,A,-,05,21650,1,N,H,G,A,B,H,-,A,D,0,NA,Y,NA,NA,Y,NA,L,04,0,0,1,0,0,0,1,0,0,-,-,33.97582,-117.34004,RIVERSIDE,RIVERSIDE,-117.34187076,33.97573653
83280840,2024,2024-08-02,3313,2024-07-14,1905,2159,NA,7,5,7,3313,0,0,0,NA,0,3R22,CHICAGO AVE,RANSOM RD,230,N,N,A,-,N,NA,NA,NA,NA,NA,NA,NA,NA,NA,Y,3,0,1,1,A,-,03,22350,NA,N,E,J,A,A,H,-,A,D,0,NA,NA,Y,NA,Y,NA,C,02,0,1,0,0,0,0,0,0,1,-,-,33.94770812988281,-117.34824371337892,RIVERSIDE,RIVERSIDE,-117.34756469726563,33.94828796386719
8328553,2017,2017-03-28,3311,2017-03-08,1146,15226,3311,3,5,4,3311,0,0,0,NA,0,002,NORTH INDIAN CANYON DR,MONTE VISTA,48,S,N,A,-,N,NA,NA,NA,NA,NA,NA,NA,NA,NA,Y,4,0,1,3,A,-,03,22350,NA,N,C,C,A,A,H,-,A,D,0,NA,NA,NA,NA,Y,NA,D,22,0,0,1,0,0,0,0,0,0,-,-,NA,NA,RIVERSIDE,PALM SPRINGS,NA,NA
8329628,2017,2017-03-28,3300,2017-03-16,1601,4323,910G,4,5,5,3335,0,0,0,NA,0,062,MARGARITA RD,STONEWOOD RD,0,NA,Y,A,-,N,NA,NA,NA,NA,NA,NA,NA,NA,NA,N,3,0,2,3,A,-,10,21950,A,N,G,B,B,A,H,-,A,A,0,Y,NA,NA,NA,Y,NA,A,01,0,1,1,0,2,0,0,0,0,-,-,NA,NA,RIVERSIDE,TEMECULA,-117.14587007,33.51232011
8329849,2017,2017-04-06,3315,2017-03-08,1015,001874,1H,3,5,6,3315,0,0,0,NA,0,001,RAILROAD ST,LINCOLN AV,0,NA,Y,A,-,N,NA,NA,NA,NA,NA,NA,NA,NA,NA,N,4,0,1,2,A,-,08,22101,D,N,B,A,A,A,H,-,A,D,0,NA,NA,Y,Y,Y,NA,G,77,0,0,1,0,0,0,0,0,1,-,-,NA,NA,RIVERSIDE,CORONA,-117.58163012,33.88737005
8330195,2017,2017-03-30,3308,2017-02-09,1456,10559,527,4,5,5,3308,0,0,0,NA,0,SOUTH,ACACIA AV,JUANITA ST,0,NA,Y,A,-,N,NA,NA,NA,NA,NA,NA,NA,NA,NA,Y,3,0,3,2,A,-,09,21802,A,N,A,C,A,A,H,-,A,A,0,NA,NA,NA,NA,Y,NA,A,01,0,1,2,0,0,0,0,0,0,-,-,NA,NA,RIVERSIDE,HEMET,-116.96838004,33.74390005
8330501,2017,2017-04-06,3313,2017-03-20,0751,0102,1,1,5,7,3313,0,0,0,NA,0,M38,JURUPA AV,GREENFIELD AV,417,W,N,B,-,N,NA,NA,NA,NA,NA,NA,NA,NA,NA,Y,4,0,1,2,A,-,09,21804,A,N,D,C,A,A,H,-,A,D,0,NA,NA,NA,NA,Y,NA,A,07,0,0,1,0,0,0,0,0,0,-,-,33.96154,-117.4078,RIVERSIDE,RIVERSIDE,-117.40897825,33.96148478
8331128,2017,2017-04-06,3313,2017-03-16,1600,1738,3,4,5,7,3313,0,0,0,NA,0,3R42,NORMAN WY,HILLSIDE AV,180,W,N,A,-,N,NA,NA,NA,NA,NA,NA,NA,NA,NA,N,3,0,1,2,A,-,11,21954,A,N,G,B,-,A,H,-,A,D,0,Y,NA,NA,NA,Y,NA,N,60,0,1,0,0,1,0,0,0,0,-,-,NA,NA,RIVERSIDE,RIVERSIDE,-117.42803185,33.95434
8331283,2017,2017-04-12,3308,2017-02-28,1127,10620,544,2,5,5,3308,0,0,0,NA,0,SOUTH,STETSON AV,PAGE PLAZA WY,0,NA,Y,A,-,N,NA,NA,NA,NA,NA,NA,NA,NA,NA,Y,4,0,1,2,A,-,09,21801,A,N,D,C,A,A,H,-,A,A,0,NA,NA,NA,NA,Y,NA,I,09,0,0,1,0,0,0,0,0,0,-,-,NA,NA,RIVERSIDE,HEMET,-117.00869004,33.72935006
8331485,2017,2017-04-07,3308,2017-02-27,0613,10636,513,1,5,5,3308,0,0,0,NA,0,NORTH,WARREN RD,DEVONSHIRE AV,0,NA,Y,C,-,N,NA,NA,NA,NA,NA,NA,NA,NA,NA,Y,4,0,1,3,A,-,12,22450,A,N,D,C,A,B,H,-,B,A,0,NA,NA,NA,NA,Y,NA,A,07,0,0,1,0,0,0,0,0,0,-,-,NA,NA,RIVERSIDE,HEMET,-117.03615003,33.75111001
8332869,2017,2017-06-17,3308,2017-03-08,1959,10515,517,3,5,5,3308,0,0,0,NA,0,NORTH,STATE ST,DEVONSHIRE AV,0,NA,Y,A,-,N,NA,NA,NA,NA,NA,NA,NA,NA,NA,Y,4,0,1,2,A,-,12,21453,A,N,D,C,A,A,H,-,C,A,0,NA,NA,NA,NA,Y,Y,D,22,0,0,1,0,0,0,0,0,0,-,-,NA,NA,RIVERSIDE,HEMET,-116.97170012,33.75116009
8333249,2017,2017-06-27,3315,2017-03-09,1501,11119,3E,4,5,6,3315,0,0,0,NA,0,NA,MAGNOLIA AV,RT 15,32,W,N,A,-,Y,RIV,8,15,-,-,40.157,R,4,S,N,4,0,1,2,A,-,21,22106,NA,N,C,C,A,A,H,-,A,A,0,NA,NA,NA,NA,Y,NA,-,NA,0,0,1,0,0,0,0,0,0,-,-,33.86557,-117.54283,RIVERSIDE,CORONA,-117.54029334,33.86372144
8333702,2017,2017-03-28,3300,2017-03-18,2348,4895,916D,6,5,4,3312,0,0,0,NA,0,031,RAMONA EXPWY,INDIAN AV,964,W,N,A,-,N,NA,NA,NA,NA,NA,NA,NA,NA,NA,Y,4,0,1,2,A,-,07,21658,A,N,E,I,A,A,H,-,C,D,0,NA,NA,NA,NA,Y,Y,D,22,0,0,1,0,0,0,0,0,0,-,-,NA,NA,RIVERSIDE,PERRIS,-117.23792485,33.84462002
8334245,2017,2017-03-30,3300,2017-03-05,1805,3613,506C,7,5,5,3341,0,0,0,NA,0,056,HAUN RD,NEWPORT RD,521,S,N,A,-,N,NA,NA,NA,NA,NA,NA,NA,NA,NA,N,4,0,2,2,A,-,07,21658,A,N,B,C,A,A,H,-,C,A,0,NA,NA,NA,NA,Y,NA,A,01,0,0,2,0,0,0,0,0,0,-,-,33.68522,-117.17557,RIVERSIDE,MENIFEE,-117.17566,33.68367063
8334934,2017,2017-03-29,3300,2017-03-11,1720,LACKEY,84,6,5,3,3305,0,0,0,NA,0,84A3,DILLON RD,SILVER OAK LN,0,NA,Y,A,-,N,NA,NA,NA,NA,NA,NA,NA,NA,NA,Y,2,0,5,2,A,-,03,22350,NA,N,C,C,A,A,H,-,A,A,0,NA,NA,NA,NA,Y,NA,A,01,1,0,4,0,0,0,0,0,0,-,-,NA,NA,RIVERSIDE,COACHELLA,-116.16419005,33.72510009
8338478,2017,2017-04-07,3300,2017-03-20,0800,3481,920C,1,5,4,3314,0,0,0,NA,0,070,SANDERSON AV,ESPLANADE CENTER,32,S,N,A,-,N,NA,NA,NA,NA,NA,NA,NA,NA,NA,Y,4,0,1,1,A,-,08,22107,NA,N,E,I,A,A,H,-,A,A,0,NA,NA,NA,NA,Y,NA,A,01,0,0,1,0,0,0,0,0,0,-,-,NA,NA,RIVERSIDE,SAN JACINTO,-117.00669,33.77278
8338605,2017,2017-04-07,3313,2017-03-22,1416,1537,5,3,5,7,3313,0,0,0,NA,0,T40,INDIAN AV,FILLMORE ST,0,NA,Y,B,-,N,NA,NA,NA,NA,NA,NA,NA,NA,NA,N,4,0,1,2,A,-,08,22107,NA,N,A,C,A,A,H,-,A,A,0,NA,NA,NA,NA,Y,NA,A,01,0,0,1,0,0,0,0,0,0,-,-,NA,NA,RIVERSIDE,RIVERSIDE,-117.47852009,33.89303012
8340516,2017,2017-04-10,3300,2017-03-25,0956,4234,910A,6,5,5,3335,0,0,0,NA,0,062,WINCHESTER RD,FRONTAGE DR,337,W,N,A,-,N,NA,NA,NA,NA,NA,NA,NA,NA,NA,Y,4,0,1,4,A,-,03,22350,NA,N,C,C,A,A,H,-,A,A,0,NA,NA,NA,NA,Y,NA,A,01,0,0,1,0,0,0,0,0,0,-,-,NA,NA,RIVERSIDE,TEMECULA,NA,NA
8343474,2017,2017-04-19,3300,2017-02-25,1835,4776,002Q,6,5,6,3345,0,0,0,NA,0,024,PEDLEY RD,JURUPA RD,30,S,N,A,-,N,NA,NA,NA,NA,NA,NA,NA,NA,NA,Y,4,0,1,4,A,-,03,22350,NA,F,C,C,A,A,H,-,C,A,0,NA,NA,NA,NA,Y,NA,D,22,0,0,1,0,0,0,0,0,0,-,-,33.99951,-117.47541,RIVERSIDE,JURUPA VALLEY,-117.47544,33.99940779
8343485,2016,2017-04-15,3325,2016-12-06,1348,534,3325,2,5,4,3325,0,0,0,NA,0,003,VISTA CHINO RD,CARMELA DR,0,NA,Y,A,-,N,NA,NA,NA,NA,NA,NA,NA,NA,NA,Y,4,0,1,2,A,-,03,22350,NA,N,C,C,A,A,H,-,A,D,0,NA,NA,NA,NA,Y,NA,D,22,0,0,1,0,0,0,0,0,0,-,-,NA,NA,RIVERSIDE,CATHEDRAL CITY,-116.48940005,33.84485001
8344245,2017,2017-04-18,3315,2017-03-21,1108,0775,5D,2,5,6,3315,0,0,0,NA,0,004,FOOTHILL PKWY,BORDER AV,50,E,N,B,-,N,NA,NA,NA,NA,NA,NA,NA,NA,NA,Y,4,0,1,2,A,-,03,22350,NA,N,C,C,A,A,H,-,A,A,0,NA,NA,NA,NA,Y,NA,A,01,0,0,1,0,0,0,0,0,0,-,-,NA,NA,RIVERSIDE,CORONA,-117.607441,33.849044
8344322,2017,2017-04-18,3311,2017-03-27,0851,15950,NA,1,5,4,3311,0,0,0,NA,0,NA,EAST PALM CANYON DR,AUTO CENTER,0,NA,Y,A,-,N,NA,NA,NA,NA,NA,NA,NA,NA,NA,Y,3,0,2,2,A,-,12,21453,A,N,D,C,A,A,H,-,A,A,0,NA,NA,NA,NA,Y,NA,A,01,0,1,1,0,0,0,0,0,0,-,-,NA,NA,RIVERSIDE,PALM SPRINGS,-116.504785,33.795768
8346317,2017,2017-04-19,3300,2017-03-14,0540,3596,001B,2,5,6,3345,0,0,0,NA,0,010,RUBIDOUX BL,CASTELLANO RD,108,N,N,A,-,N,NA,NA,NA,NA,NA,NA,NA,NA,NA,Y,4,0,1,1,A,-,08,22107,NA,N,E,I,A,A,H,-,C,D,0,NA,NA,NA,NA,Y,NA,A,01,0,0,1,0,0,0,0,0,0,-,-,34.03233,-117.39217,RIVERSIDE,JURUPA VALLEY,-117.39262708,34.0327916
8347683,2017,2017-04-25,3313,2017-04-13,1726,1772,2,4,5,7,3313,0,0,0,NA,0,T45,SPRUCE ST,ATLANTIC AV,0,NA,Y,A,-,N,NA,NA,NA,NA,NA,NA,NA,NA,NA,Y,4,0,1,2,A,-,12,21453,A,N,D,C,A,A,H,-,A,A,0,NA,NA,NA,NA,Y,NA,A,07,0,0,1,0,0,0,0,0,0,-,-,33.99036,-117.34429,RIVERSIDE,RIVERSIDE,-117.344206,33.990253
8347723,2017,2017-04-25,3313,2017-04-03,1227,1499,1,1,5,7,3313,0,0,0,NA,0,T42,IOWA AV,BLAINE ST,490,N,N,A,-,N,NA,NA,NA,NA,NA,NA,NA,NA,NA,Y,3,0,1,1,A,-,08,22107,NA,N,E,I,A,A,H,-,A,D,0,NA,NA,NA,NA,Y,NA,A,01,0,1,0,0,0,0,0,0,0,-,-,33.98304,-117.34004,RIVERSIDE,RIVERSIDE,-117.33989,33.98434242
8350650,2017,2018-03-20,3300,2017-04-05,1616,N5876,30E1,3,5,4,3318,0,0,0,NA,0,T303,RT 111,SAN PABLO,3,W,N,A,-,N,NA,NA,NA,NA,NA,NA,NA,NA,NA,N,3,0,1,2,A,-,12,21453,A,N,D,C,A,A,H,-,A,A,0,NA,NA,Y,NA,Y,NA,C,03,0,1,0,0,0,0,0,0,1,-,-,NA,NA,RIVERSIDE,PALM DESERT,-116.38251982,33.72143
8350675,2017,2017-04-26,3309,2017-02-16,2130,134,3306,4,5,4,3309,0,0,0,NA,0,NA,PALM DR,DILLON RD,470,S,N,A,-,N,NA,NA,NA,NA,NA,NA,NA,NA,NA,Y,4,0,1,1,A,-,01,23152,E,N,E,I,A,A,H,-,D,D,0,NA,NA,NA,NA,Y,NA,A,01,0,0,1,0,0,0,0,0,0,-,-,NA,NA,RIVERSIDE,INDIO,-116.50173,33.92368371
8350711,2017,2017-05-01,3300,2017-03-24,0135,2681,3803,5,5,4,3318,0,0,0,NA,0,T38,PORTOLA AV,DESERT WILLOW CT,315,N,N,A,-,N,NA,NA,NA,NA,NA,NA,NA,NA,NA,Y,4,0,1,1,A,-,08,22107,NA,N,F,I,A,A,H,-,C,D,0,NA,NA,NA,NA,Y,NA,A,01,0,0,1,0,0,0,0,0,0,-,-,NA,NA,RIVERSIDE,PALM DESERT,-116.37310449,33.7674574
8351236,2017,2017-05-05,3300,2017-04-03,0655,N2646,604C9,1,5,6,3394,0,0,0,NA,0,044,IRIS AV,OLIVER ST,0,NA,Y,A,-,N,NA,NA,NA,NA,NA,NA,NA,NA,NA,N,4,0,2,2,A,-,12,21453,A,N,D,C,A,A,H,-,A,A,0,NA,NA,NA,NA,Y,NA,-,-,0,0,2,0,0,0,0,0,0,-,-,33.89524,-117.18291,RIVERSIDE,MORENO VALLEY,-117.18293,33.89526007
8351405,2017,2017-05-04,3300,2017-03-03,0535,N3672,916A,5,5,4,3312,0,0,0,NA,0,031,RAMONA EXPWY,PATTERSON AV,350,W,N,A,-,N,NA,NA,NA,NA,NA,NA,NA,NA,NA,N,4,0,1,2,A,-,03,22350,NA,N,C,C,A,A,H,-,D,A,0,NA,NA,NA,NA,Y,NA,D,22,0,0,1,0,0,0,0,0,0,-,-,33.84464,-117.24816,RIVERSIDE,PERRIS,-117.24929525,33.84428182