CASE_ID,ACCIDENT_YEAR,PROC_DATE,JURIS,COLLISION_DATE,COLLISION_TIME,OFFICER_ID,REPORTING_DISTRICT,DAY_OF_WEEK,CHP_SHIFT,POPULATION,CNTY_CITY_LOC,SPECIAL_COND,BEAT_TYPE,CHP_BEAT_TYPE,CITY_DIVISION_LAPD,CHP_BEAT_CLASS,BEAT_NUMBER,PRIMARY_RD,SECONDARY_RD,DISTANCE,DIRECTION,INTERSECTION,WEATHER_1,WEATHER_2,STATE_HWY_IND,CALTRANS_COUNTY,CALTRANS_DISTRICT,STATE_ROUTE,ROUTE_SUFFIX,POSTMILE_PREFIX,POSTMILE,LOCATION_TYPE,RAMP_INTERSECTION,SIDE_OF_HWY,TOW_AWAY,COLLISION_SEVERITY,NUMBER_KILLED,NUMBER_INJURED,PARTY_COUNT,PRIMARY_COLL_FACTOR,PCF_CODE_OF_VIOL,PCF_VIOL_CATEGORY,PCF_VIOLATION,PCF_VIOL_SUBSECTION,HIT_AND_RUN,TYPE_OF_COLLISION,MVIW,PED_ACTION,ROAD_SURFACE,ROAD_COND_1,ROAD_COND_2,LIGHTING,CONTROL_DEVICE,CHP_ROAD_TYPE,PEDESTRIAN_ACCIDENT,BICYCLE_ACCIDENT,MOTORCYCLE_ACCIDENT,TRUCK_ACCIDENT,NOT_PRIVATE_PROPERTY,ALCOHOL_INVOLVED,STWD_VEHTYPE_AT_FAULT,CHP_VEHTYPE_AT_FAULT,COUNT_SEVERE_INJ,COUNT_VISIBLE_INJ,COUNT_COMPLAINT_PAIN,COUNT_PED_KILLED,COUNT_PED_INJURED,COUNT_BICYCLIST_KILLED,COUNT_BICYCLIST_INJURED,COUNT_MC_KILLED,COUNT_MC_INJURED,PRIMARY_RAMP,SECONDARY_RAMP,LATITUDE,LONGITUDE,COUNTY,CITY,POINT_X,POINT_Y
8425729,2017,2017-08-17,3300,2017-06-11,1401,N4883,001K,7,5,6,3345,0,0,0,NA,0,016,34TH ST,DALY AV,14,E,N,A,-,N,NA,NA,NA,NA,NA,NA,NA,NA,NA,Y,4,0,2,2,A,-,21,22106,NA,N,D,C,A,A,H,-,A,A,0,NA,NA,NA,NA,Y,NA,A,07,0,0,2,0,0,0,0,0,0,-,-,33.99682,-117.39649,RIVERSIDE,JURUPA VALLEY,-117.39623993,33.99693109
8430265,2017,2018-05-09,3300,2017-07-20,1410,N5876,22F2,4,5,3,3317,0,0,0,NA,0,T303,RT 111,PETERSON RD,0,NA,Y,A,-,N,NA,NA,NA,NA,NA,NA,NA,NA,NA,Y,4,0,2,2,A,-,08,22107,NA,N,A,C,A,A,H,-,A,A,0,NA,NA,NA,NA,Y,NA,A,01,0,0,2,0,0,0,0,0,0,-,-,NA,NA,RIVERSIDE,RANCHO MIRAGE,-116.43895007,33.75981001
8432035,2017,2017-08-22,3300,2017-08-14,0800,N2646,604A2,1,5,6,3394,0,0,0,NA,0,042,QUARTZ RD,JADE WY,219,W,N,A,-,N,NA,NA,NA,NA,NA,NA,NA,NA,NA,N,3,0,1,2,A,-,21,22106,NA,N,C,C,A,A,H,-,A,D,0,NA,NA,NA,NA,Y,NA,A,08,0,1,0,0,0,0,0,0,0,-,-,33.92407,-117.19774,RIVERSIDE,MORENO VALLEY,-117.19856962,33.924080000000004
8432079,2017,2017-08-22,3309,2017-08-12,1410,101,DESER,6,5,4,3309,0,0,0,NA,0,001,MONROE ST,INDIO BL,4,S,N,A,-,N,NA,NA,NA,NA,NA,NA,NA,NA,NA,Y,4,0,1,2,A,-,-,NA,NA,N,B,C,A,A,H,-,A,A,0,NA,NA,NA,NA,Y,NA,A,01,0,0,1,0,0,0,0,0,0,-,-,NA,NA,RIVERSIDE,INDIO,-116.23345128,33.72943911
8432166,2017,2017-09-29,3300,2017-06-14,1030,N3690,901C,3,5,4,3310,0,0,0,NA,0,051,HAMNER AV,THIRD ST,0,NA,Y,A,-,N,NA,NA,NA,NA,NA,NA,NA,NA,NA,N,4,0,2,2,A,-,12,21453,A,N,D,C,A,A,H,-,A,A,0,NA,NA,NA,NA,Y,NA,A,01,0,0,2,0,0,0,0,0,0,-,-,NA,NA,RIVERSIDE,NORCO,-117.56004013,33.91660002
84353222,2024,2024-08-14,3300,2024-08-01,1526,6412,NA,4,5,6,3394,0,0,0,NA,0,MV36,BRODIAEA AVE,FINLEY DR,0,N,Y,A,-,N,NA,NA,NA,NA,NA,NA,NA,NA,NA,Y,3,0,1,2,A,-,09,21802,A,N,D,C,A,A,H,-,A,A,0,NA,NA,NA,NA,Y,NA,A,01,0,1,0,0,0,0,0,0,0,-,-,33.91361999511719,-117.2375030517578,RIVERSIDE,MORENO VALLEY,-117.23764038085938,33.91362762451172
84354729,2024,2024-08-15,3300,2024-07-30,2001,5959,NA,2,5,6,3394,0,0,0,NA,0,MV26,EUCALYPTUS AVE,HEACOCK ST,0,NA,Y,A,-,N,NA,NA,NA,NA,NA,NA,NA,NA,NA,Y,3,0,1,2,A,-,12,21453,A,N,D,C,A,A,H,-,C,A,0,NA,NA,NA,NA,Y,Y,A,01,0,1,0,0,0,0,0,0,0,-,-,33.93177032470703,-117.2436065673828,RIVERSIDE,MORENO VALLEY,-117.24379730224608,33.9317741394043
8435645,2017,2017-08-28,3313,2017-07-28,2037,1432,4,5,5,7,3313,0,0,0,NA,0,3R48,VAN BUREN BL,COLORADO AV,0,NA,Y,A,-,N,NA,NA,NA,NA,NA,NA,NA,NA,NA,Y,4,0,2,4,A,-,01,23152,A,F,C,C,A,A,H,-,C,A,0,NA,NA,NA,NA,Y,Y,D,22,0,0,2,0,0,0,0,0,0,-,-,33.93441,-117.45396,RIVERSIDE,RIVERSIDE,-117.45395013,33.93437008
8435881,2017,2017-08-29,3300,2017-08-08,0959,4490,910M,2,5,5,3335,0,0,0,NA,0,069,TEMECULA PKWY,MARGARITA RD,100,W,N,A,-,N,NA,NA,NA,NA,NA,NA,NA,NA,NA,N,4,0,2,2,A,-,04,21703,NA,N,C,C,A,A,H,-,A,A,0,NA,NA,NA,NA,Y,NA,A,01,0,0,2,0,0,0,0,0,0,-,-,NA,NA,RIVERSIDE,TEMECULA,-117.10188746,33.48030584
84361008,2024,2024-08-20,3300,2024-08-11,1540,4695,NA,7,5,6,3394,0,0,0,NA,0,MV42,JOHN F KENNEDY DR,STEPHENSON ST,119,W,N,A,-,N,NA,NA,NA,NA,NA,NA,NA,NA,NA,Y,4,0,1,1,A,-,03,22350,NA,N,E,I,A,A,H,-,A,A,0,NA,NA,NA,NA,Y,NA,A,01,0,0,1,0,0,0,0,0,0,-,-,33.90222930908203,-117.17156219482422,RIVERSIDE,MORENO VALLEY,-117.17195892333984,33.90278625488281
84363127,2024,2024-08-21,3313,2024-07-24,17,2170,NA,3,5,7,3313,0,0,0,NA,0,1R41,DONALD AVE,MAGNOLIA AVE,120,S,N,A,-,N,NA,NA,NA,NA,NA,NA,NA,NA,NA,Y,2,0,1,2,A,-,08,22107,NA,N,B,E,A,A,H,-,C,D,0,NA,NA,NA,NA,Y,NA,A,01,1,0,0,0,0,0,0,0,0,-,-,33.92279815673828,-117.44149780273438,RIVERSIDE,RIVERSIDE,-117.44086456298828,33.923248291015625
84363146,2024,2024-08-21,3315,2024-08-18,1528,004425,NA,7,5,6,3315,0,0,0,NA,0,003,MAGNOLIA AV,15 SB OFF RAMP,0,NA,Y,A,-,N,NA,NA,NA,NA,NA,NA,NA,NA,NA,N,4,0,1,2,A,-,12,21453,A,N,D,C,A,A,H,-,A,A,0,NA,NA,NA,NA,Y,NA,A,01,0,0,1,0,0,0,0,0,0,-,-,NA,NA,RIVERSIDE,CORONA,-117.54234313964844,33.86566925048828
84366918,2024,2024-08-23,3311,2024-04-04,1342,15918,NA,4,5,4,3311,0,0,0,NA,0,006,SR 111 (GENE AUTRY TRAIL),MESQUITE AVENUE,60,N,N,A,-,Y,RIV,NA,111,NA,T,48.872,H,NA,R,Y,4,0,2,4,A,-,07,21658,A,N,D,C,A,A,H,-,A,A,0,NA,NA,NA,Y,Y,NA,F,27,0,0,2,0,0,0,0,0,0,-,-,33.808631896972656,-116.49285125732422,RIVERSIDE,PALM SPRINGS,-116.49286651611328,33.808631896972656
84366934,2024,2024-08-23,3311,2024-04-08,932,15918,NA,1,5,4,3311,0,0,0,NA,0,004,TAHQUITZ CANYON WAY,FARRELL DRIVE,0,NA,Y,A,-,N,NA,NA,NA,NA,NA,NA,NA,NA,NA,Y,4,0,1,2,A,-,08,22100,B,N,D,C,A,A,D,-,A,A,0,NA,NA,NA,NA,Y,NA,A,08,0,0,1,0,0,0,0,0,0,-,-,33.82320022583008,-116.51815032958984,RIVERSIDE,PALM SPRINGS,-116.5180435180664,33.823089599609375
84366982,2024,2024-08-23,3311,2024-05-10,1830,16555,NA,5,5,4,3311,0,0,0,NA,0,004,VISTA CHINO,CLUBHOUSE VIEW,0,NA,Y,A,-,N,NA,NA,NA,NA,NA,NA,NA,NA,NA,Y,3,0,1,1,A,-,03,22350,NA,N,E,I,A,A,H,-,B,A,0,NA,NA,NA,Y,Y,NA,F,26,0,1,0,0,0,0,0,0,0,-,-,33.844871520996094,-116.5022201538086,RIVERSIDE,PALM SPRINGS,-116.50205993652344,33.84492111206055
84366991,2024,2024-08-23,3311,2024-05-20,1626,15953,NA,1,5,4,3311,0,0,0,NA,0,003,TAHQUITZ CANYON WAY,AVENIDA CABALLEROS,20,E,N,A,-,N,NA,NA,NA,NA,NA,NA,NA,NA,NA,Y,3,0,1,1,A,-,07,21658,A,N,E,J,A,A,H,-,A,A,0,NA,NA,NA,NA,Y,NA,A,01,0,1,0,0,0,0,0,0,0,-,-,33.823150634765625,-116.5370635986328,RIVERSIDE,PALM SPRINGS,-116.53689575195313,33.82307815551758
84367048,2024,2024-08-23,3311,2024-07-03,1035,16128,NA,3,5,4,3311,0,0,0,NA,0,001,INDIAN CANYON DRIVE N,SUNRISE PARKWAY,171,S,N,A,-,N,NA,NA,NA,NA,NA,NA,NA,NA,NA,Y,3,0,1,1,A,-,08,22107,NA,N,E,I,A,A,H,-,A,A,0,NA,NA,NA,NA,Y,NA,A,01,0,1,0,0,0,0,0,0,0,-,-,NA,NA,RIVERSIDE,PALM SPRINGS,-116.54551696777344,33.86958312988281
84367049,2024,2024-08-23,3311,2024-07-03,1317,16168,NA,3,5,4,3311,0,0,0,NA,0,002,SR 111 (VISTA CHINO),AVENIDA CABALLEROS,0,NA,Y,A,-,Y,RIV,NA,111,NA,T,53.38,H,NA,R,Y,4,0,1,2,A,-,09,21801,A,N,D,C,A,A,H,-,A,A,0,NA,NA,NA,NA,Y,NA,A,01,0,0,1,0,0,0,0,0,0,-,-,33.844818115234375,-116.53694915771484,RIVERSIDE,PALM SPRINGS,-116.53694915771484,33.844879150390625
84368543,2024,2024-08-26,3308,2024-07-31,532,10997,NA,3,5,5,3308,0,0,0,NA,0,NORTH,SANDERSON AVE,MENLO AVE,0,NA,Y,A,-,N,NA,NA,NA,NA,NA,NA,NA,NA,NA,Y,1,1,4,2,A,-,12,21453,A,N,D,C,A,A,H,-,B,A,0,NA,NA,NA,NA,Y,NA,A,01,3,1,0,0,0,0,0,0,0,-,-,33.7584114074707,-117.00657653808594,RIVERSIDE,HEMET,-117.00659942626952,33.758216857910156
84368846,2024,2024-08-26,3313,2024-08-14,1715,1830,NA,3,5,7,3313,0,0,0,NA,0,T41,ARLINGTON AVE,MADISON ST,25,W,N,A,-,N,NA,NA,NA,NA,NA,NA,NA,NA,NA,N,4,0,1,2,A,-,03,22350,NA,N,C,C,A,A,H,-,A,A,0,NA,NA,NA,NA,Y,NA,A,07,0,0,1,0,0,0,0,0,0,-,-,33.946380615234375,-117.41322326660156,RIVERSIDE,RIVERSIDE,-117.41320037841795,33.946109771728516
84370361,2024,2024-08-27,3300,2024-08-23,709,4449,NA,5,5,6,3345,0,0,0,NA,0,016,ABEL STEARNS AV,SANDOVAL AV,236,E,N,A,-,N,NA,NA,NA,NA,NA,NA,NA,NA,NA,N,4,0,1,2,A,-,11,21954,A,N,G,B,E,A,H,-,A,D,0,Y,NA,NA,NA,Y,NA,N,60,0,0,1,0,1,0,0,0,0,-,-,33.97605895996094,-117.43594360351563,RIVERSIDE,JURUPA VALLEY,-117.43570709228516,33.977691650390625
8437156,2017,2017-09-22,3315,2017-08-24,2228,001338,NA,4,5,6,3315,0,0,0,NA,0,001,MAIN ST,6TH ST,0,NA,Y,A,-,N,NA,NA,NA,NA,NA,NA,NA,NA,NA,Y,4,0,2,3,A,-,12,21453,A,N,A,C,A,A,H,-,C,A,0,NA,NA,NA,NA,Y,NA,D,22,0,0,2,0,0,0,0,0,0,-,-,NA,NA,RIVERSIDE,CORONA,-117.56762001,33.87552003
84372519,2024,2024-08-28,3300,2024-06-02,2109,5680,NA,7,5,6,3394,0,0,0,NA,0,MV24,SUNNYMEAD BLVD,GRAHAM ST,354,W,N,A,-,N,NA,NA,NA,NA,NA,NA,NA,NA,NA,Y,2,0,1,2,A,-,11,21954,A,N,G,B,E,A,H,-,C,D,0,Y,NA,NA,NA,Y,NA,N,60,1,0,0,0,1,0,0,0,0,-,-,33.93899154663086,-117.25269317626952,RIVERSIDE,MORENO VALLEY,-117.25387573242188,33.93891906738281
84372520,2024,2024-08-28,3300,2024-07-22,2142,5486,NA,1,5,6,3394,0,0,0,NA,0,MV36,IRIS AVE,WEDOW DR,123,E,N,A,-,N,NA,NA,NA,NA,NA,NA,NA,NA,NA,Y,4,0,2,2,A,-,01,23152,A,N,C,C,A,A,D,-,C,A,0,NA,NA,NA,NA,Y,Y,A,01,0,0,2,0,0,0,0,0,0,-,-,33.888431549072266,-117.22283935546876,RIVERSIDE,MORENO VALLEY,-117.2219696044922,33.888389587402344
84372525,2024,2024-08-28,3300,2024-08-15,1532,6107,NA,4,5,6,3394,0,0,0,NA,0,NA,PERRIS BLVD,DRACAEA AVE,464,S,N,A,-,N,NA,NA,NA,NA,NA,NA,NA,NA,NA,N,3,0,1,3,A,-,08,22107,NA,N,D,C,A,A,H,-,A,A,0,NA,NA,NA,NA,Y,NA,A,01,0,1,0,0,0,0,0,0,0,-,-,33.92802810668945,-117.22615051269533,RIVERSIDE,MORENO VALLEY,-117.22628021240234,33.92688751220703
84376250,2024,2024-08-30,3300,2024-06-04,1906,N4809,NA,2,5,4,3314,0,0,0,NA,0,074,HEMET ST,MOUNTAIN AVE,13,E,N,A,-,N,NA,NA,NA,NA,NA,NA,NA,NA,NA,N,4,0,1,2,B,-,22,NA,NA,F,G,B,B,A,H,-,C,A,0,Y,NA,NA,NA,Y,NA,-,-,0,0,1,0,1,0,0,0,0,-,-,33.76557159423828,-116.9235382080078,RIVERSIDE,SAN JACINTO,-116.92344665527344,33.7656364440918
84378133,2024,2024-09-02,3313,2024-08-16,1802,2176,NA,5,5,7,3313,0,0,0,NA,0,3R14,MAGNOLIA AVE,ELIZABETH ST,102,S,N,A,-,N,NA,NA,NA,NA,NA,NA,NA,NA,NA,N,3,0,1,2,A,-,08,22107,NA,N,E,J,A,A,H,-,A,D,0,NA,NA,Y,NA,Y,NA,A,01,0,1,0,0,0,0,0,0,1,-,-,33.959468841552734,-117.39282989501952,RIVERSIDE,RIVERSIDE,-117.39283752441406,33.959251403808594
84378573,2024,2024-09-03,3300,2024-08-27,1511,N8334,NA,2,5,6,3394,0,0,0,NA,0,MV34,PERRIS BLVD,FILAREE AVE,160,N,N,A,-,N,NA,NA,NA,NA,NA,NA,NA,NA,NA,Y,3,0,2,3,A,-,03,22350,NA,N,C,C,A,A,H,-,A,A,0,NA,NA,NA,NA,Y,NA,A,01,0,1,1,0,0,0,0,0,0,-,-,33.89870834350586,-117.22615814208984,RIVERSIDE,MORENO VALLEY,-117.22633361816406,33.89917755126953
8437993,2017,2017-08-25,3300,2017-07-19,2147,N3864,602C4,3,5,6,3394,0,0,0,NA,0,024,BAY AV,GRAHAM ST,0,NA,Y,A,-,N,NA,NA,NA,NA,NA,NA,NA,NA,NA,Y,4,0,2,2,A,-,12,21453,A,N,D,C,A,A,H,-,C,A,0,NA,NA,NA,NA,Y,NA,A,01,0,0,2,0,0,0,0,0,0,-,-,33.92085,-117.25241,RIVERSIDE,MORENO VALLEY,-117.25243006,33.92087003
84380305,2024,2024-09-04,3300,2024-08-15,1235,6332,NA,4,5,4,3312,0,0,0,NA,0,031,RAMONA EXPRESSWAY,REDLANDS AV,0,NA,Y,A,-,N,NA,NA,NA,NA,NA,NA,NA,NA,NA,N,4,0,1,2,A,-,12,21453,A,N,A,C,A,A,H,-,A,A,0,NA,NA,NA,NA,Y,NA,A,01,0,0,1,0,0,0,0,0,0,-,-,33.84442901611328,-117.216796875,RIVERSIDE,PERRIS,-117.21690368652344,33.84450149536133
84380379,2024,2024-09-04,3300,2024-08-30,1423,N7633,NA,5,5,4,3318,0,0,0,NA,0,T38,COUNTRY CLUB DR,MONTEREY AVE,0,NA,Y,A,-,N,NA,NA,NA,NA,NA,NA,NA,NA,NA,N,4,0,1,2,A,-,03,22350,NA,N,C,C,A,A,H,-,A,A,0,NA,NA,NA,NA,Y,NA,A,01,0,0,1,0,0,0,0,0,0,-,-,33.757808685302734,-116.39124298095705,RIVERSIDE,PALM DESERT,-116.39127349853516,33.75780487060547
84380554,2024,2024-09-04,3342,2024-08-31,703,P1288,NA,6,5,4,3342,0,0,0,NA,0,002,CLINTON KEITH RD,RT 215 SB ONRAMP (1),41,W,N,A,-,N,NA,NA,NA,NA,NA,NA,NA,NA,NA,N,4,0,1,2,A,-,03,22350,NA,N,C,C,A,A,H,-,A,A,0,NA,NA,NA,NA,Y,NA,A,01,0,0,1,0,0,0,0,0,0,-,-,33.597591400146484,-117.17343902587892,RIVERSIDE,MURRIETA,-117.17476654052734,33.59855651855469
84381810,2024,2024-09-05,3300,2024-08-21,340,3319,NA,3,5,4,3344,0,0,0,NA,0,061,HAMNER AV,CITRUS ST,100,S,N,A,-,N,NA,NA,NA,NA,NA,NA,NA,NA,NA,N,3,0,1,1,A,-,08,22107,NA,N,E,I,A,A,H,-,D,D,0,NA,NA,NA,NA,Y,NA,A,01,0,1,0,0,0,0,0,0,0,-,-,33.951358795166016,-117.55818176269533,RIVERSIDE,EASTVALE,-117.5583267211914,33.95154571533203
8438237,2017,2017-08-29,3300,2017-04-20,2026,3732,901,4,5,4,3310,0,0,0,NA,0,051,HAMNER AV,ACRE ST,217,S,N,A,-,N,NA,NA,NA,NA,NA,NA,NA,NA,NA,N,4,0,1,2,A,-,11,21954,A,N,G,B,D,A,H,-,C,D,0,Y,NA,NA,NA,Y,NA,N,60,0,0,1,0,1,0,0,0,0,-,-,NA,NA,RIVERSIDE,NORCO,-117.56224326,33.9023294
84383218,2024,2024-09-06,3300,2024-08-23,511,6281,NA,5,5,4,3312,0,0,0,NA,0,031,RAMONA EXPRESSWAY,AVALON PY,0,NA,Y,A,-,N,NA,NA,NA,NA,NA,NA,NA,NA,NA,Y,3,0,1,2,A,-,12,21453,A,N,D,C,A,A,H,-,C,A,0,NA,NA,NA,NA,Y,NA,A,01,0,1,0,0,0,0,0,0,0,-,-,33.8443489074707,-117.19989776611328,RIVERSIDE,PERRIS,-117.20001220703124,33.84457015991211
84383272,2024,2024-09-06,3300,2024-08-29,1035,5665,NA,4,5,6,3394,0,0,0,NA,0,MV26,SUNNYMEAD BLVD,PERRIS BLVD,0,NA,Y,A,-,N,NA,NA,NA,NA,NA,NA,NA,NA,NA,Y,3,0,2,4,A,-,12,21453,A,N,D,C,A,A,H,-,A,A,0,NA,NA,NA,NA,Y,NA,A,07,0,1,1,0,0,0,0,0,0,-,-,33.939090728759766,-117.22646331787108,RIVERSIDE,MORENO VALLEY,-117.22637939453124,33.939117431640625
84383503,2024,2024-09-06,3313,2024-08-19,2032,2227,NA,1,5,7,3313,0,0,0,NA,0,3R58,5170 LA SIERRA AVE,NORWOOD AVE,162,N,N,A,-,N,NA,NA,NA,NA,NA,NA,NA,NA,NA,N,3,0,1,2,A,-,05,21650,1,N,A,G,A,A,H,-,C,D,0,NA,Y,NA,NA,Y,NA,L,04,0,1,0,0,0,0,1,0,0,-,-,NA,NA,RIVERSIDE,RIVERSIDE,-117.49153900146484,33.923648834228516
8438469,2017,2017-08-30,3315,2017-08-10,1351,003166,6B,4,5,6,3315,0,0,0,NA,0,001,GRAND BL,3RD ST,0,NA,Y,A,-,N,NA,NA,NA,NA,NA,NA,NA,NA,NA,N,4,0,2,2,A,-,12,21453,A,N,D,C,A,A,H,-,A,A,0,NA,NA,NA,NA,Y,NA,A,01,0,0,2,0,0,0,0,0,0,-,-,NA,NA,RIVERSIDE,CORONA,-117.57254008,33.87920011
84387487,2024,2024-09-10,3300,2024-09-03,1800,N7633,NA,2,5,4,3318,0,0,0,NA,0,T30,PORTOLA AVE,HWY 111,55,S,N,A,-,N,NA,NA,NA,NA,NA,NA,NA,NA,NA,Y,4,0,1,2,A,-,21,22106,NA,N,H,C,A,A,H,-,A,A,0,NA,NA,NA,NA,Y,NA,D,22,0,0,1,0,0,0,0,0,0,-,-,33.721248626708984,-116.37393188476563,RIVERSIDE,PALM DESERT,-116.37374877929688,33.72119140625
84389367,2024,2024-09-11,3300,2024-08-26,1234,N7114,NA,1,5,6,3345,0,0,0,NA,0,026,LIMONITE AV,RIDGEVIEW AV,39,W,N,A,-,N,NA,NA,NA,NA,NA,NA,NA,NA,NA,Y,3,0,3,2,A,-,08,22107,NA,N,B,C,A,A,H,-,A,D,0,NA,NA,NA,NA,Y,NA,A,01,0,3,0,0,0,0,0,0,0,-,-,33.97555160522461,-117.51902770996094,RIVERSIDE,JURUPA VALLEY,-117.51903533935548,33.97547912597656
84392643,2024,2024-09-13,3342,2024-09-08,1620,P898,NA,7,5,4,3342,0,0,0,NA,0,005,LOS ALAMOS RD,RT 215 SB ONRAMP,0,NA,Y,B,-,N,NA,NA,NA,NA,NA,NA,NA,NA,NA,Y,3,0,2,2,A,-,12,21453,A,N,D,C,A,A,H,-,A,A,0,NA,NA,NA,NA,Y,NA,A,07,0,1,1,0,0,0,0,0,0,-,-,33.5726203918457,-117.1816864013672,RIVERSIDE,MURRIETA,NA,NA
84392685,2024,2024-09-13,3313,2024-08-28,1609,1799,NA,3,5,7,3313,0,0,0,NA,0,3R40,CALIFORNIA AVE,HARRISON ST,0,NA,Y,A,-,N,NA,NA,NA,NA,NA,NA,NA,NA,NA,Y,2,0,1,2,A,-,12,21453,A,N,D,G,A,A,H,-,A,A,0,NA,Y,NA,NA,Y,NA,L,04,1,0,0,0,0,0,1,0,0,-,-,33.92583084106445,-117.4538116455078,RIVERSIDE,RIVERSIDE,-117.45374298095705,33.925743103027344
84394050,2024,2024-09-16,3300,2024-09-11,1000,5515,NA,3,5,3,3317,0,0,0,NA,0,S22,BOB HOPE DR,FRANK SINATRA DR,49,S,N,A,-,N,NA,NA,NA,NA,NA,NA,NA,NA,NA,N,4,0,1,2,D,-,00,NA,NA,M,C,C,A,A,H,-,A,A,0,NA,NA,NA,NA,Y,NA,-,-,0,0,1,0,0,0,0,0,0,-,-,NA,NA,RIVERSIDE,RANCHO MIRAGE,-116.40785980224608,33.77229309082031
84394382,2024,2024-09-16,3308,2024-08-23,1234,10874,NA,5,5,5,3308,0,0,0,NA,0,NA,STETSON AVE,GILBERT ST,279,E,N,A,-,N,NA,NA,NA,NA,NA,NA,NA,NA,NA,Y,4,0,1,1,C,-,18,NA,NA,N,E,I,A,A,H,-,A,A,0,NA,NA,NA,NA,Y,NA,-,-,0,0,1,0,0,0,0,0,0,-,-,33.72734832763672,-116.97264099121094,RIVERSIDE,HEMET,-116.97496795654295,33.72938919067383
84399896,2024,2024-09-19,3342,2024-09-16,1519,P1503,NA,1,5,4,3342,0,0,0,NA,0,003,WHITEWOOD RD,SOUTHERN ENTRANCE TO VISTA MURRIETA HIGH SCHOOL,0,NA,Y,A,-,N,NA,NA,NA,NA,NA,NA,NA,NA,NA,Y,4,0,4,3,A,-,07,21658,A,N,B,C,A,A,H,-,A,D,0,NA,NA,NA,NA,Y,NA,A,01,0,0,4,0,0,0,0,0,0,-,-,NA,NA,RIVERSIDE,MURRIETA,NA,NA
8440191,2017,2017-09-06,3313,2017-08-21,1217,1389,NA,1,5,7,3313,0,0,0,NA,0,T52,CHALLEN AV,NOBLE ST,0,NA,Y,A,-,N,NA,NA,NA,NA,NA,NA,NA,NA,NA,N,3,0,4,2,A,-,09,21802,A,N,D,C,A,A,H,-,A,A,0,NA,NA,NA,NA,Y,NA,A,01,0,2,2,0,0,0,0,0,0,-,-,33.93128,-117.46142999999999,RIVERSIDE,RIVERSIDE,-117.46146011,33.93111005
84405278,2024,2024-09-24,3300,2024-09-18,2346,5779,NA,3,5,6,3394,0,0,0,NA,0,MV26,ALESSANDRO BLVD,PERRIS BLVD,50,W,N,A,-,N,NA,NA,NA,NA,NA,NA,NA,NA,NA,Y,4,0,1,2,A,-,03,22350,NA,N,C,C,A,A,H,-,C,A,0,NA,NA,Y,NA,Y,NA,C,06,0,0,1,0,0,0,0,0,1,-,-,33.94718933105469,-117.22640228271484,RIVERSIDE,MORENO VALLEY,-117.22650146484376,33.91722869873047
84405413,2024,2024-09-24,3313,2024-09-06,805,1686,NA,5,5,7,3313,0,0,0,NA,0,T58,MAIN ST,RUSSELL ST,0,NA,Y,B,-,N,NA,NA,NA,NA,NA,NA,NA,NA,NA,Y,4,0,3,2,A,-,09,21801,A,N,D,C,A,A,H,-,A,D,0,NA,NA,NA,NA,Y,NA,A,01,0,0,3,0,0,0,0,0,0,-,-,33.99502944946289,-117.3656005859375,RIVERSIDE,RIVERSIDE,-117.36566925048828,33.995086669921875
84407150,2024,2024-09-25,3313,2024-09-12,1214,1686,NA,4,5,7,3313,0,0,0,NA,0,T58,MISSION INN AVE,CHESTNUT ST,0,NA,Y,A,-,N,NA,NA,NA,NA,NA,NA,NA,NA,NA,Y,4,0,1,2,A,-,09,21801,A,N,D,C,A,A,H,-,A,D,0,NA,NA,NA,NA,Y,NA,A,08,0,0,1,0,0,0,0,0,0,-,-,33.984619140625,-117.37744903564452,RIVERSIDE,RIVERSIDE,-117.37737274169922,33.98460388183594
84408465,2024,2024-09-26,3300,2024-08-30,1713,5836,NA,5,5,4,3344,0,0,0,NA,0,065,MISSISSIPPI DR,MACKINAW CT,0,NA,Y,A,-,N,NA,NA,NA,NA,NA,NA,NA,NA,NA,N,3,0,1,2,A,-,09,21801,A,N,A,C,A,A,H,-,A,D,0,NA,NA,NA,NA,Y,NA,A,08,0,1,0,0,0,0,0,0,0,-,-,33.957679748535156,-117.55725860595705,RIVERSIDE,EASTVALE,-117.55753326416016,33.958106994628906
84408630,2024,2024-09-26,3342,2024-09-17,639,P1499,NA,2,5,4,3342,0,0,0,NA,0,003,WINCHESTER RD,BENTON ROAD,50,N,N,A,-,N,NA,NA,NA,NA,NA,NA,NA,NA,NA,N,4,0,2,2,A,-,03,22350,NA,N,C,C,A,A,H,-,A,A,0,NA,NA,NA,NA,Y,NA,A,01,0,0,2,0,0,0,0,0,0,-,-,NA,NA,RIVERSIDE,MURRIETA,-117.12485504150392,33.592185974121094
8440994,2017,2017-09-11,3300,2017-08-21,1800,4413,910H,1,5,5,3335,0,0,0,NA,0,063,RANCHO CALIFORNIA RD,MARGARITA RD,1000,E,N,A,-,N,NA,NA,NA,NA,NA,NA,NA,NA,NA,Y,3,0,4,1,A,-,08,22107,NA,N,E,I,A,A,H,-,A,D,0,NA,NA,NA,NA,Y,NA,A,07,0,1,3,0,0,0,0,0,0,-,-,33.50783,-117.12451,RIVERSIDE,TEMECULA,-117.121405,33.50752541
84410162,2024,2024-09-27,3300,2024-09-22,1707,N7114,NA,7,5,6,3345,0,0,0,NA,0,024,LIMONITE AV,PEDLEY RD (W),34,E,N,A,-,N,NA,NA,NA,NA,NA,NA,NA,NA,NA,Y,4,0,2,3,A,-,01,23152,A,F,C,C,A,A,H,-,A,A,0,NA,NA,NA,NA,Y,Y,A,01,0,0,2,0,0,0,0,0,0,-,-,33.97602844238281,-117.47396850585938,RIVERSIDE,JURUPA VALLEY,-117.47381591796876,33.975791931152344