CASE_ID,ACCIDENT_YEAR,PROC_DATE,JURIS,COLLISION_DATE,COLLISION_TIME,OFFICER_ID,REPORTING_DISTRICT,DAY_OF_WEEK,CHP_SHIFT,POPULATION,CNTY_CITY_LOC,SPECIAL_COND,BEAT_TYPE,CHP_BEAT_TYPE,CITY_DIVISION_LAPD,CHP_BEAT_CLASS,BEAT_NUMBER,PRIMARY_RD,SECONDARY_RD,DISTANCE,DIRECTION,INTERSECTION,WEATHER_1,WEATHER_2,STATE_HWY_IND,CALTRANS_COUNTY,CALTRANS_DISTRICT,STATE_ROUTE,ROUTE_SUFFIX,POSTMILE_PREFIX,POSTMILE,LOCATION_TYPE,RAMP_INTERSECTION,SIDE_OF_HWY,TOW_AWAY,COLLISION_SEVERITY,NUMBER_KILLED,NUMBER_INJURED,PARTY_COUNT,PRIMARY_COLL_FACTOR,PCF_CODE_OF_VIOL,PCF_VIOL_CATEGORY,PCF_VIOLATION,PCF_VIOL_SUBSECTION,HIT_AND_RUN,TYPE_OF_COLLISION,MVIW,PED_ACTION,ROAD_SURFACE,ROAD_COND_1,ROAD_COND_2,LIGHTING,CONTROL_DEVICE,CHP_ROAD_TYPE,PEDESTRIAN_ACCIDENT,BICYCLE_ACCIDENT,MOTORCYCLE_ACCIDENT,TRUCK_ACCIDENT,NOT_PRIVATE_PROPERTY,ALCOHOL_INVOLVED,STWD_VEHTYPE_AT_FAULT,CHP_VEHTYPE_AT_FAULT,COUNT_SEVERE_INJ,COUNT_VISIBLE_INJ,COUNT_COMPLAINT_PAIN,COUNT_PED_KILLED,COUNT_PED_INJURED,COUNT_BICYCLIST_KILLED,COUNT_BICYCLIST_INJURED,COUNT_MC_KILLED,COUNT_MC_INJURED,PRIMARY_RAMP,SECONDARY_RAMP,LATITUDE,LONGITUDE,COUNTY,CITY,POINT_X,POINT_Y
84638344,2025,2025-04-07,3300,2025-03-13,2201,N8611,NA,4,5,3,3317,0,0,0,NA,0,NA,FRANK SINATRA DR,DA VALL DR,305,W,N,A,-,N,NA,NA,NA,NA,NA,NA,NA,NA,NA,Y,3,0,1,2,A,-,17,22109,NA,N,C,C,A,A,H,-,C,D,0,NA,NA,NA,NA,Y,NA,A,07,0,1,0,0,0,0,0,0,0,-,-,33.7724609375,-116.4408721923828,RIVERSIDE,RANCHO MIRAGE,-116.44194793701172,33.77248001098633
84642212,2025,2025-04-09,3300,2025-04-08,822,4323,NA,2,5,5,3335,0,0,0,NA,0,069,WOLF CREEK DR S,PECHANGA PKY,95,E,N,A,-,N,NA,NA,NA,NA,NA,NA,NA,NA,NA,N,3,0,1,2,A,-,09,21804,A,N,D,G,A,A,H,-,A,D,0,NA,Y,NA,NA,Y,NA,L,04,0,1,0,0,0,0,1,0,0,-,-,33.4527702331543,-117.09877777099608,RIVERSIDE,TEMECULA,-117.0986099243164,33.45297622680664
84642214,2025,2025-04-09,3300,2025-03-10,1841,N7339,NA,1,5,4,3344,0,0,0,NA,0,063,HARRISON AV,LIMONITE AV,10,S,N,B,-,N,NA,NA,NA,NA,NA,NA,NA,NA,NA,N,3,0,1,2,A,-,12,21453,A,N,D,C,A,A,H,-,B,A,0,NA,NA,NA,NA,Y,NA,A,01,0,1,0,0,0,0,0,0,0,-,-,33.97523880004883,-117.58429718017578,RIVERSIDE,EASTVALE,-117.58447265625,33.9752311706543
84642224,2025,2025-04-09,3300,2025-04-07,700,N4544,NA,1,5,6,3345,0,0,0,NA,0,020,MISSION BL,PYRITE ST,0,NA,Y,A,-,N,NA,NA,NA,NA,NA,NA,NA,NA,NA,Y,3,0,2,2,A,-,12,21453,A,N,D,C,A,A,H,-,A,A,0,NA,NA,NA,NA,Y,NA,A,01,0,2,0,0,0,0,0,0,0,-,-,34.01179885864258,-117.4623565673828,RIVERSIDE,JURUPA VALLEY,-117.46236419677734,34.011802673339844
8464369,2017,2017-10-12,3300,2017-09-06,1905,3543,420,3,5,2,3336,0,0,0,NA,0,020,3RD ST,AVE L,0,NA,Y,A,-,N,NA,NA,NA,NA,NA,NA,NA,NA,NA,N,4,0,1,2,A,-,09,21802,NA,N,D,C,A,A,H,-,D,D,0,NA,NA,NA,NA,Y,NA,A,01,0,0,1,0,0,0,0,0,0,-,-,NA,NA,RIVERSIDE,CALIMESA,-117.0475601,33.99937009
84643848,2025,2025-04-10,3311,2025-03-24,1229,15690,NA,1,5,4,3311,0,0,0,NA,0,006,SUNNY DUNES ROAD,EUGENE ROAD,0,NA,Y,A,-,N,NA,NA,NA,NA,NA,NA,NA,NA,NA,Y,4,0,3,2,A,-,09,21801,A,N,D,C,A,A,H,-,A,D,0,NA,NA,NA,NA,Y,NA,A,01,0,0,3,0,0,0,0,0,0,-,-,33.81216812133789,-116.49398040771484,RIVERSIDE,PALM SPRINGS,-116.49404144287108,33.812191009521484
84645378,2025,2025-04-11,3300,2025-03-14,1326,N4187,NA,5,5,6,3394,0,0,0,NA,0,042,ALESSANDRO BLVD,OLD 215 FRONTAGE RD,0,NA,Y,C,-,N,NA,NA,NA,NA,NA,NA,NA,NA,NA,Y,4,0,1,2,B,-,22,NA,NA,N,D,C,A,B,H,-,A,A,0,NA,NA,NA,NA,Y,NA,-,98,0,0,1,0,0,0,0,0,0,-,-,NA,NA,RIVERSIDE,MORENO VALLEY,-117.28313446044922,33.91688537597656
84646919,2025,2025-04-14,3300,2025-04-08,1857,5783,NA,2,5,6,3345,0,0,0,NA,0,016,MENNES AV,MISSION BLVD.,7,S,N,A,-,N,NA,NA,NA,NA,NA,NA,NA,NA,NA,Y,3,0,1,2,A,-,12,22450,A,F,G,B,B,A,H,-,A,A,0,Y,NA,NA,NA,Y,NA,D,22,0,1,0,0,1,0,0,0,0,-,-,NA,NA,RIVERSIDE,JURUPA VALLEY,-117.40346527099608,33.99513626098633
8464838,2017,2017-10-16,3300,2017-08-22,1547,4050,011F,2,5,4,3344,0,0,0,NA,0,062,SCHLEISMAN RD,CEDAR CREEK RD,515,E,N,A,-,N,NA,NA,NA,NA,NA,NA,NA,NA,NA,Y,4,0,2,3,A,-,03,22350,NA,N,C,C,A,A,H,-,A,D,0,NA,NA,NA,NA,Y,NA,A,01,0,0,2,0,0,0,0,0,0,-,-,33.96096,-117.57997,RIVERSIDE,EASTVALE,-117.57829638,33.96083
84651067,2025,2025-04-16,3311,2025-03-17,1751,15970,NA,1,5,4,3311,0,0,0,NA,0,004,GENE AUTRY TRAIL,SALVIA ROAD,1498,S,N,G,-,N,NA,NA,NA,NA,NA,NA,NA,NA,NA,Y,3,0,1,1,C,-,18,NA,NA,N,F,A,A,A,H,-,A,D,0,NA,NA,NA,NA,Y,NA,-,-,0,1,0,0,0,0,0,0,0,-,-,33.87287139892578,-116.50570678710938,RIVERSIDE,PALM SPRINGS,-116.50576019287108,33.872962951660156
84651072,2025,2025-04-16,3311,2025-03-28,1103,16018,NA,5,5,4,3311,0,0,0,NA,0,001,PALM CANYON DRIVE N,ALEJO ROAD,90,N,N,A,-,N,NA,NA,NA,NA,NA,NA,NA,NA,NA,Y,3,0,1,2,A,-,08,22107,NA,N,D,C,A,A,H,-,A,D,0,NA,NA,Y,NA,Y,NA,A,01,0,1,0,0,0,0,0,0,1,-,-,33.83013153076172,-116.54705047607422,RIVERSIDE,PALM SPRINGS,-116.54682159423828,33.83054733276367
8465182,2017,2017-11-28,3313,2017-09-15,1920,1818,2,5,5,7,3313,0,0,0,NA,0,4R22,CENTRAL AV,RIVERSIDE AV,2000,E,N,A,-,N,NA,NA,NA,NA,NA,NA,NA,NA,NA,N,4,0,1,2,A,-,11,21956,A,N,G,B,E,A,H,-,E,A,0,Y,NA,NA,NA,Y,NA,N,60,0,0,1,0,1,0,0,0,0,-,-,33.95363,-117.3878,RIVERSIDE,RIVERSIDE,-117.38391,33.95359
8465190,2017,2017-11-27,3313,2017-09-19,0833,1686,2,2,5,7,3313,0,0,0,NA,0,T58,CANYON CREST DR,VIA CONCEPTION,205,S,N,A,-,N,NA,NA,NA,NA,NA,NA,NA,NA,NA,Y,3,0,2,1,A,-,08,22107,NA,N,E,I,A,A,H,-,A,D,0,NA,NA,NA,NA,Y,NA,A,07,0,1,1,0,0,0,0,0,0,-,-,33.94972,-117.3313,RIVERSIDE,RIVERSIDE,-117.331682,33.94919554
8465370,2018,2020-05-22,3309,2018-07-01,0342,332,3309,7,5,4,3309,0,0,0,NA,0,002,AVE 44,POWER POLE GT124122,31,E,N,A,-,N,NA,NA,NA,NA,NA,NA,NA,NA,NA,N,1,1,0,2,A,-,11,21954,A,N,A,B,D,A,H,-,D,A,0,Y,NA,NA,Y,Y,Y,F,24,0,0,0,1,0,0,0,0,0,-,-,NA,NA,RIVERSIDE,INDIO,NA,NA
84655504,2024,2025-04-21,3308,2024-10-15,1908,11046,NA,2,5,5,3308,0,0,0,NA,0,NORTH,STATE ST,DEVONSHIRE AVE,0,NA,Y,A,-,N,NA,NA,NA,NA,NA,NA,NA,NA,NA,Y,2,0,1,2,A,-,03,22350,NA,N,B,C,A,A,H,-,C,D,0,NA,NA,NA,NA,Y,NA,A,01,1,0,0,0,0,0,0,0,0,-,-,NA,NA,RIVERSIDE,HEMET,-116.9717025756836,33.75115966796875
84655885,2025,2025-04-21,3308,2025-04-01,1016,10379,NA,2,5,5,3308,0,0,0,NA,0,SOUTH,STATE ST,CHAMBERS ST,568,S,N,B,-,Y,NA,NA,NA,NA,NA,NA,NA,NA,NA,Y,4,0,2,2,A,-,03,22350,NA,N,C,C,A,A,H,-,A,D,0,NA,NA,NA,NA,Y,NA,A,01,0,0,2,0,0,0,0,0,0,-,-,33.72206115722656,-116.97160339355467,RIVERSIDE,HEMET,-116.97148895263672,33.72049331665039
8465779,2018,2019-05-08,3313,2018-12-23,1321,1819,2,7,5,7,3313,0,0,0,NA,0,2R23,CHICAGO AV,LINDEN ST,0,NA,Y,A,-,N,NA,NA,NA,NA,NA,NA,NA,NA,NA,Y,1,1,2,2,A,-,12,21453,A,N,A,C,A,A,H,-,A,A,0,NA,NA,NA,NA,Y,NA,A,01,0,1,1,0,0,0,0,0,0,-,-,33.9792594909668,-117.34832763671876,RIVERSIDE,RIVERSIDE,-117.34848785400392,33.97935104370117
84659259,2025,2025-04-23,3300,2025-04-19,2109,4440,NA,6,5,4,3314,0,0,0,NA,0,074,1475 S SAN JACINTO AVE,ESPLANADE AVE,234,N,N,A,-,N,NA,NA,NA,NA,NA,NA,NA,NA,NA,N,4,0,1,2,B,-,22,NA,NA,N,G,B,F,A,H,-,C,D,0,Y,NA,NA,NA,Y,NA,A,01,0,0,1,0,1,0,0,0,0,-,-,NA,NA,RIVERSIDE,SAN JACINTO,-116.95881652832033,33.77363204956055
84660894,2025,2025-04-24,3313,2025-03-02,504,2106,NA,7,5,7,3313,0,0,0,NA,0,1R23,FOURTEENTH ST,SEDGWICK AVE,520,E,-,A,-,N,NA,NA,NA,NA,NA,NA,NA,NA,NA,Y,3,0,1,1,A,-,08,22107,NA,N,E,I,A,A,H,-,C,A,0,NA,NA,NA,NA,Y,NA,A,07,0,1,0,0,0,0,0,0,0,-,-,NA,NA,RIVERSIDE,RIVERSIDE,-117.36021423339844,33.96887969970703
84660953,2025,2025-04-24,3349,2025-04-14,1730,551,NA,1,5,5,3341,0,0,0,NA,0,002,SCOTT RD,ANTELOPE RD,0,NA,Y,B,-,N,NA,NA,NA,NA,NA,NA,NA,NA,NA,Y,2,0,5,2,A,-,09,21453,C,N,D,C,A,A,H,-,A,A,0,NA,NA,NA,NA,Y,NA,A,07,1,4,0,0,0,0,0,0,0,-,-,33.64168167114258,-117.1679229736328,RIVERSIDE,MENIFEE,-117.16806793212892,33.64170455932617
84661036,2024,2025-09-08,3313,2024-10-26,1950,1899,NA,6,5,7,3313,0,0,0,NA,0,3R16,STREETER AVE,LANTANA ST,94,N,N,A,-,N,NA,NA,NA,NA,NA,NA,NA,NA,NA,N,1,1,0,2,A,-,03,22350,NA,F,C,G,A,A,H,-,C,D,0,NA,Y,NA,NA,Y,Y,A,01,0,0,0,0,0,1,0,0,0,-,-,33.95806884765625,-117.41866302490234,RIVERSIDE,RIVERSIDE,-117.41864776611328,33.95863723754883
84661074,2024,2025-04-24,3313,2024-11-22,1540,2225,NA,5,5,7,3313,0,0,0,NA,0,T72,EAST LA CADENA DR,COLUMBIA AVE,150,N,N,A,-,N,NA,NA,NA,NA,NA,NA,NA,NA,NA,N,3,0,1,2,A,-,09,21801,A,F,D,C,A,A,H,-,A,A,0,NA,NA,NA,NA,Y,NA,A,01,0,1,0,0,0,0,0,0,0,-,-,33.999691009521484,-117.34989166259766,RIVERSIDE,RIVERSIDE,-117.35079193115234,34.00164031982422
84661231,2024,2025-04-24,3313,2024-12-18,1753,2214,NA,3,5,7,3313,0,0,0,NA,0,T79,VICTORIA AVE,GRATTON ST,0,NA,Y,A,-,N,NA,NA,NA,NA,NA,NA,NA,NA,NA,Y,3,0,2,2,A,-,09,21802,A,N,D,C,A,A,H,-,B,A,0,NA,NA,NA,NA,Y,NA,D,22,0,2,0,0,0,0,0,0,0,-,-,33.91511917114258,-117.41497802734376,RIVERSIDE,RIVERSIDE,-117.41529083251952,33.91535568237305
8466128,2017,2017-10-05,3313,2017-09-21,1457,1222,5,4,5,7,3313,0,0,0,NA,0,M36,JACKSON ST,COLORADO AV,57,N,N,B,-,N,NA,NA,NA,NA,NA,NA,NA,NA,NA,Y,4,0,2,3,A,-,03,22350,NA,M,C,C,A,A,H,-,A,A,0,NA,NA,NA,NA,Y,NA,A,01,0,0,2,0,0,0,0,0,0,-,-,33.93705,-117.44921,RIVERSIDE,RIVERSIDE,-117.44940418,33.93709982
84661392,2025,2025-04-24,3313,2025-01-10,1828,2241,NA,5,5,7,3313,0,0,0,NA,0,3R46,VAN BUREN BLVD,JURUPA AVE,0,W,Y,A,-,N,NA,NA,NA,NA,NA,NA,NA,NA,NA,N,3,0,1,2,A,-,09,21453,C,N,A,C,A,A,H,-,C,A,0,NA,NA,NA,NA,Y,NA,A,07,0,1,0,0,0,0,0,0,0,-,-,33.95817184448242,-117.4614715576172,RIVERSIDE,RIVERSIDE,-117.4616470336914,33.9587287902832
84661493,2025,2025-04-24,3313,2025-01-22,1311,1686,NA,3,5,7,3313,0,0,0,NA,0,T58,JURUPA AVE,BIRCH ST,90,W,N,A,-,N,NA,NA,NA,NA,NA,NA,NA,NA,NA,N,4,0,1,2,A,-,09,21804,A,N,D,C,A,A,H,-,A,D,0,NA,NA,NA,NA,Y,NA,A,01,0,0,1,0,0,0,0,0,0,-,-,33.96091079711914,-117.39356994628906,RIVERSIDE,RIVERSIDE,-117.39373779296876,33.96092224121094
84661580,2025,2025-04-24,3313,2025-01-31,1700,2180,NA,5,5,7,3313,0,0,0,NA,0,3R52,TYLER ST,HEDRICK AVE,250,N,N,A,-,N,NA,NA,NA,NA,NA,NA,NA,NA,NA,N,3,0,2,2,A,-,01,23152,A,N,C,E,A,A,H,-,A,A,0,NA,NA,NA,NA,Y,Y,A,01,0,1,1,0,0,0,0,0,0,-,-,NA,NA,RIVERSIDE,RIVERSIDE,-117.47588348388672,33.93073272705078
84661612,2025,2025-04-24,3313,2025-02-04,1329,2233,NA,2,5,7,3313,0,0,0,NA,0,T72,VAN BUREN BLVD,JURUPA AVE,0,NA,Y,A,-,N,NA,NA,NA,NA,NA,NA,NA,NA,NA,Y,3,0,1,2,A,-,09,21453,B,N,D,C,A,A,H,-,A,A,0,NA,NA,NA,NA,Y,NA,A,01,0,1,0,0,0,0,0,0,0,-,-,33.95878982543945,-117.4615478515625,RIVERSIDE,RIVERSIDE,-117.4616470336914,33.9587287902832
84661626,2025,2025-04-24,3313,2025-02-06,1005,2101,NA,4,5,7,3313,0,0,0,NA,0,T71,INDIANA AVE,WICKHAM DR,59,E,N,B,-,N,NA,NA,NA,NA,NA,NA,NA,NA,NA,Y,3,0,1,1,A,-,03,22350,NA,N,E,I,A,B,H,-,A,D,0,NA,NA,NA,NA,Y,NA,A,07,0,1,0,0,0,0,0,0,0,-,-,33.89537048339844,-117.47412109375,RIVERSIDE,RIVERSIDE,-117.4739990234375,33.8956413269043
84661813,2025,2025-04-24,3313,2025-02-23,1018,2074,NA,7,5,7,3313,0,0,0,NA,0,2R27,COLUMBIA AVE,CHICAGO AVE,0,N,-,A,-,N,NA,NA,NA,NA,NA,NA,NA,NA,NA,Y,3,0,1,2,A,-,01,23152,A,M,D,C,A,A,H,-,A,A,0,NA,NA,NA,NA,Y,Y,A,01,0,1,0,0,0,0,0,0,0,-,-,NA,NA,RIVERSIDE,RIVERSIDE,-117.34866333007813,34.001243591308594
84661950,2025,2025-04-24,3313,2025-03-10,1406,1797,NA,1,5,7,3313,0,0,0,NA,0,2R13,UNIVERSITY AVE,PINE ST,0,N,-,A,-,N,NA,NA,NA,NA,NA,NA,NA,NA,NA,Y,3,0,1,2,A,-,12,21453,A,N,D,C,A,A,H,-,A,A,0,NA,NA,NA,NA,Y,NA,A,01,0,1,0,0,0,0,0,0,0,-,-,NA,NA,RIVERSIDE,RIVERSIDE,-117.38265228271484,33.98569107055664
84663385,2025,2025-04-25,3300,2025-04-22,859,5944,NA,2,5,4,3312,0,0,0,NA,0,031,MORGAN ST,INDIAN AV,4,W,N,A,-,N,NA,NA,NA,NA,NA,NA,NA,NA,NA,N,4,0,1,2,A,-,08,22100,5,N,D,C,A,A,H,-,A,A,0,NA,NA,NA,Y,Y,NA,J,48,0,0,1,0,0,0,0,0,0,-,-,33.83755111694336,-117.23413848876952,RIVERSIDE,PERRIS,-117.23479461669922,33.83753967285156
84663816,2025,2025-04-25,3313,2025-04-12,240,2207,NA,6,5,7,3313,0,0,0,NA,0,1R21,SPRUCE ST,EB 91 OFF RAMP,0,N,-,A,-,N,NA,NA,NA,NA,NA,NA,NA,NA,NA,N,4,0,2,2,A,-,12,21453,A,N,D,C,A,A,H,-,C,A,0,NA,NA,NA,NA,Y,NA,A,01,0,0,2,0,0,0,0,0,0,-,-,NA,NA,RIVERSIDE,RIVERSIDE,NA,NA
84665016,2025,2025-04-28,3342,2025-03-30,402,P1491,NA,7,5,4,3342,0,0,0,NA,0,006,MURRIETA HOT SPRINGS RD,VIA PRINCESA (E),1,W,N,A,-,N,NA,NA,NA,NA,NA,NA,NA,NA,NA,Y,3,0,1,1,A,-,01,23152,A,N,E,I,A,A,H,-,C,A,0,NA,NA,NA,NA,Y,Y,A,01,0,1,0,0,0,0,0,0,0,-,-,33.55540084838867,-117.15373229980467,RIVERSIDE,MURRIETA,-117.16032409667967,33.55690002441406
84665138,2025,2025-04-28,3313,2025-04-11,1509,1830,NA,5,5,7,3313,0,0,0,NA,0,M10,MONROE ST,INDIANA AVE,0,N,-,A,-,N,NA,NA,NA,NA,NA,NA,NA,NA,NA,Y,4,0,1,2,A,-,09,21804,A,N,D,C,A,A,H,-,A,A,0,NA,NA,NA,NA,Y,NA,A,01,0,0,1,0,0,0,0,0,0,-,-,NA,NA,RIVERSIDE,RIVERSIDE,-117.42665863037108,33.92253112792969
84667343,2025,2025-04-29,3300,2025-04-05,1910,6286,NA,6,5,4,3344,0,0,0,NA,0,064,ARCHIBALD AV,WIND RIVER RD,0,NA,Y,A,-,N,NA,NA,NA,NA,NA,NA,NA,NA,NA,Y,3,0,4,2,A,-,12,21453,A,N,D,C,A,A,H,-,C,A,0,NA,NA,NA,NA,Y,NA,A,01,0,3,1,0,0,0,0,0,0,-,-,33.937198638916016,-117.59314727783205,RIVERSIDE,EASTVALE,-117.59317016601563,33.93723678588867
84667567,2025,2025-04-29,3349,2025-03-20,2150,790,NA,4,5,5,3341,0,0,0,NA,0,004,HAUN RD,MARKET PLACE,0,NA,Y,A,-,N,NA,NA,NA,NA,NA,NA,NA,NA,NA,N,4,0,1,2,D,-,00,NA,NA,F,D,G,A,A,H,-,C,A,0,NA,Y,NA,NA,Y,NA,-,-,0,0,1,0,0,0,1,0,0,-,-,NA,NA,RIVERSIDE,MENIFEE,-117.1756591796875,33.68325424194336
84669279,2025,2025-04-30,3300,2025-03-03,1842,6286,NA,1,5,4,3344,0,0,0,NA,0,026,LIMONITE AV,I 15 SB OFFRAMP,230,W,N,A,-,N,NA,NA,NA,NA,NA,NA,NA,NA,NA,Y,3,0,1,3,A,-,07,21658,A,N,B,C,A,A,H,-,C,A,0,NA,NA,NA,NA,Y,NA,A,01,0,1,0,0,0,0,0,0,0,-,-,33.975120544433594,-117.550048828125,RIVERSIDE,EASTVALE,-117.54981994628906,33.975154876708984
84672435,2025,2025-05-02,3300,2025-04-26,1841,6161,NA,6,5,5,3335,0,0,0,NA,0,064,COSMIC DR,TWILIGHT CT,68,N,N,A,-,N,NA,NA,NA,NA,NA,NA,NA,NA,NA,N,3,0,1,2,A,-,03,22350,NA,N,E,E,A,A,H,-,A,D,0,NA,Y,NA,NA,Y,NA,L,04,0,1,0,0,0,0,1,0,0,-,-,33.50701904296875,-117.13200378417967,RIVERSIDE,TEMECULA,-117.13231658935548,33.50727462768555
8467265,2017,2017-10-12,3300,2017-09-29,1445,4713,910H,5,5,5,3335,0,0,0,NA,0,063,RANCHO CALIFORNIA RD,MARGARITA RD,0,W,N,A,-,N,NA,NA,NA,NA,NA,NA,NA,NA,NA,N,4,0,1,2,A,-,11,21954,A,N,G,B,E,A,H,-,A,D,0,Y,NA,NA,NA,Y,NA,N,60,0,0,1,0,1,0,0,0,0,-,-,NA,NA,RIVERSIDE,TEMECULA,-117.12462001,33.50801008
8467365,2017,2018-06-18,3300,2017-09-03,0700,4577,507D,7,5,5,3341,0,0,0,NA,0,057,NEWPORT RD,RT 215,0,NA,N,A,-,Y,RIV,8,215,-,R,18.28,R,4,N,N,4,0,1,2,A,-,07,21658,A,N,B,C,A,A,H,-,A,A,0,NA,NA,NA,Y,Y,NA,F,26,0,0,1,0,0,0,0,0,0,-,NF,33.68518,-117.17029,RIVERSIDE,MENIFEE,-117.17075728,33.6816543
84673781,2025,2025-05-05,3300,2025-04-25,1555,6630,NA,5,5,4,3310,0,0,0,NA,0,065,6TH ST,15 SOUTH OFF RAMP,104,S,N,A,-,Y,NA,NA,NA,NA,NA,NA,NA,NA,NA,N,3,0,1,2,A,-,11,21456,B,N,G,B,B,A,H,-,A,A,0,Y,NA,NA,NA,Y,Y,N,60,0,1,0,0,1,0,0,0,0,-,-,NA,NA,RIVERSIDE,NORCO,-117.55638122558594,33.937740325927734
84674175,2025,2025-05-05,3300,2025-03-09,852,6528,NA,7,5,4,3318,0,0,0,NA,0,T36,DEEP CANYON RD,FRED WARING DR,0,NA,Y,A,-,N,NA,NA,NA,NA,NA,NA,NA,NA,NA,Y,3,0,1,2,A,-,12,21453,A,N,D,C,A,A,H,-,A,A,0,NA,NA,NA,NA,Y,NA,A,01,0,1,0,0,0,0,0,0,0,-,-,33.728851318359375,-116.36502838134766,RIVERSIDE,PALM DESERT,-116.36502838134766,33.72876739501953
84674305,2025,2025-05-05,3313,2025-04-02,1631,1799,NA,3,5,7,3313,0,0,0,NA,0,T48,MARKET ST,NINTH ST,0,S,-,A,-,N,NA,NA,NA,NA,NA,NA,NA,NA,NA,Y,3,0,3,2,A,-,03,22350,NA,N,C,C,A,A,H,-,A,A,0,NA,NA,NA,NA,Y,NA,A,01,0,3,0,0,0,0,0,0,0,-,-,NA,NA,RIVERSIDE,RIVERSIDE,-117.37641143798828,33.98147964477539
84677634,2025,2025-05-07,3300,2025-04-18,458,4121,NA,5,5,4,3312,0,0,0,NA,0,031,RAMONA EXPRESSWAY,WEBSTER AV,0,NA,Y,A,-,N,NA,NA,NA,NA,NA,NA,NA,NA,NA,Y,3,0,1,2,A,-,12,21453,A,N,D,C,A,A,H,-,C,A,0,NA,NA,NA,NA,Y,NA,A,07,0,1,0,0,0,0,0,0,0,-,-,33.84468078613281,-117.24313354492188,RIVERSIDE,PERRIS,-117.24382781982422,33.84457015991211
84677645,2025,2025-05-07,3300,2025-03-05,1524,N7320,NA,3,5,4,3307,0,0,0,NA,0,NA,MAIN ST,SUMNER AVE,265,E,N,C,-,N,NA,NA,NA,NA,NA,NA,NA,NA,NA,Y,4,0,1,3,A,-,08,22107,NA,N,A,E,A,B,H,-,A,D,0,NA,NA,NA,NA,Y,NA,A,01,0,0,1,0,0,0,0,0,0,-,-,33.6713981628418,-117.32628631591795,RIVERSIDE,LAKE ELSINORE,-117.32601165771484,33.67226791381836
84677655,2025,2025-05-07,3300,2025-03-27,1039,N6000,NA,4,5,4,3307,0,0,0,NA,0,091,CORYDON ROAD,PALOMAR ST,3200,E,N,A,-,N,NA,NA,NA,NA,NA,NA,NA,NA,NA,N,3,0,2,2,A,-,09,21804,A,N,D,C,A,A,H,-,A,A,0,NA,NA,NA,NA,Y,NA,A,01,0,2,0,0,0,0,0,0,0,-,-,33.6213493347168,-117.3013916015625,RIVERSIDE,LAKE ELSINORE,-117.29506683349608,33.62845993041992
84677657,2025,2025-05-07,3300,2025-03-31,530,6186,NA,1,5,4,3307,0,0,0,NA,0,095,CENTRAL AVE,CAMBERN AVE,643,E,N,B,-,N,NA,NA,NA,NA,NA,NA,NA,NA,NA,N,3,0,3,2,A,-,03,22350,NA,N,C,C,A,B,H,-,C,A,0,NA,NA,NA,NA,Y,NA,A,01,0,3,0,0,0,0,0,0,0,-,-,NA,NA,RIVERSIDE,LAKE ELSINORE,-117.33240509033205,33.69664001464844
84681089,2025,2025-05-09,3311,2025-04-03,1630,16433,NA,4,5,4,3311,0,0,0,NA,0,004,GENE AUTRY TRAIL,SALVIA ROAD,1139,S,N,A,-,N,NA,NA,NA,NA,NA,NA,NA,NA,NA,Y,3,0,2,2,A,-,08,22107,NA,N,B,C,A,A,H,-,A,A,0,NA,NA,NA,NA,Y,NA,A,01,0,2,0,0,0,0,0,0,0,-,-,33.8768196105957,-116.50515747070313,RIVERSIDE,PALM SPRINGS,-116.50572204589844,33.87394332885742
84681160,2025,2025-05-09,3300,2025-05-04,303,6379,NA,7,5,4,3314,0,0,0,NA,0,070,SANDERSON AVE,ESPLANADE AVE,0,NA,Y,A,-,N,NA,NA,NA,NA,NA,NA,NA,NA,NA,N,4,0,1,2,A,-,09,21801,A,N,A,C,A,A,H,-,C,A,0,NA,NA,NA,NA,Y,NA,A,01,0,0,1,0,0,0,0,0,0,-,-,33.77268981933594,-117.0068588256836,RIVERSIDE,SAN JACINTO,-117.00669097900392,33.77277755737305
8468708,2017,2017-10-16,3311,2017-08-27,0207,16057,NA,7,5,4,3311,0,0,0,NA,0,002,NORTH INDIAN CANYON DR,VISTA CHINO,120,N,N,A,-,N,NA,NA,NA,NA,NA,NA,NA,NA,NA,N,4,0,3,1,A,-,01,23152,A,N,E,J,A,A,H,-,C,A,0,NA,NA,NA,NA,Y,Y,D,22,0,0,3,0,0,0,0,0,0,-,-,NA,NA,RIVERSIDE,PALM SPRINGS,-116.54559,33.84519844
84687927,2025,2025-05-15,3300,2025-04-09,2220,6487,NA,3,5,4,3318,0,0,0,NA,0,T30,HWY 111,PLAZA WAY,681,W,N,A,-,N,NA,NA,NA,NA,NA,NA,NA,NA,NA,Y,3,0,1,2,A,-,08,22107,NA,N,D,C,A,A,H,-,C,A,0,NA,NA,NA,NA,Y,NA,D,22,0,1,0,0,0,0,0,0,0,-,-,33.721439361572266,-116.39437103271484,RIVERSIDE,PALM DESERT,-116.39655303955078,33.722049713134766
8469295,2017,2018-07-05,3311,2017-12-10,1247,16106,3311,7,5,4,3311,0,0,0,NA,0,002,RT 111,VIA MIRALESTE,0,NA,Y,A,-,Y,RIV,8,111,-,T,53.627,I,5,N,Y,3,0,2,2,A,-,09,21802,A,N,D,C,A,A,H,-,A,A,0,NA,NA,NA,NA,Y,NA,A,08,0,1,1,0,0,0,0,0,0,-,-,33.84481,-116.54125,RIVERSIDE,PALM SPRINGS,-116.54126088,33.84491393
84693212,2025,2025-05-20,3300,2025-05-07,1324,4872,NA,3,5,3,3317,0,0,0,NA,0,S22,HWY 111,FRANK SINATRA DR,0,NA,Y,A,-,N,NA,NA,NA,NA,NA,NA,NA,NA,NA,Y,4,0,1,2,A,-,12,21453,A,N,D,C,A,A,H,-,A,A,0,NA,NA,NA,NA,Y,NA,A,01,0,0,1,0,0,0,0,0,0,-,-,NA,NA,RIVERSIDE,RANCHO MIRAGE,-116.44718933105467,33.77238464355469