CASE_ID,ACCIDENT_YEAR,PROC_DATE,JURIS,COLLISION_DATE,COLLISION_TIME,OFFICER_ID,REPORTING_DISTRICT,DAY_OF_WEEK,CHP_SHIFT,POPULATION,CNTY_CITY_LOC,SPECIAL_COND,BEAT_TYPE,CHP_BEAT_TYPE,CITY_DIVISION_LAPD,CHP_BEAT_CLASS,BEAT_NUMBER,PRIMARY_RD,SECONDARY_RD,DISTANCE,DIRECTION,INTERSECTION,WEATHER_1,WEATHER_2,STATE_HWY_IND,CALTRANS_COUNTY,CALTRANS_DISTRICT,STATE_ROUTE,ROUTE_SUFFIX,POSTMILE_PREFIX,POSTMILE,LOCATION_TYPE,RAMP_INTERSECTION,SIDE_OF_HWY,TOW_AWAY,COLLISION_SEVERITY,NUMBER_KILLED,NUMBER_INJURED,PARTY_COUNT,PRIMARY_COLL_FACTOR,PCF_CODE_OF_VIOL,PCF_VIOL_CATEGORY,PCF_VIOLATION,PCF_VIOL_SUBSECTION,HIT_AND_RUN,TYPE_OF_COLLISION,MVIW,PED_ACTION,ROAD_SURFACE,ROAD_COND_1,ROAD_COND_2,LIGHTING,CONTROL_DEVICE,CHP_ROAD_TYPE,PEDESTRIAN_ACCIDENT,BICYCLE_ACCIDENT,MOTORCYCLE_ACCIDENT,TRUCK_ACCIDENT,NOT_PRIVATE_PROPERTY,ALCOHOL_INVOLVED,STWD_VEHTYPE_AT_FAULT,CHP_VEHTYPE_AT_FAULT,COUNT_SEVERE_INJ,COUNT_VISIBLE_INJ,COUNT_COMPLAINT_PAIN,COUNT_PED_KILLED,COUNT_PED_INJURED,COUNT_BICYCLIST_KILLED,COUNT_BICYCLIST_INJURED,COUNT_MC_KILLED,COUNT_MC_INJURED,PRIMARY_RAMP,SECONDARY_RAMP,LATITUDE,LONGITUDE,COUNTY,CITY,POINT_X,POINT_Y
84694849,2025,2025-05-21,3300,2025-04-21,1823,6080,NA,1,5,4,3344,0,0,0,NA,0,064,ARCHIBALD AV,SOLEIL DR,8,N,N,A,-,N,NA,NA,NA,NA,NA,NA,NA,NA,NA,N,3,0,2,2,A,-,08,22107,NA,N,D,G,A,A,H,-,A,A,0,NA,Y,NA,NA,Y,NA,A,01,0,2,0,0,0,0,2,0,0,-,-,33.95895004272461,-117.59288787841795,RIVERSIDE,EASTVALE,-117.59319305419922,33.95906066894531
84694853,2025,2025-05-21,3300,2025-04-20,1851,N7114,NA,7,5,6,3345,0,0,0,NA,0,010,EL RIVINO RD,CLINKER DR,0,NA,Y,A,-,N,NA,NA,NA,NA,NA,NA,NA,NA,NA,N,4,0,1,2,A,-,09,21802,A,N,D,C,A,A,H,-,B,D,0,NA,NA,NA,NA,Y,NA,D,22,0,0,1,0,0,0,0,0,0,-,-,NA,NA,RIVERSIDE,JURUPA VALLEY,NA,NA
84696449,2025,2025-05-22,3300,2025-05-13,1035,4145,NA,2,5,6,3394,0,0,0,NA,0,MV28,FIR AVE,SHIRAY RANCH RD,159,E,N,A,-,N,NA,NA,NA,NA,NA,NA,NA,NA,NA,N,4,0,1,2,D,-,00,NA,NA,N,D,C,A,A,H,-,A,D,0,NA,NA,NA,NA,Y,NA,-,-,0,0,1,0,0,0,0,0,0,-,-,33.935489654541016,-117.2236099243164,RIVERSIDE,MORENO VALLEY,-117.2231903076172,33.935428619384766
84696768,2025,2025-05-22,3315,2025-05-15,1716,005122,NA,4,5,6,3315,0,0,0,NA,0,004,MAIN ST,CITRUS WY,72,S,N,A,-,N,NA,NA,NA,NA,NA,NA,NA,NA,NA,Y,4,0,1,2,A,-,03,22350,NA,N,C,C,A,A,H,-,A,A,0,NA,NA,NA,NA,Y,NA,A,07,0,0,1,0,0,0,0,0,0,-,-,NA,NA,RIVERSIDE,CORONA,-117.57054138183594,33.84861373901367
8469820,2017,2017-10-25,3313,2017-10-05,0750,1389,4,4,5,7,3313,0,0,0,NA,0,T53,LA SIERRA AV,INDIANA AV,0,NA,Y,A,-,N,NA,NA,NA,NA,NA,NA,NA,NA,NA,N,4,0,1,2,A,-,03,22350,NA,N,C,C,A,A,H,-,A,A,0,NA,NA,NA,NA,Y,NA,D,22,0,0,1,0,0,0,0,0,0,-,-,33.89705,-117.47109,RIVERSIDE,RIVERSIDE,-117.47117008,33.89720005
84698357,2025,2025-05-23,3300,2025-05-09,1324,6283,NA,5,5,2,3336,0,0,0,NA,0,NA,CHERRY VALLEY BLVD,DESERT LAWN DR,0,NA,Y,A,-,N,NA,NA,NA,NA,NA,NA,NA,NA,NA,N,2,0,1,2,A,-,05,21651,B,N,G,B,B,A,H,-,A,A,0,Y,NA,NA,NA,Y,NA,A,01,1,0,0,0,1,0,0,0,0,-,-,33.96458053588867,-117.03846740722656,RIVERSIDE,CALIMESA,-117.03836822509766,33.964595794677734
8469891,2017,2018-06-18,3308,2017-09-21,1838,10620,517,4,5,5,3308,0,0,0,NA,0,NORTH,FLORIDA AV,BUENA VISTA ST,0,NA,Y,A,-,Y,RIV,8,74,-,-,40.837,I,5,W,Y,4,0,1,2,A,-,12,21453,A,N,D,C,A,A,H,-,A,A,0,NA,NA,NA,NA,Y,NA,A,01,0,0,1,0,0,0,0,0,0,-,-,33.74759,-116.96739,RIVERSIDE,HEMET,-116.96736377,33.74763061
84704374,2025,2025-05-29,3300,2025-05-13,728,4695,NA,2,5,6,3394,0,0,0,NA,0,MV28,DRACAEA AVE,NINEBARK ST,0,NA,Y,A,-,N,NA,NA,NA,NA,NA,NA,NA,NA,NA,Y,4,0,1,2,A,-,09,21802,A,N,D,C,A,A,H,-,A,A,0,NA,NA,NA,NA,Y,NA,A,01,0,0,1,0,0,0,0,0,0,-,-,33.928218841552734,-117.21224975585938,RIVERSIDE,MORENO VALLEY,-117.21232604980467,33.92818069458008
84704382,2025,2025-06-04,3300,2025-05-27,1841,5680,NA,2,5,6,3394,0,0,0,NA,0,MV46,GILMAN SPRINGS RD,VIRGINIA ST,0,NA,Y,A,-,N,NA,NA,NA,NA,NA,NA,NA,NA,NA,N,4,0,2,2,A,-,09,21801,A,N,D,C,A,A,H,-,A,D,0,NA,NA,NA,NA,Y,NA,D,22,0,0,2,0,0,0,0,0,0,-,-,33.92863845825195,-117.12127685546876,RIVERSIDE,MORENO VALLEY,-117.12123107910156,33.92861557006836
84705970,2025,2025-05-30,3300,2025-05-16,1955,6064,NA,5,5,6,3345,0,0,0,NA,0,026,LIMONITE AV,WINEVILLE AV,0,NA,Y,A,-,N,NA,NA,NA,NA,NA,NA,NA,NA,NA,Y,3,0,1,2,C,-,18,NA,NA,N,B,C,A,A,H,-,B,A,0,NA,NA,NA,NA,Y,NA,-,-,0,1,0,0,0,0,0,0,0,-,-,33.97465896606445,-117.54013824462892,RIVERSIDE,JURUPA VALLEY,-117.54064178466795,33.975250244140625
84706711,2025,2025-05-30,3349,2025-05-14,859,331,NA,3,5,5,3341,0,0,0,NA,0,001,HWY 74,WATSON RD,1190,W,N,A,-,Y,NA,NA,NA,NA,NA,NA,NA,NA,NA,Y,3,0,3,2,A,-,03,22350,NA,N,C,C,A,A,H,-,A,A,0,NA,NA,NA,NA,Y,NA,A,01,0,2,1,0,0,0,0,0,0,-,-,NA,NA,RIVERSIDE,MENIFEE,-117.18555450439452,33.75204849243164
84707988,2024,2025-06-02,3308,2024-11-08,2226,10877,NA,5,5,5,3308,0,0,0,NA,0,SOUTH,STETSON AVE,VIA DEL ECO,0,NA,Y,A,-,N,NA,NA,NA,NA,NA,NA,NA,NA,NA,Y,1,1,0,2,A,-,09,21801,A,N,D,C,A,A,H,-,C,A,0,NA,NA,Y,NA,Y,NA,D,22,0,0,0,0,0,0,0,1,0,-,-,33.72938919067383,-116.96642303466795,RIVERSIDE,HEMET,-116.96634674072266,33.72944259643555
84708892,2025,2025-06-02,3342,2025-05-16,806,P1288,NA,5,5,4,3342,0,0,0,NA,0,003,WHITEWOOD RD,KELLER RD,0,NA,Y,A,-,N,NA,NA,NA,NA,NA,NA,NA,NA,NA,N,4,0,1,2,A,-,12,21453,A,N,D,C,A,A,H,-,A,A,0,NA,NA,NA,NA,Y,NA,A,07,0,0,1,0,0,0,0,0,0,-,-,33.6269416809082,-117.15817260742188,RIVERSIDE,MURRIETA,-117.15821075439452,33.62693405151367
84710435,2025,2025-06-03,3300,2025-05-10,1742,4024,NA,6,5,4,3307,0,0,0,NA,0,092,FRANKLIN ST,AUTO CENTER DR,0,NA,Y,A,-,N,NA,NA,NA,NA,NA,NA,NA,NA,NA,Y,4,0,1,4,A,-,01,23153,A,N,D,C,A,A,H,-,A,A,0,NA,NA,NA,NA,Y,Y,D,22,0,0,1,0,0,0,0,0,0,-,-,33.668479919433594,-117.30890655517578,RIVERSIDE,LAKE ELSINORE,-117.30876159667967,33.66836929321289
84710441,2025,2025-06-03,3300,2025-05-20,1500,6171,NA,2,5,4,3307,0,0,0,NA,0,NA,CANYON HILLS RD,RAILROAD CANYON RD,207,S,N,A,-,N,NA,NA,NA,NA,NA,NA,NA,NA,NA,N,3,0,1,2,A,-,12,22450,A,N,D,G,A,A,H,-,A,A,0,NA,Y,NA,NA,Y,NA,A,01,0,1,0,0,0,0,1,0,0,-,-,33.668460845947266,-117.26376342773438,RIVERSIDE,LAKE ELSINORE,-117.26335906982422,33.66810989379883
84710679,2025,2025-06-03,3300,2025-05-26,2210,6229,NA,1,5,3,3305,0,0,0,NA,0,Y80,48TH AV,CALHOUN ST,0,NA,Y,A,-,N,NA,NA,NA,NA,NA,NA,NA,NA,NA,N,2,0,2,2,A,-,01,23152,E,N,B,C,A,A,H,-,C,A,0,NA,NA,NA,NA,Y,NA,A,01,1,1,0,0,0,0,0,0,0,-,-,33.700340270996094,-116.20767974853516,RIVERSIDE,COACHELLA,-116.20768737792967,33.70033645629883
84715322,2025,2025-06-06,3300,2025-05-23,2054,N8178,NA,5,5,4,3344,0,0,0,NA,0,064,CHANDLER ST,WATERLINE RD,0,NA,Y,A,-,N,NA,NA,NA,NA,NA,NA,NA,NA,NA,Y,3,0,1,2,A,-,09,21804,A,N,D,C,A,A,H,-,C,D,0,NA,NA,NA,NA,Y,NA,A,01,0,1,0,0,0,0,0,0,0,-,-,33.94622039794922,-117.59056854248048,RIVERSIDE,EASTVALE,-117.59063720703124,33.9463005065918
84718207,2025,2025-06-09,3309,2025-02-05,1159,W2011,NA,3,5,4,3309,0,0,0,NA,0,005,JEFFERSON ST,AVENUE 42,10,N,N,A,-,N,NA,NA,NA,NA,NA,NA,NA,NA,NA,Y,3,0,2,2,A,-,12,21453,A,N,D,C,A,A,H,-,A,A,0,NA,NA,NA,NA,Y,NA,A,01,0,1,1,0,0,0,0,0,0,-,-,33.75043869018555,-116.26898193359376,RIVERSIDE,INDIO,-116.26486206054688,33.740962982177734
84718254,2025,2025-06-09,3309,2025-03-07,701,W2211,NA,5,5,4,3309,0,0,0,NA,0,004,AVENUE 48,SHIELDS RD,50,E,N,A,-,N,NA,NA,NA,NA,NA,NA,NA,NA,NA,N,3,0,1,2,A,-,09,21801,A,N,D,C,A,A,H,-,A,A,0,NA,NA,NA,NA,Y,NA,A,01,0,1,0,0,0,0,0,0,0,-,-,NA,NA,RIVERSIDE,INDIO,-116.25982666015624,33.70000076293945
84718265,2025,2025-06-09,3309,2025-03-22,1828,W2302,NA,6,5,4,3309,0,0,0,NA,0,004,AVENUE 50,MADISON ST,0,NA,Y,A,-,N,NA,NA,NA,NA,NA,NA,NA,NA,NA,N,4,0,1,2,A,-,03,22350,NA,M,C,C,A,A,H,-,A,A,0,NA,NA,NA,NA,Y,NA,A,07,0,0,1,0,0,0,0,0,0,-,-,33.685340881347656,-116.25128936767578,RIVERSIDE,INDIO,-116.2518310546875,33.68535232543945
84719020,2025,2025-06-10,3300,2025-05-29,1429,5212,NA,4,5,4,3344,0,0,0,NA,0,064,RIVER RD,ARCHIBALD AV (S),0,NA,Y,A,-,N,NA,NA,NA,NA,NA,NA,NA,NA,NA,Y,4,0,2,3,A,-,08,22100,B,F,B,C,A,A,H,-,A,A,0,NA,NA,NA,NA,Y,NA,A,01,0,0,2,0,0,0,0,0,0,-,-,33.92771911621094,-117.59986114501952,RIVERSIDE,EASTVALE,-117.59996032714844,33.927589416503906
84719421,2025,2025-06-10,3315,2025-06-06,946,004163,NA,5,5,6,3315,0,0,0,NA,0,003,RIMPAU AV,MAGNOLIA AV,0,NA,Y,A,-,N,NA,NA,NA,NA,NA,NA,NA,NA,NA,N,4,0,1,2,A,-,03,22350,NA,N,C,C,A,A,H,-,A,A,0,NA,NA,NA,NA,Y,NA,A,01,0,0,1,0,0,0,0,0,0,-,-,NA,NA,RIVERSIDE,CORONA,-117.544677734375,33.86454391479492
84722448,2025,2025-06-12,3300,2025-06-06,1817,5783,NA,5,5,4,3344,0,0,0,NA,0,060,HAMNER AV,SAMANTHA DR.,31,W,N,A,-,N,NA,NA,NA,NA,NA,NA,NA,NA,NA,Y,4,0,1,2,A,-,09,21801,A,N,D,C,A,A,H,-,A,A,0,NA,NA,NA,NA,Y,NA,D,22,0,0,1,0,0,0,0,0,0,-,-,NA,NA,RIVERSIDE,EASTVALE,-117.55828857421876,34.01334762573242
84722510,2025,2025-06-12,3300,2025-06-10,944,N1673,NA,2,5,4,3318,0,0,0,NA,0,T30,HWY 111,FRED WARING DR,68,N,N,A,-,N,NA,NA,NA,NA,NA,NA,NA,NA,NA,N,4,0,2,2,A,-,04,21703,NA,N,C,C,A,A,H,-,A,A,0,NA,NA,NA,Y,Y,NA,A,01,0,0,2,0,0,0,0,0,0,-,-,33.72863006591797,-116.40290832519533,RIVERSIDE,PALM DESERT,-116.40294647216795,33.728851318359375
84728395,2025,2025-06-17,3315,2025-06-04,1748,005204,NA,3,5,6,3315,0,0,0,NA,0,004,GREEN RIVER RD,FRESNO RD,380,E,N,A,-,N,NA,NA,NA,NA,NA,NA,NA,NA,NA,Y,3,0,1,1,A,-,03,22350,NA,N,E,I,A,A,H,-,A,D,0,NA,NA,NA,NA,Y,NA,A,07,0,1,0,0,0,0,0,0,0,-,-,33.877830505371094,-117.65632629394533,RIVERSIDE,CORONA,-117.65526580810548,33.87769317626953
8473070,2017,2017-11-21,3308,2017-08-07,1409,10627,517,1,5,5,3308,0,0,0,NA,0,NORTH,STATE ST,LATHAM AV,207,S,N,A,-,N,NA,NA,NA,NA,NA,NA,NA,NA,NA,Y,4,0,1,3,A,-,03,22350,NA,N,C,C,A,A,H,-,A,A,0,NA,NA,NA,NA,Y,NA,D,22,0,0,1,0,0,0,0,0,0,-,-,33.7493,-116.9717,RIVERSIDE,HEMET,-116.97173473,33.74878316
84731209,2025,2025-06-19,3300,2025-06-14,702,3552,NA,6,5,4,3312,0,0,0,NA,0,031,RAMONA EXPRESSWAY,WEBSTER AV,0,NA,Y,A,-,N,NA,NA,NA,NA,NA,NA,NA,NA,NA,Y,3,0,1,2,A,-,08,22107,NA,N,D,C,A,A,H,-,A,A,0,NA,NA,NA,Y,Y,NA,G,27,0,1,0,0,0,0,0,0,0,-,-,33.84471893310547,-117.24378204345705,RIVERSIDE,PERRIS,-117.24382781982422,33.84457015991211
84736905,2025,2025-06-24,3315,2025-06-20,1704,005502,NA,5,5,6,3315,0,0,0,NA,0,002,MAGNOLIA AV,MCKINLEY ST (N),258,E,N,A,-,N,NA,NA,NA,NA,NA,NA,NA,NA,NA,Y,4,0,2,4,A,-,01,23152,A,F,C,C,A,A,D,-,A,A,0,NA,NA,NA,NA,Y,Y,A,01,0,0,2,0,0,0,0,0,0,-,-,33.88190841674805,-117.51431274414063,RIVERSIDE,CORONA,-117.51360321044922,33.88236999511719
84738288,2025,2025-06-25,3300,2025-06-24,929,4867,NA,2,5,6,3394,0,0,0,NA,0,MV42,NASON ST,SH-60 EBOFF/R,0,NA,Y,B,-,N,NA,NA,NA,NA,NA,NA,NA,NA,NA,Y,3,0,2,2,A,-,12,21453,A,N,D,C,A,A,H,-,A,A,0,NA,NA,NA,NA,Y,NA,A,07,0,1,1,0,0,0,0,0,0,-,-,33.93806838989258,-117.19126892089844,RIVERSIDE,MORENO VALLEY,-117.191581,33.938607
84741487,2025,2025-06-27,3309,2025-05-31,1803,W2302,NA,6,5,4,3309,0,0,0,NA,0,004,MONROE ST,AVENUE 50,0,NA,Y,A,-,N,NA,NA,NA,NA,NA,NA,NA,NA,NA,N,3,0,2,2,A,-,12,21453,A,N,D,C,A,A,H,-,A,A,0,NA,NA,NA,NA,Y,NA,A,01,0,2,0,0,0,0,0,0,0,-,-,NA,NA,RIVERSIDE,INDIO,-116.2339324951172,33.68535232543945
84742703,2025,2025-06-30,3309,2025-06-10,2032,W2113,NA,2,5,4,3309,0,0,0,NA,0,001,ARABIA ST,HIGHWAY 111,10,N,N,A,-,N,NA,NA,NA,NA,NA,NA,NA,NA,NA,Y,4,0,1,2,D,-,00,NA,NA,N,D,C,A,A,H,-,C,A,0,NA,NA,NA,NA,Y,NA,-,-,0,0,1,0,0,0,0,0,0,-,-,33.71487045288086,-116.22503662109376,RIVERSIDE,INDIO,-116.22508239746094,33.71493911743164
84742713,2025,2025-06-30,3300,2025-02-08,2039,5836,NA,6,5,6,3345,0,0,0,NA,0,016,RIVERVIEW DR,RIO RD,600,S,N,A,-,N,NA,NA,NA,NA,NA,NA,NA,NA,NA,Y,1,1,0,1,A,-,01,23152,A,N,E,J,A,A,H,-,D,D,0,NA,NA,NA,NA,Y,NA,A,01,0,0,0,0,0,0,0,0,0,-,-,33.98041915893555,-117.42523956298828,RIVERSIDE,JURUPA VALLEY,-117.42688751220705,33.980743408203125
84742954,2025,2025-06-30,3342,2025-05-09,1447,P1098,NA,5,5,4,3342,0,0,0,NA,0,005,MURRIETA HOT SPRINGS RD,JACKSON AVE,167,E,N,A,-,N,NA,NA,NA,NA,NA,NA,NA,NA,NA,Y,4,0,1,2,A,-,03,22350,NA,N,C,C,A,A,H,-,A,A,0,NA,NA,NA,NA,Y,NA,A,01,0,0,1,0,0,0,0,0,0,-,-,33.555850982666016,-117.17282104492188,RIVERSIDE,MURRIETA,-117.18635559082033,33.55537033081055
84743599,2025,2025-06-30,3342,2025-05-28,1643,P1321,NA,3,5,4,3342,0,0,0,NA,0,001,HAYES AVE,SAUTERNES LN,0,NA,Y,A,-,N,NA,NA,NA,NA,NA,NA,NA,NA,NA,N,4,0,2,2,A,-,12,22450,A,N,D,G,A,A,H,-,A,A,0,NA,Y,NA,NA,Y,NA,L,04,0,0,2,0,0,0,2,0,0,-,-,33.55818176269531,-117.23075103759766,RIVERSIDE,MURRIETA,-117.23089599609376,33.558109283447266
84748543,2025,2025-07-07,3300,2025-06-19,725,6162,NA,4,5,4,3307,0,0,0,NA,0,095,SH 74,RIVERSIDE ST,0,NA,Y,A,-,N,NA,NA,NA,NA,NA,NA,NA,NA,NA,Y,2,0,7,2,A,-,12,21453,A,N,D,C,A,A,H,-,A,A,0,NA,NA,NA,NA,Y,NA,A,08,2,5,0,0,0,0,0,0,0,-,-,33.71232986450195,-117.3118896484375,RIVERSIDE,LAKE ELSINORE,NA,NA
84748559,2025,2025-07-07,3300,2025-06-18,1400,N7982,NA,3,5,6,3394,0,0,0,NA,0,MV38,PERRIS BLVD,IRIS AVE,249,S,N,A,-,N,NA,NA,NA,NA,NA,NA,NA,NA,NA,N,4,0,1,2,A,-,09,21804,A,N,D,C,A,A,H,-,A,D,0,NA,NA,NA,NA,Y,NA,A,01,0,0,1,0,0,0,0,0,0,-,-,33.88833999633789,-117.22621917724608,RIVERSIDE,MORENO VALLEY,-117.22630310058594,33.88772964477539
84750221,2024,2025-07-07,3300,2024-10-22,2200,6105,NA,2,5,3,3392,0,0,0,NA,0,LA41,ADAMS ST,HWY 111,0,NA,Y,A,-,N,NA,NA,NA,NA,NA,NA,NA,NA,NA,Y,4,0,1,2,A,-,09,21453,C,N,A,C,A,A,H,-,C,A,0,NA,NA,NA,NA,Y,NA,A,01,0,0,1,0,0,0,0,0,0,-,-,33.70820999145508,-116.28616333007813,RIVERSIDE,LA QUINTA,-116.28619384765624,33.708412170410156
84752577,2025,2025-07-08,3300,2025-07-03,2131,6514,NA,4,5,4,3344,0,0,0,NA,0,064,CHANDLER ST,ARCHIBALD AV,0,NA,Y,A,-,N,NA,NA,NA,NA,NA,NA,NA,NA,NA,Y,4,0,2,2,A,-,12,21453,A,N,D,D,A,A,H,-,C,A,0,NA,NA,NA,NA,Y,NA,A,07,0,0,2,0,0,0,0,0,0,-,-,33.94623947143555,-117.59307098388672,RIVERSIDE,EASTVALE,-117.59314727783205,33.94617462158203
8475267,2017,2017-12-07,3311,2017-10-27,2206,15931,3311,5,5,4,3311,0,0,0,NA,0,003,S INDIAN CANYON DR,EAST RAMON RD,0,NA,Y,A,-,N,NA,NA,NA,NA,NA,NA,NA,NA,NA,Y,2,0,4,6,A,-,01,23152,A,N,D,C,F,A,H,-,C,A,0,Y,NA,NA,NA,Y,Y,A,01,1,2,1,0,1,0,0,0,0,-,-,NA,NA,RIVERSIDE,PALM SPRINGS,-116.54557012,33.81583006
8475655,2017,2017-12-02,3311,2017-10-27,2235,16067,3311,5,5,4,3311,0,0,0,NA,0,005,SOUTH PALM CANYON DR,MORONGO RD,114,S,N,A,-,N,NA,NA,NA,NA,NA,NA,NA,NA,NA,Y,4,0,1,2,A,-,01,23152,A,N,D,C,A,A,H,-,D,A,0,NA,NA,NA,NA,Y,Y,A,07,0,0,1,0,0,0,0,0,0,-,-,NA,NA,RIVERSIDE,PALM SPRINGS,-116.54562,33.80551798
84767377,2025,2025-07-18,3300,2025-07-09,1456,N8467,NA,3,5,6,3394,0,0,0,NA,0,MV16,PERRIS BLVD,60 FWY,0,NA,Y,A,-,N,NA,NA,NA,NA,NA,NA,NA,NA,NA,N,4,0,1,2,A,-,12,22450,A,F,G,B,B,A,H,-,A,A,0,Y,NA,NA,NA,Y,Y,-,99,0,0,1,0,1,0,0,0,0,-,-,NA,NA,RIVERSIDE,MORENO VALLEY,-117.26747131347656,33.94068145751953
8476775,2017,2017-10-20,3300,2017-09-15,1427,3536,601E5,5,5,6,3394,0,0,0,NA,0,MV16,PERRIS BL,IRONWOOD AV,283,N,N,A,-,N,NA,NA,NA,NA,NA,NA,NA,NA,NA,N,4,0,1,2,A,-,09,21801,A,N,D,C,A,A,H,-,A,D,0,NA,NA,NA,NA,Y,NA,A,01,0,0,1,0,0,0,0,0,0,-,-,33.94666,-117.22651,RIVERSIDE,MORENO VALLEY,-117.22647082,33.94744447
84771227,2025,2025-07-22,3300,2025-07-10,1759,4673,NA,4,5,4,3344,0,0,0,NA,0,062,BELLEGRAVE AV,SCHOLAR WAY,0,NA,Y,A,-,N,NA,NA,NA,NA,NA,NA,NA,NA,NA,Y,2,0,2,2,A,-,08,22107,NA,N,A,C,A,A,H,-,A,A,0,NA,NA,NA,NA,Y,NA,A,01,2,0,0,0,0,0,0,0,0,-,-,NA,NA,RIVERSIDE,EASTVALE,NA,NA
8477526,2017,2017-11-08,3313,2017-10-17,0745,1686,4,2,5,7,3313,0,0,0,NA,0,T58,JACKSON ST,LINCOLN AV,319,N,N,A,-,N,NA,NA,NA,NA,NA,NA,NA,NA,NA,Y,4,0,2,2,A,-,08,22107,NA,N,D,C,A,A,H,-,A,D,0,NA,NA,NA,NA,Y,NA,A,01,0,0,2,0,0,0,0,0,0,-,-,33.91211,-117.42875,RIVERSIDE,RIVERSIDE,-117.42954912,33.91283301
84776351,2025,2025-07-25,3300,2025-07-21,1736,5779,NA,1,5,6,3394,0,0,0,NA,0,MV36,KITCHING ST,BRODIAEA AVE,40,S,N,A,-,N,NA,NA,NA,NA,NA,NA,NA,NA,NA,N,4,0,1,2,A,-,03,22350,NA,F,C,C,A,A,H,-,A,A,0,NA,NA,NA,NA,Y,NA,A,01,0,0,1,0,0,0,0,0,0,-,-,33.94350051879883,-117.21749877929688,RIVERSIDE,MORENO VALLEY,-117.21737670898438,33.91353225708008
8477705,2017,2017-11-29,3300,2017-10-02,1720,3613,506A,1,5,5,3341,0,0,0,NA,0,056,NEWPORT RD,AVENIDA CORTEZ,36,E,N,A,-,N,NA,NA,NA,NA,NA,NA,NA,NA,NA,Y,3,0,2,4,A,-,03,22350,NA,N,C,C,A,A,H,-,A,A,0,NA,NA,NA,NA,Y,NA,A,01,0,1,1,0,0,0,0,0,0,-,-,33.68525,-117.17974,RIVERSIDE,MENIFEE,-117.17962204,33.68503
84778593,2025,2025-07-28,3308,2025-06-08,1849,11046,NA,7,5,5,3308,0,0,0,NA,0,SOUTH,STATE ST,WHITTIER AVE,0,NA,Y,A,-,N,NA,NA,NA,NA,NA,NA,NA,NA,NA,Y,3,0,1,1,A,-,03,22350,NA,N,E,I,A,A,H,-,A,A,0,NA,NA,NA,NA,Y,NA,A,01,0,1,0,0,0,0,0,0,0,-,-,33.73662185668945,-116.9715576171875,RIVERSIDE,HEMET,-116.97161865234376,33.73665237426758
84778627,2025,2025-07-28,3308,2025-07-15,1655,11046,NA,2,5,5,3308,0,0,0,NA,0,NORTH,LATHAM AVE,RAMONA ST,0,NA,Y,A,-,N,NA,NA,NA,NA,NA,NA,NA,NA,NA,Y,3,0,2,2,A,-,09,21802,A,N,D,C,A,A,H,-,A,A,0,NA,NA,NA,NA,Y,NA,A,01,0,2,0,0,0,0,0,0,0,-,-,NA,NA,RIVERSIDE,HEMET,-116.97492218017578,33.74934387207031
8477961,2017,2017-11-01,3313,2017-09-21,0742,1686,3,4,5,7,3313,0,0,0,NA,0,T58,CHICAGO AV,KESWICK AV,0,NA,Y,A,B,N,NA,NA,NA,NA,NA,NA,NA,NA,NA,Y,4,0,1,2,A,-,09,21802,A,N,D,C,A,A,H,-,A,A,0,NA,NA,NA,NA,Y,NA,A,01,0,0,1,0,0,0,0,0,0,-,-,33.94534,-117.35147,RIVERSIDE,RIVERSIDE,-117.35123011,33.945470040000004
84782046,2025,2025-07-30,3300,2025-05-24,1338,3618,NA,6,5,4,3314,0,0,0,NA,0,072,STATE ST,VILLAGE AT SAN JACINTO,8,S,N,A,-,N,NA,NA,NA,NA,NA,NA,NA,NA,NA,N,4,0,1,2,A,-,12,21453,A,N,D,G,A,A,H,-,A,A,0,NA,Y,NA,NA,Y,NA,L,04,0,0,1,0,0,0,1,0,0,-,-,NA,NA,RIVERSIDE,SAN JACINTO,-116.97126770019533,33.68990707397461
84782329,2025,2025-07-30,3315,2025-07-14,1501,004546,NA,1,5,6,3315,0,0,0,NA,0,004,GREEN RIVER RD,91 WB ON RAMP,0,NA,Y,A,-,N,NA,NA,NA,NA,NA,NA,NA,NA,NA,N,4,0,1,2,A,-,12,21453,A,N,D,C,A,A,H,-,A,A,0,NA,NA,NA,NA,Y,NA,D,22,0,0,1,0,0,0,0,0,0,-,-,NA,NA,RIVERSIDE,CORONA,-117.658617,33.878922
84782342,2025,2025-07-30,3315,2025-07-28,1756,004546,NA,1,5,6,3315,0,0,0,NA,0,003,VIA MIGUEL ST,VIA GALICIA ST,0,NA,Y,A,-,N,NA,NA,NA,NA,NA,NA,NA,NA,NA,N,3,0,1,2,A,-,03,22350,NA,N,C,E,A,A,H,-,A,D,0,NA,NA,NA,NA,Y,NA,M,91,0,1,0,0,0,0,0,0,0,-,-,33.82014846801758,-117.5470733642578,RIVERSIDE,CORONA,-117.54703521728516,33.82008361816406
84785557,2025,2025-08-01,3342,2025-07-01,1049,P898,NA,2,5,4,3342,0,0,0,NA,0,006,MURRIETA HOT SPRINGS RD,MARGARITA RD,352,E,N,A,-,N,NA,NA,NA,NA,NA,NA,NA,NA,NA,N,3,0,1,2,A,-,09,21804,A,N,D,G,A,A,H,-,A,D,0,NA,Y,NA,NA,Y,NA,M,91,0,1,0,0,0,0,1,0,0,-,-,33.55651092529297,-117.15705871582033,RIVERSIDE,MURRIETA,-117.15597534179688,33.556297302246094