CASE_ID,ACCIDENT_YEAR,PROC_DATE,JURIS,COLLISION_DATE,COLLISION_TIME,OFFICER_ID,REPORTING_DISTRICT,DAY_OF_WEEK,CHP_SHIFT,POPULATION,CNTY_CITY_LOC,SPECIAL_COND,BEAT_TYPE,CHP_BEAT_TYPE,CITY_DIVISION_LAPD,CHP_BEAT_CLASS,BEAT_NUMBER,PRIMARY_RD,SECONDARY_RD,DISTANCE,DIRECTION,INTERSECTION,WEATHER_1,WEATHER_2,STATE_HWY_IND,CALTRANS_COUNTY,CALTRANS_DISTRICT,STATE_ROUTE,ROUTE_SUFFIX,POSTMILE_PREFIX,POSTMILE,LOCATION_TYPE,RAMP_INTERSECTION,SIDE_OF_HWY,TOW_AWAY,COLLISION_SEVERITY,NUMBER_KILLED,NUMBER_INJURED,PARTY_COUNT,PRIMARY_COLL_FACTOR,PCF_CODE_OF_VIOL,PCF_VIOL_CATEGORY,PCF_VIOLATION,PCF_VIOL_SUBSECTION,HIT_AND_RUN,TYPE_OF_COLLISION,MVIW,PED_ACTION,ROAD_SURFACE,ROAD_COND_1,ROAD_COND_2,LIGHTING,CONTROL_DEVICE,CHP_ROAD_TYPE,PEDESTRIAN_ACCIDENT,BICYCLE_ACCIDENT,MOTORCYCLE_ACCIDENT,TRUCK_ACCIDENT,NOT_PRIVATE_PROPERTY,ALCOHOL_INVOLVED,STWD_VEHTYPE_AT_FAULT,CHP_VEHTYPE_AT_FAULT,COUNT_SEVERE_INJ,COUNT_VISIBLE_INJ,COUNT_COMPLAINT_PAIN,COUNT_PED_KILLED,COUNT_PED_INJURED,COUNT_BICYCLIST_KILLED,COUNT_BICYCLIST_INJURED,COUNT_MC_KILLED,COUNT_MC_INJURED,PRIMARY_RAMP,SECONDARY_RAMP,LATITUDE,LONGITUDE,COUNTY,CITY,POINT_X,POINT_Y
90687176,2018,2018-03-21,9685,2018-03-11,1220,015906,NA,7,1,5,3335,0,1,1,NA,2,030,I-15 SOUTHBOUND,OVERLAND AVENUE O/C,608,S,N,A,-,Y,NA,NA,15,NA,NA,NA,NA,NA,S,Y,4,0,5,3,A,-,03,22350,NA,N,C,C,A,A,H,-,A,D,0,NA,NA,NA,NA,Y,NA,D,22,0,0,5,0,0,0,0,0,0,-,-,33.516448974609375,-117.15904998779295,RIVERSIDE,TEMECULA,-117.15911102294922,33.51641082763672
90687178,2018,2018-03-21,9685,2018-03-11,1550,016944,NA,7,2,9,3300,0,1,1,NA,2,034,I-215 S/B,KELLER RD.,430,S,N,A,-,Y,NA,NA,215,NA,NA,NA,NA,NA,S,Y,3,0,1,1,A,-,08,22107,NA,N,F,A,A,A,H,-,A,D,0,NA,NA,NA,NA,Y,NA,A,01,0,1,0,0,0,0,0,0,0,-,-,33.625789642333984,-117.17144775390624,RIVERSIDE,UNINCORPORATED,-117.1712646484375,33.62578582763672
90688022,2018,2018-03-22,9840,2018-03-15,0600,017546,NA,4,1,9,3300,0,1,1,NA,2,040,I-215 S/B,HARLEY KNOX BLVD,2000,S,N,B,-,Y,NA,NA,215,NA,NA,NA,NA,NA,S,Y,4,0,2,2,A,-,03,22350,NA,N,C,C,A,B,H,-,C,D,0,NA,NA,NA,NA,Y,NA,A,07,0,0,2,0,0,0,0,0,0,-,-,33.85810089111328,-117.25789642333984,RIVERSIDE,UNINCORPORATED,-117.25791931152344,33.85809326171875
90688502,2018,2018-03-23,9840,2018-03-17,0620,017893,NA,6,1,6,3345,0,1,1,NA,2,011,I-15 S/B,CANTU GALLEANO RNCH RD,650,N,N,B,-,Y,NA,NA,NA,NA,NA,NA,NA,NA,NA,Y,4,0,1,1,A,-,03,22350,NA,N,F,A,A,B,H,-,B,D,0,NA,NA,NA,NA,Y,NA,A,01,0,0,1,0,0,0,0,0,0,-,-,33.003299713134766,-117.55139923095705,RIVERSIDE,JURUPA VALLEY,-117.55050659179688,34.003971099853516
9068902,2020,2020-10-09,3311,2020-04-09,1431,15951,NA,4,5,4,3311,0,0,0,NA,0,004,TAHQUITZ CANYON WAY,FARRELL DR,0,NA,Y,C,-,N,NA,NA,NA,NA,NA,NA,NA,NA,NA,Y,3,0,3,2,D,-,00,NA,NA,N,D,C,A,B,G,-,A,A,0,NA,NA,NA,NA,Y,NA,-,-,0,1,2,0,0,0,0,0,0,-,-,33.82320022583008,-116.51815032958984,RIVERSIDE,PALM SPRINGS,-116.5180435180664,33.82320022583008
9068916,2020,2020-10-09,3313,2020-04-17,1907,1880,5,5,5,7,3313,0,0,0,NA,0,T40,ARLINGTON AV,WESTERN AV,188,W,N,A,-,N,NA,NA,NA,NA,NA,NA,NA,NA,NA,N,3,0,1,1,A,-,01,23152,A,N,E,I,A,A,H,-,A,A,0,NA,NA,NA,NA,Y,Y,A,01,0,1,0,0,0,0,0,0,0,-,-,33.944759368896484,-117.49910736083984,RIVERSIDE,RIVERSIDE,-117.49966430664063,33.945091247558594
90690858,2018,2018-03-27,9685,2018-03-15,0905,012979,NA,4,1,4,3307,0,2,4,NA,2,016,GRAND AVE,GREGORY PLACE,25,S,N,B,-,N,NA,NA,NA,NA,NA,NA,NA,NA,NA,N,4,0,2,2,A,-,03,22350,NA,N,C,C,A,B,H,-,A,D,0,NA,NA,NA,NA,Y,NA,D,22,0,0,2,0,0,0,0,0,0,-,-,33.6260986328125,-117.3239974975586,RIVERSIDE,LAKE ELSINORE,-117.32398223876952,33.6262092590332
90691595,2018,2018-03-28,9840,2018-03-23,1408,014868,NA,5,2,7,3313,0,1,3,NA,2,010,SR-60 E/B,SANTA ANA RIVER,424,E,N,B,-,Y,NA,NA,60,NA,NA,NA,NA,NA,E,Y,4,0,4,4,A,-,03,22350,NA,N,C,C,A,A,H,-,A,D,0,NA,NA,NA,NA,Y,NA,A,07,0,0,4,0,0,0,0,0,0,-,-,34.00291061401367,-117.38044738769533,RIVERSIDE,RIVERSIDE,-117.38043975830078,34.002925872802734
90691795,2018,2018-03-28,9840,2018-03-21,1135,014497,NA,3,1,7,3313,0,1,1,NA,2,040,I-215 S/B,HARLEY KNOX BLVD,1056,N,N,B,-,Y,NA,NA,NA,NA,NA,NA,NA,NA,NA,Y,4,0,2,1,A,-,08,22107,NA,N,E,I,A,A,H,-,A,D,0,NA,NA,NA,NA,Y,NA,A,01,0,0,2,0,0,0,0,0,0,-,-,33.86473846435547,-117.2607421875,RIVERSIDE,RIVERSIDE,NA,NA
90691805,2018,2018-03-28,9840,2018-03-20,0650,014497,NA,2,1,7,3313,0,1,1,NA,2,041,I-215 N/B,PLACENTIA AVENUE,10,S,N,A,-,Y,NA,NA,NA,NA,NA,NA,NA,NA,NA,Y,4,0,1,2,A,-,03,22350,NA,N,C,C,A,A,H,-,A,D,0,NA,NA,NA,NA,Y,NA,A,01,0,0,1,0,0,0,0,0,0,-,-,33.82318115234375,-117.24112701416016,RIVERSIDE,RIVERSIDE,-117.2414093017578,33.823123931884766
9069203,2020,2020-08-12,3309,2020-04-22,1036,443,3309,3,5,4,3309,0,0,0,NA,0,005,JEFFERSON ST,AVE 42,0,NA,Y,A,-,N,NA,NA,NA,NA,NA,NA,NA,NA,NA,N,4,0,1,2,A,-,12,21453,A,N,D,C,A,A,H,-,A,A,0,NA,NA,NA,NA,Y,NA,A,01,0,0,1,0,0,0,0,0,0,-,-,NA,NA,RIVERSIDE,INDIO,-116.26487731933594,33.74094009399414
9069252,2020,2020-07-21,3300,2020-04-21,1047,N6519,602D2,2,5,6,3394,0,0,0,NA,0,MV26,INDIAN ST,ATWOOD AV,0,NA,Y,A,-,N,NA,NA,NA,NA,NA,NA,NA,NA,NA,NA,3,0,1,2,A,-,09,21802,A,M,D,C,A,A,H,-,A,D,0,NA,NA,NA,NA,Y,NA,A,01,0,1,0,0,0,0,0,0,0,-,-,33.92998123168945,-117.2350616455078,RIVERSIDE,MORENO VALLEY,-117.23503112792967,33.92995834350586
9069495,2020,2020-07-09,3325,2020-03-24,1940,546C,NA,2,5,4,3325,0,0,0,NA,0,002,RAMON RD,DAVALL DR,0,W,N,A,-,N,NA,NA,NA,NA,NA,NA,NA,NA,NA,Y,2,0,1,2,A,-,09,21804,NA,F,D,C,A,A,H,-,C,A,0,NA,NA,NA,NA,Y,NA,A,01,1,0,0,0,0,0,0,0,0,-,-,NA,NA,RIVERSIDE,CATHEDRAL CITY,-116.44068145751952,33.8160514831543
90696300,2018,2018-04-02,9660,2018-03-24,0220,021562,NA,6,3,9,3300,0,1,1,NA,2,032,ARROWHEAD BLVD,11TH ST.,0,NA,Y,A,-,N,NA,NA,NA,NA,NA,NA,NA,NA,NA,Y,3,0,2,1,A,-,01,23152,A,N,E,I,A,A,H,-,D,A,0,NA,NA,NA,NA,Y,Y,A,01,0,2,0,0,0,0,0,0,0,-,-,33.62453079223633,-114.6407470703125,RIVERSIDE,UNINCORPORATED,-114.64076995849608,33.624481201171875
9069768,2020,2020-07-22,3309,2020-04-11,2301,162,3309,6,5,4,3309,0,0,0,NA,0,002,AVE 44,GOLF CENTER PKWY,0,NA,Y,A,-,N,NA,NA,NA,NA,NA,NA,NA,NA,NA,Y,3,0,1,2,A,-,09,21800,A,N,B,C,A,A,H,-,C,A,0,NA,NA,NA,NA,Y,NA,A,01,0,1,0,0,0,0,0,0,0,-,-,NA,NA,RIVERSIDE,INDIO,-116.19940185546876,33.72941970825195
90698218,2018,2018-04-04,9685,2018-03-22,2144,015958,NA,4,2,5,3341,0,1,1,NA,2,034,INTERSTATE 215 NORTHBOUND,LINNEL LANE,80,S,N,C,-,Y,NA,NA,NA,NA,NA,NA,NA,NA,NA,Y,2,0,1,1,A,-,01,23152,A,N,E,I,A,B,H,-,C,D,0,NA,NA,NA,NA,Y,Y,A,01,1,0,0,0,0,0,0,0,0,-,-,33.604801177978516,-117.17133331298828,RIVERSIDE,MENIFEE,-117.17141723632813,33.60485076904297
90699799,2018,2018-04-05,9840,2018-03-29,2320,018072,NA,4,3,6,3345,0,1,3,NA,2,010,SR-60 E/B,COUNTRY VILLAGE RD,2030,W,N,A,-,Y,NA,NA,60,NA,NA,NA,NA,NA,E,Y,4,0,1,1,A,-,08,22107,NA,N,E,I,A,A,H,-,D,D,0,NA,NA,NA,NA,Y,NA,A,07,0,0,1,0,0,0,0,0,0,-,-,34.01837158203125,-117.513427734375,RIVERSIDE,JURUPA VALLEY,-117.51343536376952,34.018489837646484
90702337,2018,2018-04-10,9685,2018-04-01,0750,015295,NA,7,1,4,3312,0,1,1,NA,2,020,INTERSTATE 215 NORTHBOUND TO SR-74 WEST,REDLANDS AVENUE,35,S,N,A,-,Y,NA,NA,215,NA,NA,NA,R,NA,N,N,4,0,1,2,A,-,03,22350,NA,N,C,C,A,A,H,-,A,D,0,NA,NA,NA,NA,Y,NA,A,01,0,0,1,0,0,0,0,0,0,-,-,33.78437042236328,-117.21568298339844,RIVERSIDE,PERRIS,-117.21568298339844,33.78437042236328
90703529,2018,2018-04-11,9840,2018-04-05,1725,019813,NA,4,2,7,3313,0,1,3,NA,2,010,SR-60 E/B,MARKET ST,300,W,N,A,-,Y,NA,NA,60,NA,NA,NA,NA,NA,E,N,4,0,1,2,A,-,03,22350,NA,N,C,C,A,A,H,-,A,D,0,NA,NA,NA,NA,Y,NA,A,01,0,0,1,0,0,0,0,0,0,-,-,34.001739501953125,-117.37782287597656,RIVERSIDE,RIVERSIDE,-117.37779998779295,34.00179672241211
90704701,2018,2018-04-12,9840,2018-04-07,0620,020360,NA,6,1,9,3300,0,2,4,NA,2,045,CAJALCO RD,BROWN ST,0,NA,Y,A,-,N,NA,NA,NA,NA,NA,NA,NA,NA,NA,Y,3,0,2,3,A,-,09,21453,C,N,D,C,A,A,H,-,B,A,0,NA,NA,NA,Y,Y,NA,F,26,0,1,1,0,0,0,0,0,0,-,-,33.83707809448242,-117.29641723632813,RIVERSIDE,UNINCORPORATED,-117.29637908935548,33.83713150024414
90705912,2018,2018-04-16,9630,2018-03-18,0510,021409,NA,7,3,9,3300,0,1,1,NA,2,010,I-10 E/B,WALL RD,3696,W,N,A,-,Y,NA,NA,10,NA,NA,NA,NA,NA,E,Y,3,0,2,2,C,-,18,NA,NA,N,C,C,A,A,H,-,C,D,0,NA,NA,NA,NA,Y,NA,-,-,0,1,1,0,0,0,0,0,0,-,-,33.91135025024414,-116.59031677246094,RIVERSIDE,UNINCORPORATED,-116.59030151367188,33.91145706176758
90706926,2018,2018-04-17,9685,2018-04-15,1835,015050,NA,7,2,9,3300,0,1,3,NA,1,026,STATE ROUTE 74,VINCENT AVE.,0,NA,Y,A,-,Y,NA,NA,74,NA,NA,NA,NA,NA,NA,Y,2,0,3,1,A,-,01,23152,A,N,E,I,A,A,H,-,A,A,0,NA,NA,NA,NA,Y,Y,A,07,1,1,1,0,0,0,0,0,0,-,-,33.738651275634766,-117.09255981445313,RIVERSIDE,UNINCORPORATED,-117.09255981445313,33.73870086669922
90708420,2018,2018-04-18,9840,2018-04-07,1640,021198,NA,6,2,6,3394,0,1,3,NA,2,025,SR-60 E/B,FREDRICK ST,1920,E,N,A,-,Y,NA,NA,60,NA,NA,NA,NA,NA,E,Y,2,0,4,3,A,-,03,22350,NA,N,C,C,A,A,H,-,A,D,0,NA,NA,NA,NA,Y,NA,A,01,1,1,2,0,0,0,0,0,0,-,-,33.940799713134766,-117.25489807128906,RIVERSIDE,MORENO VALLEY,-117.25489807128906,33.94083023071289
90709946,2018,2018-04-20,9840,2018-04-07,0340,018072,NA,6,3,7,3313,0,1,3,NA,2,025,SR-60 E/B,DAY ST,455,W,N,A,-,Y,NA,NA,60,NA,NA,NA,NA,NA,E,Y,2,0,1,1,A,-,01,23152,G,N,E,I,A,A,H,-,C,D,0,NA,NA,NA,NA,Y,Y,A,07,1,0,0,0,0,0,0,0,0,-,-,33.94260025024414,-117.28048706054688,RIVERSIDE,RIVERSIDE,-117.28045654296876,33.942787170410156
9071059,2019,2020-05-13,3313,2019-12-28,2230,1026,5,6,5,7,3313,0,0,0,NA,0,T52,COLLETT AV,POLK ST,0,NA,Y,A,-,N,NA,NA,NA,NA,NA,NA,NA,NA,NA,N,4,0,1,2,A,-,12,22450,A,F,G,B,B,A,H,-,C,A,0,Y,NA,NA,NA,Y,NA,A,01,0,0,1,0,1,0,0,0,0,-,-,33.9155387878418,-117.47544097900392,RIVERSIDE,RIVERSIDE,-117.47544860839844,33.91582107543945
90712661,2018,2018-04-25,9685,2018-04-14,1030,015750,NA,6,1,4,3342,0,1,1,NA,2,030,I-15 SOUTHBOUND,I-215 SOUTHBOUND,50,N,N,A,-,Y,NA,NA,NA,NA,NA,NA,NA,NA,NA,Y,4,0,5,2,A,-,03,22350,NA,N,C,C,A,A,H,-,A,D,0,NA,NA,NA,NA,Y,NA,A,01,0,0,5,0,0,0,0,0,0,-,-,33.32564163208008,-117.10543823242188,RIVERSIDE,MURRIETA,-117.18167114257813,33.548851013183594
90713249,2018,2018-04-25,9685,2018-04-19,0640,012190,NA,4,1,4,3342,0,1,1,NA,2,030,I-15 S/B,CALIFORNIA OAKS RD.,528,S,N,A,-,Y,NA,NA,15,NA,NA,NA,NA,NA,S,N,4,0,1,2,A,-,07,21658,A,N,B,C,A,A,H,-,A,D,0,NA,NA,NA,Y,Y,NA,G,25,0,0,1,0,0,0,0,0,0,-,-,33.563358306884766,-117.20462036132813,RIVERSIDE,MURRIETA,-117.20458221435548,33.563411712646484
9071395,2020,2020-03-19,3300,2020-02-14,1902,5447,NA,5,5,6,3345,0,0,0,NA,0,NA,TROTH ST,LIMONITE AV,0,NA,Y,A,-,N,NA,NA,NA,NA,NA,NA,NA,NA,NA,N,4,0,1,2,A,-,11,21954,A,M,G,B,D,A,H,-,C,D,0,Y,NA,NA,NA,Y,Y,N,60,0,0,1,0,1,0,0,0,0,-,-,33.974639892578125,-117.35162353515624,RIVERSIDE,JURUPA VALLEY,-117.51673126220705,33.97547149658203
90716268,2018,2018-04-30,9655,2018-04-19,1120,018677,NA,4,1,9,3300,0,3,5,NA,2,002,BONITA AVE,ELM ST,500,W,N,A,-,N,NA,NA,NA,NA,NA,NA,NA,NA,NA,Y,2,0,1,2,A,-,01,23152,A,N,D,C,A,A,H,-,A,D,0,NA,NA,NA,Y,Y,Y,A,01,1,0,0,0,0,0,0,0,0,-,-,33.9144401550293,-116.75833129882813,RIVERSIDE,UNINCORPORATED,-116.75617218017578,33.91432571411133
90717270,2018,2018-10-01,9840,2018-04-23,1230,012208,NA,1,1,7,3313,0,1,3,NA,2,010,SR-60 E/B {RIVERSIDE FREEWAY},MARKET STREET,1052,W,N,B,-,Y,NA,NA,60,NA,NA,NA,NA,NA,E,Y,3,0,3,2,A,-,08,22107,NA,N,D,C,A,A,H,-,A,D,0,NA,NA,NA,NA,Y,NA,D,22,0,1,2,0,0,0,0,0,0,-,-,34.00148010253906,-117.37738800048828,RIVERSIDE,RIVERSIDE,-117.37734222412108,34.0015983581543
90717649,2018,2018-05-01,9840,2018-04-28,0650,017802,NA,6,1,4,3344,0,1,3,NA,2,010,SR-60 E/B,MILLIKEN AVE.,2100,E,N,A,-,Y,NA,NA,60,NA,NA,NA,NA,NA,E,Y,4,0,1,4,A,-,03,22350,NA,N,C,C,A,A,H,-,A,D,0,NA,NA,NA,NA,Y,NA,A,01,0,0,1,0,0,0,0,0,0,-,-,34.022159576416016,-117.5520477294922,RIVERSIDE,EASTVALE,-117.55205535888672,34.022132873535156
90718032,2018,2018-05-02,9685,2018-04-22,0405,016936,NA,7,3,4,3342,0,1,1,NA,2,034,I-215 SOUTHBOUND,CLINTON KEITH RD.,2640,S,N,A,-,Y,NA,NA,215,NA,NA,NA,NA,NA,S,Y,3,0,4,1,A,-,08,22107,NA,N,E,I,A,A,H,-,D,D,0,NA,NA,NA,NA,Y,NA,A,07,0,4,0,0,0,0,0,0,0,-,-,33.59247970581055,-117.17923736572266,RIVERSIDE,MURRIETA,-117.17919158935548,33.59244918823242
90718080,2018,2018-05-02,9655,2018-04-16,1740,018336,NA,1,2,4,3301,0,1,1,NA,2,204,I-10 WESTBOUND,SUNSET AVENUE,8976,E,N,A,-,Y,NA,NA,10,NA,NA,NA,NA,NA,W,N,3,0,1,2,A,-,13,22515,A,N,C,C,A,A,H,-,A,D,0,NA,NA,NA,NA,Y,NA,A,01,0,1,0,0,0,0,0,0,0,-,-,33.92448043823242,-116.90928649902344,RIVERSIDE,BANNING,-116.90928649902344,33.9244270324707
90719446,2018,2018-05-03,9655,2018-04-23,1045,014743,NA,1,1,9,3300,0,1,3,NA,2,212,SR-60 W/B,GILMAN SPRINGS ROAD,10560,E,N,A,-,Y,NA,NA,60,NA,NA,NA,NA,NA,W,Y,4,0,1,2,A,-,03,22350,NA,N,C,C,A,A,H,-,A,D,0,NA,NA,NA,Y,Y,NA,F,27,0,0,1,0,0,0,0,0,0,-,-,33.939849853515625,-117.09374237060548,RIVERSIDE,UNINCORPORATED,-117.09373474121094,33.939842224121094
90719673,2018,2018-05-04,9840,2018-04-28,1430,019242,NA,6,2,6,3394,0,1,3,NA,2,025,SR-60 W/B,PIGEON PASS RD,100,W,N,A,-,Y,NA,NA,60,NA,NA,NA,NA,NA,W,N,4,0,2,2,A,-,03,22350,NA,N,C,D,A,A,H,-,A,D,0,NA,NA,NA,NA,Y,NA,D,22,0,0,2,0,0,0,0,0,0,-,-,33.94089889526367,-117.26319885253906,RIVERSIDE,MORENO VALLEY,-117.26319885253906,33.94089126586914
9071970,2020,2020-05-21,3300,2020-02-17,1900,4867,602A2,1,5,6,3394,0,0,0,NA,0,MV22,EUCALYPTUS AV,ELSWORTH ST,0,NA,Y,A,-,N,NA,NA,NA,NA,NA,NA,NA,NA,NA,N,2,0,1,2,D,-,00,NA,NA,F,G,B,D,A,H,-,C,A,0,Y,NA,NA,NA,Y,NA,-,-,1,0,0,0,1,0,0,0,0,-,-,33.93191146850586,-117.2694091796875,RIVERSIDE,MORENO VALLEY,-117.26954650878906,33.93169021606445
90720667,2018,2018-05-07,9840,2018-04-17,2349,020018,NA,2,3,9,3300,0,1,1,NA,2,034,I-15 S/B,TEMESCAL CANYON RD,3168,N,N,A,-,Y,NA,NA,15,NA,NA,NA,NA,NA,S,Y,3,0,1,1,A,-,08,22107,NA,N,E,I,A,A,H,-,C,D,0,NA,NA,NA,NA,Y,NA,A,01,0,1,0,0,0,0,0,0,0,-,-,33.784488677978516,-117.492431640625,RIVERSIDE,UNINCORPORATED,-117.49233245849608,33.78456497192383
9072067,2019,2020-03-27,3313,2019-12-23,2139,1928,5,1,5,7,3313,0,0,0,NA,0,3R50,MAGNOLIA AV,HOLE AV,1000,W,N,C,-,N,NA,NA,NA,NA,NA,NA,NA,NA,NA,N,4,0,1,2,A,-,08,22107,NA,N,B,C,A,B,H,-,C,D,0,NA,NA,NA,NA,Y,NA,A,01,0,0,1,0,0,0,0,0,0,-,-,33.91426086425781,-117.4577178955078,RIVERSIDE,RIVERSIDE,-117.46051025390624,33.91252899169922
90720768,2018,2018-05-07,9840,2018-04-07,1544,017504,NA,6,2,7,3313,0,1,3,NA,2,020,SR-91 W/B TO MAGNOLIA AVE.,MAGNOLIA AVE.,240,W,N,B,-,Y,NA,NA,91,NA,NA,NA,R,NA,W,Y,3,0,1,1,C,-,18,NA,NA,N,F,A,A,A,H,-,A,D,0,NA,NA,NA,NA,Y,NA,-,-,0,1,0,0,0,0,0,0,0,-,-,33.89765930175781,-117.48802947998048,RIVERSIDE,RIVERSIDE,-117.48802947998048,33.89765930175781
90721480,2018,2018-05-07,9685,2018-04-24,1115,015295,NA,2,1,9,3300,0,3,5,NA,2,003,SAGE ROAD,EAST BENTON ROAD,5280,S,N,A,-,N,NA,NA,NA,NA,NA,NA,NA,NA,NA,Y,2,0,2,2,A,-,03,22350,NA,N,F,A,A,A,H,-,A,D,0,NA,NA,Y,NA,Y,NA,C,02,2,0,0,0,0,0,0,0,2,-,-,33.57292938232422,-116.9226531982422,RIVERSIDE,UNINCORPORATED,-116.92220306396484,33.57280349731445
90721532,2018,2018-05-07,9630,2018-04-28,1358,021882,NA,6,1,9,3300,0,1,3,NA,1,074,SR-74 E/B,CAHUILLA WAY,10560,W,N,A,-,Y,NA,NA,74,NA,NA,NA,NA,NA,E,Y,3,0,1,1,A,-,08,22107,NA,N,F,A,A,A,H,-,A,D,0,NA,NA,NA,NA,Y,NA,D,22,0,1,0,0,0,0,0,0,0,-,-,33.66611862182617,-116.40483856201172,RIVERSIDE,UNINCORPORATED,-116.4048080444336,33.6661376953125
90721592,2018,2018-05-07,9630,2018-04-28,2118,021908,NA,6,2,9,3300,0,3,5,NA,2,001,CAMINO AVENTURA,AVENIDA MONTEFLORA,0,NA,Y,A,-,N,NA,NA,NA,NA,NA,NA,NA,NA,NA,Y,2,0,3,2,A,-,01,23152,A,N,D,C,A,A,H,-,C,A,0,NA,NA,NA,NA,Y,Y,A,01,2,1,0,0,0,0,0,0,0,-,-,33.93218994140625,-116.49234008789063,RIVERSIDE,UNINCORPORATED,-116.49236297607422,33.932159423828125
90724752,2018,2018-05-11,9840,2018-05-11,0834,018248,NA,5,1,9,3300,0,3,5,NA,2,003,TEMESCAL CANYON RD,LEROY RD,200,N,N,B,-,N,NA,NA,NA,NA,NA,NA,NA,NA,NA,N,4,0,1,3,A,-,03,22350,NA,N,C,C,A,A,H,-,A,D,0,NA,NA,NA,NA,Y,NA,D,22,0,0,1,0,0,0,0,0,0,-,-,33.800941467285156,-117.50301361083984,RIVERSIDE,UNINCORPORATED,-117.50320434570313,33.80055618286133
90724812,2018,2018-05-11,9630,2018-05-03,1815,019943,NA,4,2,9,3300,0,1,1,NA,2,020,I-10 W/B,BOB HOPE DR,7920,W,N,A,-,Y,NA,NA,10,NA,NA,NA,NA,NA,W,Y,2,0,1,1,A,-,01,23152,A,N,F,A,A,A,H,-,A,D,0,NA,NA,NA,NA,Y,Y,A,07,1,0,0,0,0,0,0,0,0,-,-,33.83399963378906,-116.43190002441406,RIVERSIDE,UNINCORPORATED,-116.43197631835938,33.8338737487793
90725804,2018,2018-05-14,9685,2018-05-08,0825,015906,NA,2,1,9,3300,0,3,5,NA,2,003,WILSON VALLEY ROAD,SAGE ROAD,8976,E,N,A,-,N,NA,NA,NA,NA,NA,NA,NA,NA,NA,Y,3,0,2,1,A,-,08,22107,NA,N,F,A,A,A,H,-,A,D,0,NA,NA,NA,NA,Y,NA,A,07,0,1,1,0,0,0,0,0,0,-,-,33.52241897583008,-116.87303161621094,RIVERSIDE,UNINCORPORATED,-116.8730697631836,33.522403717041016
90726644,2018,2018-05-15,9630,2018-05-05,1714,021928,NA,6,2,9,3300,0,1,3,NA,2,014,SR-111 S/B,OVERTURE DR,1056,N,N,A,-,Y,NA,NA,111,NA,NA,NA,NA,NA,S,Y,2,0,1,1,A,-,08,22107,NA,N,F,A,A,A,H,-,A,D,0,NA,NA,NA,NA,Y,NA,A,01,1,0,0,0,0,0,0,0,0,-,-,33.89189147949219,-116.61132049560548,RIVERSIDE,UNINCORPORATED,-116.611328125,33.891876220703125
90727947,2018,2018-05-16,9655,2018-05-07,2030,018444,NA,1,2,9,3300,0,3,5,NA,2,003,ACACIA AVENUE,YALE STREET,0,NA,Y,A,-,N,NA,NA,NA,NA,NA,NA,NA,NA,NA,N,4,0,1,2,A,-,12,21453,A,F,D,G,A,A,H,-,C,A,0,NA,Y,NA,NA,Y,NA,A,01,0,0,1,0,0,0,1,0,0,-,-,33.74394989013672,-116.94989013671876,RIVERSIDE,UNINCORPORATED,-116.94992065429688,33.74401092529297
90728094,2018,2018-05-17,9840,2018-04-30,1540,017459,NA,1,2,7,3313,0,1,3,NA,2,211,SR-91 W/B,ARLINGTON AVE,10,W,N,A,-,Y,NA,NA,91,NA,NA,NA,NA,NA,W,Y,3,0,1,2,A,-,03,22350,NA,N,D,C,A,A,H,-,A,D,0,NA,NA,NA,NA,Y,NA,A,01,0,1,0,0,0,0,0,0,0,-,-,33.9463005065918,-117.3889389038086,RIVERSIDE,RIVERSIDE,-117.38893127441406,33.946285247802734
90728099,2018,2018-05-17,9655,2018-04-30,1011,019393,NA,1,1,4,3301,0,1,1,NA,2,204,I-10 W/B,MALKI ROAD,4224,W,N,B,G,Y,NA,NA,10,NA,NA,NA,NA,NA,W,Y,4,0,2,2,A,-,03,22350,NA,N,C,C,A,A,H,-,A,D,0,NA,NA,NA,NA,Y,NA,A,01,0,0,2,0,0,0,0,0,0,-,-,33.930049896240234,-116.83750152587892,RIVERSIDE,BANNING,-116.8375244140625,33.93014907836914
90730752,2018,2018-05-21,9655,2018-05-13,0555,015940,NA,7,3,3,3302,0,1,3,NA,2,212,SR-60 E/B,6TH STREET,2640,W,N,B,-,Y,NA,NA,60,NA,NA,NA,NA,NA,E,Y,4,0,1,2,A,-,03,22350,NA,N,C,C,A,A,H,-,B,D,0,NA,NA,NA,NA,Y,NA,D,22,0,0,1,0,0,0,0,0,0,-,-,33.93320083618164,-116.99685668945313,RIVERSIDE,BEAUMONT,-116.99685668945313,33.933223724365234