CASE_ID,ACCIDENT_YEAR,PROC_DATE,JURIS,COLLISION_DATE,COLLISION_TIME,OFFICER_ID,REPORTING_DISTRICT,DAY_OF_WEEK,CHP_SHIFT,POPULATION,CNTY_CITY_LOC,SPECIAL_COND,BEAT_TYPE,CHP_BEAT_TYPE,CITY_DIVISION_LAPD,CHP_BEAT_CLASS,BEAT_NUMBER,PRIMARY_RD,SECONDARY_RD,DISTANCE,DIRECTION,INTERSECTION,WEATHER_1,WEATHER_2,STATE_HWY_IND,CALTRANS_COUNTY,CALTRANS_DISTRICT,STATE_ROUTE,ROUTE_SUFFIX,POSTMILE_PREFIX,POSTMILE,LOCATION_TYPE,RAMP_INTERSECTION,SIDE_OF_HWY,TOW_AWAY,COLLISION_SEVERITY,NUMBER_KILLED,NUMBER_INJURED,PARTY_COUNT,PRIMARY_COLL_FACTOR,PCF_CODE_OF_VIOL,PCF_VIOL_CATEGORY,PCF_VIOLATION,PCF_VIOL_SUBSECTION,HIT_AND_RUN,TYPE_OF_COLLISION,MVIW,PED_ACTION,ROAD_SURFACE,ROAD_COND_1,ROAD_COND_2,LIGHTING,CONTROL_DEVICE,CHP_ROAD_TYPE,PEDESTRIAN_ACCIDENT,BICYCLE_ACCIDENT,MOTORCYCLE_ACCIDENT,TRUCK_ACCIDENT,NOT_PRIVATE_PROPERTY,ALCOHOL_INVOLVED,STWD_VEHTYPE_AT_FAULT,CHP_VEHTYPE_AT_FAULT,COUNT_SEVERE_INJ,COUNT_VISIBLE_INJ,COUNT_COMPLAINT_PAIN,COUNT_PED_KILLED,COUNT_PED_INJURED,COUNT_BICYCLIST_KILLED,COUNT_BICYCLIST_INJURED,COUNT_MC_KILLED,COUNT_MC_INJURED,PRIMARY_RAMP,SECONDARY_RAMP,LATITUDE,LONGITUDE,COUNTY,CITY,POINT_X,POINT_Y
90768881,2018,2018-07-13,9630,2018-07-06,1010,018111,NA,5,1,9,3300,0,1,1,NA,2,021,I-10 E/B,WASHINGTON STREET,1500,W,N,A,-,Y,NA,NA,10,NA,NA,NA,NA,NA,E,Y,4,0,1,1,A,-,08,22107,NA,N,E,I,A,A,H,-,A,D,0,NA,NA,NA,NA,Y,NA,A,01,0,0,1,0,0,0,0,0,0,-,-,33.761749267578125,-116.30769348144533,RIVERSIDE,UNINCORPORATED,-116.30770111083984,33.76170349121094
90770728,2018,2018-07-17,9840,2018-06-30,0340,020601,NA,6,3,6,3394,0,1,3,NA,2,025,SR-60 E/B,FREDRICK ST,200,W,N,A,-,Y,NA,NA,60,NA,NA,NA,NA,NA,E,Y,4,0,1,1,A,-,01,23152,A,N,E,I,A,A,H,-,C,D,0,NA,NA,NA,NA,Y,Y,A,01,0,0,1,0,0,0,0,0,0,-,-,33.940799713134766,-117.26229858398438,RIVERSIDE,MORENO VALLEY,-117.26229858398438,33.94070816040039
90771792,2018,2018-07-18,9655,2018-07-09,0600,015892,NA,1,1,9,3300,0,1,3,NA,1,119,STATE ROUTE 371,BURNT VALLEY ROAD (WEST),305,E,N,B,-,Y,NA,NA,371,NA,NA,NA,NA,NA,NA,Y,4,0,2,2,A,-,05,21460,A,N,A,C,A,A,H,-,A,D,0,NA,NA,NA,NA,Y,NA,A,01,0,0,2,0,0,0,0,0,0,-,-,33.55567169189453,-116.64241790771484,RIVERSIDE,UNINCORPORATED,-116.64239501953124,33.55561447143555
90774621,2018,2018-07-23,9685,2018-07-13,1750,013925,NA,5,2,5,3335,0,1,1,NA,2,030,INTERSTATE 15 NORTHBOUND,RANCHO CALIFORNIA ROAD,3168,S,N,A,-,Y,NA,NA,15,NA,NA,NA,NA,NA,N,Y,3,0,1,1,A,-,03,22350,NA,N,F,I,A,A,H,-,A,D,0,NA,NA,Y,NA,Y,NA,C,02,0,1,0,0,0,0,0,0,1,-,-,33.49409103393555,-117.14569854736328,RIVERSIDE,TEMECULA,-117.1457290649414,33.49407196044922
90775042,2017,2018-08-28,9840,2017-10-19,1125,018611,NA,4,1,9,3300,0,2,4,NA,2,045,CAJALCO ROAD,GUSTIN ROAD,755,E,N,A,-,N,NA,NA,NA,NA,NA,NA,NA,NA,NA,Y,1,2,1,1,A,-,01,23152,F,N,E,I,A,A,H,-,A,D,0,NA,NA,NA,NA,Y,NA,A,07,1,0,0,0,0,0,0,0,0,-,-,33.83602,-117.34701,RIVERSIDE,UNINCORPORATED,-117.3468414,33.83617194
90775237,2018,2018-07-24,9840,2018-06-24,2346,020102,NA,7,3,9,3300,0,3,5,NA,2,004,CAJALCO RD,LAKE MATTHEWS DR,0,NA,Y,A,-,N,NA,NA,NA,NA,NA,NA,NA,NA,NA,Y,4,0,1,2,A,-,12,22450,A,N,D,C,A,A,H,-,D,A,0,NA,NA,NA,NA,Y,NA,D,22,0,0,1,0,0,0,0,0,0,-,-,33.82583999633789,-117.41313934326172,RIVERSIDE,UNINCORPORATED,-117.4150619506836,33.82518005371094
90775747,2018,2018-07-24,9685,2018-07-15,2056,016838,NA,7,2,5,3335,0,3,5,NA,2,003,ANZA ROAD,DE PORTOLA ROAD,0,NA,Y,B,-,N,NA,NA,NA,NA,NA,NA,NA,NA,NA,Y,4,0,2,2,A,-,12,22450,A,N,A,C,A,A,H,-,D,A,0,NA,NA,NA,NA,Y,NA,A,01,0,0,2,0,0,0,0,0,0,-,-,33.49589157104492,-117.05226135253906,RIVERSIDE,TEMECULA,-117.0523681640625,33.495819091796875
90776321,2018,2018-07-25,9840,2018-07-18,0905,017882,NA,3,1,9,3300,0,2,4,NA,2,045,CAJALCO RD.,LA SIERRA AVE.,4700,W,N,A,-,N,NA,NA,NA,NA,NA,NA,NA,NA,NA,Y,2,0,6,2,A,-,08,22107,NA,N,A,C,A,A,H,-,E,D,0,NA,NA,NA,NA,Y,NA,A,01,1,1,4,0,0,0,0,0,0,-,-,33.82830810546875,-117.48829650878906,RIVERSIDE,UNINCORPORATED,-117.47314453125,33.82776641845703
90776757,2018,2018-07-26,9840,2018-07-06,0214,018072,NA,5,3,7,3313,0,1,3,NA,2,010,SR-60 E/B,RUBIDOUX BOULEVARD,50,W,N,A,-,Y,NA,NA,NA,NA,NA,NA,NA,NA,NA,Y,4,0,2,3,A,-,07,21658,A,F,C,C,A,A,H,-,D,D,0,NA,NA,NA,NA,Y,NA,A,01,0,0,2,0,0,0,0,0,0,-,-,34.00444030761719,-117.40099334716795,RIVERSIDE,RIVERSIDE,-117.40062713623048,34.004493713378906
90777545,2018,2018-07-26,9630,2018-07-17,0645,016674,NA,2,1,9,3300,0,2,S,NA,2,405,VARNER ROAD,DESERT CITIES DRIVE,0,NA,Y,A,-,N,NA,NA,NA,NA,NA,NA,NA,NA,NA,Y,3,0,1,3,A,-,12,21453,A,N,D,C,A,A,H,-,A,A,0,NA,NA,NA,Y,Y,NA,F,24,0,1,0,0,0,0,0,0,0,-,-,33.759429931640625,-116.29617309570313,RIVERSIDE,UNINCORPORATED,-116.29599761962892,33.759788513183594
90779479,2018,2018-07-30,9840,2018-07-27,0108,021218,NA,5,3,7,3313,0,1,3,NA,2,021,SR-91 E/B,MADISON ST,100,E,N,A,-,Y,NA,NA,91,NA,NA,NA,NA,NA,E,Y,2,0,3,2,A,-,01,23152,A,N,C,C,A,A,H,-,D,D,0,NA,NA,NA,NA,Y,Y,A,01,1,1,1,0,0,0,0,0,0,-,-,33.935829162597656,-117.40480041503906,RIVERSIDE,RIVERSIDE,-117.4048080444336,33.93584060668945
90779848,2018,2018-07-30,9840,2018-07-15,2037,019893,NA,7,2,6,3345,0,1,1,NA,2,011,I-15 N/B,68TH ST,2372,S,N,A,-,Y,NA,NA,15,NA,NA,NA,NA,NA,N,Y,2,0,2,1,A,-,01,23152,A,N,E,I,A,A,H,-,D,D,0,NA,NA,NA,NA,Y,Y,A,01,1,0,1,0,0,0,0,0,0,-,-,33.95787811279297,-117.5488510131836,RIVERSIDE,JURUPA VALLEY,-117.54872131347656,33.957862854003906
90780455,2018,2018-07-30,9685,2018-07-19,2010,015050,NA,4,2,9,3300,0,3,5,NA,2,003,MESA RD.,CAMINO SIERRA RD.,2112,E,N,A,-,N,NA,NA,NA,NA,NA,NA,NA,NA,NA,Y,4,0,2,2,A,-,03,22350,NA,N,C,C,A,A,H,-,D,D,0,NA,NA,NA,NA,Y,NA,D,22,0,0,2,0,0,0,0,0,0,-,-,33.57381057739258,-116.99269104003906,RIVERSIDE,UNINCORPORATED,-116.99624633789063,33.57271194458008
90781131,2018,2018-07-31,9840,2018-07-23,0503,020945,NA,1,3,6,3315,0,1,3,NA,2,030,SR-91 W/B,AUTO CENTER DR.,100,W,N,A,-,Y,NA,NA,91,NA,NA,NA,NA,NA,W,N,4,0,1,4,A,-,03,22350,NA,N,C,C,A,A,H,-,B,D,0,NA,NA,NA,NA,Y,NA,A,01,0,0,1,0,0,0,0,0,0,-,-,33.88090896606445,-117.6136474609375,RIVERSIDE,CORONA,-117.6136474609375,33.88090896606445
90782319,2018,2018-08-01,9685,2018-07-23,0925,015757,NA,1,1,4,3307,0,1,1,NA,2,010,I-15 S/B TO RAILROAD CYN OFF RAMP,RAILROAD CANYON RD,15,N,N,A,-,Y,NA,NA,15,NA,NA,NA,R,NA,S,Y,4,0,1,2,C,-,18,NA,NA,N,H,A,A,A,H,-,A,D,0,NA,NA,NA,Y,Y,NA,-,-,0,0,1,0,0,0,0,0,0,-,-,33.66184997558594,-117.2992935180664,RIVERSIDE,LAKE ELSINORE,-117.2992935180664,33.66184997558594
90783037,2018,2018-08-02,9840,2018-07-05,1725,019242,NA,4,2,6,3315,0,1,3,NA,2,031,SR-91 E/B,I-15,800,E,N,A,-,Y,NA,NA,91,NA,NA,NA,NA,NA,E,Y,2,0,1,2,A,-,07,21658,A,F,B,C,A,A,H,-,A,D,0,NA,NA,Y,NA,Y,NA,D,22,1,0,0,0,0,0,0,0,1,-,-,33.8827018737793,-117.543701171875,RIVERSIDE,CORONA,-117.543701171875,33.882694244384766
90783362,2018,2018-08-02,9685,2018-07-23,2100,016113,NA,1,2,5,3341,0,1,1,NA,2,020,I-215 SOUTHBOUND,MCCALL BLVD. O/C,1100,N,N,A,-,Y,NA,NA,NA,NA,NA,NA,NA,NA,NA,Y,3,0,2,2,A,-,08,22107,NA,N,F,I,A,A,H,-,D,D,0,NA,NA,Y,NA,Y,NA,C,02,0,1,1,0,0,0,0,0,1,-,-,33.430450439453125,-117.11360931396484,RIVERSIDE,MENIFEE,-117.18930053710938,33.718162536621094
90783382,2018,2018-08-02,9685,2018-07-31,1635,016185,NA,2,2,4,3342,0,1,1,NA,2,034,I-215 N/B,MURRIETA HOT SPRINGS ROAD,1584,S,N,A,-,Y,NA,NA,NA,NA,NA,NA,NA,NA,NA,N,3,0,1,2,A,-,03,22350,NA,N,C,C,A,A,H,-,A,D,0,NA,NA,NA,NA,Y,NA,A,07,0,1,0,0,0,0,0,0,0,-,-,33.5443000793457,-117.17710113525392,RIVERSIDE,MURRIETA,-117.18061065673828,33.55188751220703
90783397,2018,2018-08-02,9685,2018-07-31,1728,015957,NA,2,2,5,3341,0,1,1,NA,2,020,I-215 N/B TO MCCALL BLVD. OFF-RAMP,MCCALL BLVD.,110,S,N,A,-,Y,NA,NA,215,NA,NA,NA,R,NA,N,N,4,0,1,3,A,-,03,22350,NA,N,C,C,A,A,H,-,A,A,0,NA,NA,NA,NA,Y,NA,A,07,0,0,1,0,0,0,0,0,0,-,-,33.714210510253906,-117.18782806396484,RIVERSIDE,MENIFEE,-117.18782806396484,33.714210510253906
90784291,2018,2018-08-06,9840,2018-07-28,1125,017162,NA,6,1,6,3315,0,1,3,NA,2,030,SR-91 W/B,SERFAS CLUB DR,500,E,N,A,-,Y,NA,NA,91,NA,NA,NA,NA,NA,W,Y,2,0,1,3,A,-,03,22350,NA,N,C,C,A,A,H,-,A,D,0,NA,NA,Y,NA,Y,NA,C,02,1,0,0,0,0,0,0,0,1,-,-,33.881649017333984,-117.61920928955078,RIVERSIDE,CORONA,-117.61921691894533,33.88160705566406
90786268,2018,2018-08-08,9840,2018-07-27,0450,019844,NA,5,3,9,3300,0,2,4,NA,2,045,CAJALCO EXPRESSWAY,I-215 S/B,135,W,N,A,-,Y,NA,NA,NA,NA,NA,NA,NA,NA,NA,Y,3,0,3,3,A,-,12,21453,A,N,D,C,A,A,H,-,D,A,0,NA,NA,NA,Y,Y,NA,A,01,0,1,2,0,0,0,0,0,0,-,-,33.843711853027344,-117.25148010253906,RIVERSIDE,UNINCORPORATED,NA,NA
90786798,2018,2018-08-08,9840,2018-07-15,0330,12191,NA,7,3,4,3344,0,1,3,NA,2,010,SR-60 E/B TO I-15,MILLIKEN AVE.,433,E,N,A,-,Y,NA,NA,60,NA,NA,NA,R,NA,E,Y,4,0,1,1,A,-,08,22107,NA,N,E,I,A,A,H,-,D,D,0,NA,NA,NA,NA,Y,NA,A,01,0,0,1,0,0,0,0,0,0,-,-,34.023128509521484,-117.5567626953125,RIVERSIDE,EASTVALE,-117.5567626953125,34.023128509521484
90789931,2018,2018-08-14,9840,2018-08-04,1358,019893,NA,6,1,6,3315,0,1,3,NA,2,031,SR-91 W/B (COLLECTOR ROAD),MAIN ST,1750,E,N,A,-,Y,NA,NA,91,NA,NA,NA,NA,NA,W,Y,4,0,3,2,A,-,03,22350,NA,N,C,C,A,A,H,-,A,D,0,NA,NA,NA,NA,Y,NA,A,01,0,0,3,0,0,0,0,0,0,-,-,33.879730224609375,-117.55960845947266,RIVERSIDE,CORONA,-117.55962371826172,33.87953186035156
9079111,2020,2020-05-22,3308,2020-02-14,1342,10611,515,5,5,5,3308,0,0,0,NA,0,NORTH,DEVONSHIRE AV,LYON AV,0,NA,Y,A,-,N,NA,NA,NA,NA,NA,NA,NA,NA,NA,N,3,0,1,2,A,-,12,22450,A,N,D,C,A,A,A,-,A,A,0,NA,NA,NA,NA,Y,NA,A,01,0,1,0,0,0,0,0,0,0,-,-,NA,NA,RIVERSIDE,HEMET,-116.98915100097656,33.751041412353516
9079296,2020,2020-07-20,3311,2020-03-09,0945,16168,NA,1,5,4,3311,0,0,0,NA,0,006,SAN MARTIN CIR,EL CIELO RD,22,W,N,A,-,N,NA,NA,NA,NA,NA,NA,NA,NA,NA,NA,3,0,1,2,C,-,18,NA,NA,N,E,I,A,A,H,-,A,A,0,NA,NA,NA,NA,Y,NA,-,-,0,1,0,0,0,0,0,0,0,-,-,33.803619384765625,-116.51065063476563,RIVERSIDE,PALM SPRINGS,-116.5107421875,33.803531646728516
90793436,2018,2018-08-20,9840,2018-08-07,1503,019893,NA,2,2,9,3300,0,3,5,NA,2,002,CENTRAL AVENUE,SYCAMORE CANYON BLVD,0,NA,Y,A,-,N,NA,NA,NA,NA,NA,NA,NA,NA,NA,Y,4,0,4,2,A,-,12,21453,A,N,D,C,A,A,H,-,A,A,0,NA,NA,NA,NA,Y,NA,-,-,0,0,4,0,0,0,0,0,0,-,-,33.957969665527344,-117.3109893798828,RIVERSIDE,UNINCORPORATED,-117.31099700927734,33.958011627197266
90794486,2018,2018-08-21,9840,2018-08-11,1310,020305,NA,6,1,7,3313,0,1,3,NA,2,021,SR-91 E/B TO I-215 S/B,SPRUCE ST,1000,E,N,A,-,Y,NA,NA,NA,NA,NA,NA,NA,NA,NA,N,4,0,1,2,A,-,03,22350,NA,N,C,C,A,A,H,-,A,D,0,NA,NA,NA,NA,Y,NA,A,07,0,0,1,0,0,0,0,0,0,-,-,33.98994064331055,-117.3510284423828,RIVERSIDE,RIVERSIDE,-117.35712432861328,33.9930305480957
90794960,2018,2018-08-21,9840,2018-08-13,2317,020220,NA,1,3,9,3300,0,2,4,NA,2,042,VAN BUREN BLVD,GAMBLE AVE,272,W,N,A,-,N,NA,NA,NA,NA,NA,NA,NA,NA,NA,Y,4,0,1,1,A,-,01,23152,A,N,E,I,A,A,H,-,C,A,0,NA,NA,NA,NA,Y,Y,D,22,0,0,1,0,0,0,0,0,0,-,-,33.88296890258789,-117.35391235351563,RIVERSIDE,UNINCORPORATED,-117.35385131835938,33.883155822753906
90799540,2018,2018-08-28,9840,2018-08-19,1835,021298,NA,7,2,4,3344,0,1,1,NA,2,011,I-15 S/B,68TH ST,50,S,N,A,-,Y,NA,NA,15,NA,NA,NA,NA,NA,S,Y,3,0,1,2,A,-,03,22350,NA,N,E,I,A,A,H,-,A,D,0,NA,NA,Y,NA,Y,NA,C,02,0,1,0,0,0,0,0,0,1,-,-,33.96440124511719,-117.54900360107422,RIVERSIDE,EASTVALE,-117.54903411865234,33.96440124511719
90799828,2018,2018-08-28,9685,2018-08-17,2030,015957,NA,5,2,5,3335,0,1,1,NA,2,030,I-15 SOUTHBOUND,RANCHO CALIFORNIA RD,1000,S,N,A,-,Y,NA,NA,15,NA,NA,NA,NA,NA,S,Y,3,0,2,2,A,-,01,23152,A,N,C,C,A,A,H,-,D,D,0,NA,NA,NA,NA,Y,Y,D,22,0,1,1,0,0,0,0,0,0,-,-,33.497379302978516,-117.14922332763672,RIVERSIDE,TEMECULA,-117.14922332763672,33.49737548828125
90800213,2018,2018-08-28,9840,2018-08-27,1836,019492,NA,1,2,6,3315,0,1,1,NA,2,034,I-15 S/B,EL CERRITO RD,300,S,N,A,-,Y,NA,NA,15,NA,NA,NA,NA,NA,S,N,4,0,1,2,A,-,03,22350,NA,N,C,C,A,A,H,-,A,D,0,NA,NA,NA,NA,Y,NA,D,22,0,0,1,0,0,0,0,0,0,-,-,33.83784866333008,-117.53337097167967,RIVERSIDE,CORONA,-117.53337097167967,33.83784866333008
90805804,2018,2018-09-05,9630,2018-08-26,1043,021063,NA,7,1,9,3300,0,1,1,NA,2,301,I-10 E/B,DILLON RD,31680,E,N,A,-,Y,NA,NA,10,NA,NA,NA,NA,NA,E,Y,2,0,2,2,A,-,03,22350,NA,N,C,C,A,A,H,-,A,D,0,NA,NA,NA,Y,Y,NA,A,01,1,0,1,0,0,0,0,0,0,-,-,33.70018005371094,-116.08043670654295,RIVERSIDE,UNINCORPORATED,-116.08043670654295,33.7001953125
90807181,2018,2018-09-06,9840,2018-08-30,0750,012208,NA,4,1,4,3310,0,1,1,NA,2,011,I-15 N/B {CORONA MALL FREEWAY},SIXTH STREET,34,S,N,B,-,Y,NA,NA,15,NA,NA,NA,NA,NA,N,N,4,0,1,3,A,-,06,21755,NA,N,B,C,A,A,D,-,A,D,0,NA,NA,Y,NA,Y,NA,C,02,0,0,1,0,0,0,0,0,1,-,-,33.937950134277344,-117.5558624267578,RIVERSIDE,NORCO,-117.5557861328125,33.93794250488281
90808873,2018,2018-09-10,9685,2018-08-26,1230,015360,NA,7,1,9,3300,0,3,5,NA,2,003,DE LUZ RD.,TERRENO DR.,420,E,N,A,-,N,NA,NA,NA,NA,NA,NA,NA,NA,NA,Y,2,0,1,1,A,-,08,22107,NA,N,F,A,A,A,H,-,A,D,0,NA,NA,Y,NA,Y,NA,C,02,1,0,0,0,0,0,0,0,1,-,-,33.5023193359375,-117.23944854736328,RIVERSIDE,UNINCORPORATED,-117.23890686035156,33.49949264526367
90811001,2018,2018-09-12,9840,2018-08-16,0627,015789,NA,4,1,7,3313,0,1,1,NA,2,023,I-215 N/B,CENTRAL AVE,1584,S,N,A,-,Y,NA,NA,NA,NA,NA,NA,NA,NA,NA,N,4,0,1,4,A,-,03,22350,NA,N,C,C,A,A,H,-,A,D,0,NA,NA,NA,NA,Y,NA,A,07,0,0,1,0,0,0,0,0,0,-,-,33.95574188232422,-117.30587768554688,RIVERSIDE,RIVERSIDE,NA,NA
90811945,2018,2018-09-13,9840,2018-09-02,1321,021641,NA,7,1,9,3300,0,1,3,NA,2,025,SR-60 W/B,THEODORE ST,1000,E,N,A,-,Y,NA,NA,60,NA,NA,NA,NA,NA,W,N,4,0,1,2,A,-,03,22350,NA,N,C,C,A,A,H,-,A,D,0,NA,NA,NA,NA,Y,NA,A,07,0,0,1,0,0,0,0,0,0,-,-,33.93870162963867,-117.13480377197266,RIVERSIDE,UNINCORPORATED,-117.13479614257813,33.93870544433594
90812339,2018,2018-09-13,9685,2018-09-06,1620,014519,NA,4,2,9,3300,0,3,5,NA,2,003,PALA ROAD (47801 BLOCK),LIRA ROAD,4224,S,N,A,-,N,NA,NA,NA,NA,NA,NA,NA,NA,NA,Y,4,0,1,2,A,-,09,21804,A,N,D,C,A,A,H,-,A,D,0,NA,NA,NA,NA,Y,NA,A,01,0,0,1,0,0,0,0,0,0,-,-,33.439300537109375,-117.09030151367188,RIVERSIDE,UNINCORPORATED,NA,NA
90812689,2018,2018-09-13,9840,2018-09-05,1656,020535,NA,3,2,6,3394,0,1,3,NA,2,251,SR-60 E/B,FREDRICK ST,150,W,N,A,-,Y,NA,NA,60,NA,NA,NA,NA,NA,E,Y,4,0,1,2,A,-,03,22350,NA,N,B,C,A,A,H,-,A,D,0,NA,NA,Y,NA,Y,NA,C,02,0,0,1,0,0,0,0,0,1,-,-,33.94076919555664,-117.26178741455078,RIVERSIDE,MORENO VALLEY,-117.26178741455078,33.940711975097656
90814218,2018,2018-09-17,9840,2018-08-29,1607,021194,NA,3,2,7,3313,0,1,1,NA,2,023,I-215 S/B,MARTIN LUTHER KING BLVD,1584,N,N,A,-,Y,NA,NA,215,NA,NA,NA,NA,NA,S,Y,3,0,1,2,A,-,07,21658,A,N,C,C,A,A,H,-,A,D,0,NA,NA,Y,NA,Y,NA,A,01,0,1,0,0,0,0,0,0,1,-,-,33.972129821777344,-117.33181762695313,RIVERSIDE,RIVERSIDE,-117.3318328857422,33.97211837768555
90814371,2018,2018-09-17,9660,2018-09-09,1530,019456,NA,7,2,9,3300,0,3,5,NA,2,003,10TH AVE,JENNIFER CT,105,W,N,A,-,N,NA,NA,NA,NA,NA,NA,NA,NA,NA,N,4,0,1,1,A,-,03,22350,NA,N,F,A,A,A,H,-,A,D,0,NA,NA,Y,NA,Y,NA,C,03,0,0,1,0,0,0,0,0,1,-,-,33.632259368896484,-114.59422302246094,RIVERSIDE,UNINCORPORATED,-114.59418487548828,33.63222885131836
90814959,2018,2018-09-17,9685,2018-09-15,1630,015360,NA,6,2,5,3335,0,1,1,NA,2,030,I-15 NORTHBOUND,SANTIAGO RD.,300,N,N,A,-,Y,NA,NA,NA,NA,NA,NA,NA,NA,NA,N,4,0,2,4,A,-,03,22350,NA,N,C,C,A,A,H,-,A,D,0,NA,NA,NA,NA,Y,NA,A,01,0,0,2,0,0,0,0,0,0,-,-,33.7735595703125,-117.6645278930664,RIVERSIDE,TEMECULA,-117.14423370361328,33.49086380004883
90815313,2018,2018-09-18,9685,2018-09-09,0315,015958,NA,7,3,5,3335,0,1,1,NA,2,030,INTERSTATE 15 NORTHBOUND,SANTIAGO ROAD,1000,N,N,A,-,Y,NA,NA,15,NA,NA,NA,NA,NA,N,Y,3,0,1,2,A,-,07,21658,A,N,C,C,A,A,H,-,C,D,0,NA,NA,NA,NA,Y,NA,A,01,0,1,0,0,0,0,0,0,0,-,-,33.49256134033203,-117.14481353759766,RIVERSIDE,TEMECULA,-117.14488983154295,33.492523193359375
90815835,2018,2018-09-18,9630,2018-09-10,1349,015339,NA,1,1,4,3309,0,1,1,NA,2,021,I-10 (W/B),JEFFERSON ST.,2112,W,N,A,-,Y,NA,NA,10,NA,NA,NA,NA,NA,NA,Y,3,0,3,3,A,-,03,22350,NA,M,C,C,A,A,H,-,A,D,0,NA,NA,NA,NA,Y,NA,A,01,0,1,2,0,0,0,0,0,0,-,-,33.75130844116211,-116.27599334716795,RIVERSIDE,INDIO,-116.27599334716795,33.751304626464844
90815858,2018,2018-09-18,9630,2018-09-10,1615,016635,NA,1,2,9,3300,0,3,5,NA,2,001,MOUNTAIN VIEW RD,DILLON RD,528,S,N,A,-,N,NA,NA,NA,NA,NA,NA,NA,NA,NA,N,4,0,1,2,A,-,03,22350,NA,N,C,C,A,A,H,-,A,A,0,NA,NA,NA,NA,Y,NA,A,01,0,0,1,0,0,0,0,0,0,-,-,33.55147933959961,-116.28273010253906,RIVERSIDE,UNINCORPORATED,-116.4756317138672,33.92351531982422
90817497,2018,2018-09-20,9655,2018-09-13,1811,019449,NA,4,2,3,3302,0,1,1,NA,2,202,I-10 E/B,SR-60 W/B,15,W,N,A,-,Y,NA,NA,10,NA,NA,NA,NA,NA,E,Y,4,0,1,1,A,-,08,22107,NA,N,E,I,A,A,H,-,A,D,0,NA,NA,NA,NA,Y,NA,A,01,0,0,1,0,0,0,0,0,0,-,-,33.9332389831543,-116.99057769775392,RIVERSIDE,BEAUMONT,-116.99061584472656,33.93318557739258
90818412,2018,2018-09-21,9840,2018-09-15,0342,020360,NA,6,3,7,3313,0,1,1,NA,2,024,I-215 N/B TO SR-60 E/B,SR-60,400,S,N,A,-,Y,NA,NA,215,NA,NA,NA,R,NA,N,Y,3,0,1,1,A,-,03,22350,NA,N,E,J,A,A,H,-,C,D,0,NA,NA,Y,NA,Y,NA,C,02,0,1,0,0,0,0,0,0,1,-,-,33.94272994995117,-117.29158782958984,RIVERSIDE,RIVERSIDE,-117.29158782958984,33.94272994995117
90818963,2018,2018-10-31,9630,2018-07-15,1056,021128,NA,7,1,9,3300,0,1,1,NA,2,302,INTERSTATE 10 EASTBOUND,STATE ROUTE 177,3168,W,N,A,-,Y,NA,NA,10,NA,NA,NA,NA,NA,E,Y,1,1,3,1,A,-,08,22107,NA,N,F,A,A,A,H,-,A,D,0,NA,NA,NA,NA,Y,NA,A,01,0,1,2,0,0,0,0,0,0,-,-,33.708518981933594,-115.42005157470705,RIVERSIDE,UNINCORPORATED,-115.42018127441406,33.709102630615234
90820257,2018,2018-09-24,9685,2018-09-22,2311,017399,NA,6,3,5,3335,0,1,1,NA,2,030,I-15 N/B TO TEMECULA PARKWAY,TEMECULA PARKWAY,20,S,N,A,-,Y,NA,NA,15,NA,NA,NA,R,NA,N,N,4,0,2,2,A,-,21,22106,NA,N,C,C,A,A,H,-,C,A,0,NA,NA,NA,NA,Y,NA,A,01,0,0,2,0,0,0,0,0,0,-,-,33.47991180419922,-117.13948822021484,RIVERSIDE,TEMECULA,-117.13948822021484,33.47991180419922
90821715,2018,2018-09-26,9840,2018-09-18,0840,017893,NA,2,1,6,3315,0,1,1,NA,2,034,I-15 N/B,DOS LAGOS DR.,1457,N,N,A,-,Y,NA,NA,15,NA,NA,NA,NA,NA,N,Y,4,0,1,2,A,-,08,22107,NA,N,B,C,A,A,H,-,A,A,0,NA,NA,NA,Y,Y,NA,A,01,0,0,1,0,0,0,0,0,0,-,-,33.810699462890625,-117.50900268554688,RIVERSIDE,CORONA,-117.50907135009766,33.810665130615234
90821852,2018,2018-09-26,9840,2018-09-18,2220,018949,NA,2,3,6,3315,0,1,1,NA,2,034,INTERSTATE 15 S/B,EL CERRITO RD,1500,N,N,A,-,Y,NA,NA,15,NA,NA,NA,NA,NA,S,Y,4,0,1,1,A,-,08,22107,NA,N,E,I,A,A,H,-,D,D,0,NA,NA,NA,NA,Y,NA,A,01,0,0,1,0,0,0,0,0,0,-,-,33.83572006225586,-117.53218841552734,RIVERSIDE,CORONA,-117.53212738037108,33.83576202392578
90821977,2018,2018-09-26,9630,2018-09-15,2302,021908,NA,6,3,9,3300,0,3,5,NA,2,001,VIA QUEDO,CAMINO CAMPANERO,500,S,N,A,-,N,NA,NA,NA,NA,NA,NA,NA,NA,NA,N,2,0,1,2,A,-,11,21954,A,N,G,B,D,A,H,-,D,D,0,Y,NA,NA,NA,Y,NA,N,60,1,0,0,0,1,0,0,0,0,-,-,33.93867874145508,-116.49501037597656,RIVERSIDE,UNINCORPORATED,-116.4950714111328,33.93806457519531