CASE_ID,ACCIDENT_YEAR,PROC_DATE,JURIS,COLLISION_DATE,COLLISION_TIME,OFFICER_ID,REPORTING_DISTRICT,DAY_OF_WEEK,CHP_SHIFT,POPULATION,CNTY_CITY_LOC,SPECIAL_COND,BEAT_TYPE,CHP_BEAT_TYPE,CITY_DIVISION_LAPD,CHP_BEAT_CLASS,BEAT_NUMBER,PRIMARY_RD,SECONDARY_RD,DISTANCE,DIRECTION,INTERSECTION,WEATHER_1,WEATHER_2,STATE_HWY_IND,CALTRANS_COUNTY,CALTRANS_DISTRICT,STATE_ROUTE,ROUTE_SUFFIX,POSTMILE_PREFIX,POSTMILE,LOCATION_TYPE,RAMP_INTERSECTION,SIDE_OF_HWY,TOW_AWAY,COLLISION_SEVERITY,NUMBER_KILLED,NUMBER_INJURED,PARTY_COUNT,PRIMARY_COLL_FACTOR,PCF_CODE_OF_VIOL,PCF_VIOL_CATEGORY,PCF_VIOLATION,PCF_VIOL_SUBSECTION,HIT_AND_RUN,TYPE_OF_COLLISION,MVIW,PED_ACTION,ROAD_SURFACE,ROAD_COND_1,ROAD_COND_2,LIGHTING,CONTROL_DEVICE,CHP_ROAD_TYPE,PEDESTRIAN_ACCIDENT,BICYCLE_ACCIDENT,MOTORCYCLE_ACCIDENT,TRUCK_ACCIDENT,NOT_PRIVATE_PROPERTY,ALCOHOL_INVOLVED,STWD_VEHTYPE_AT_FAULT,CHP_VEHTYPE_AT_FAULT,COUNT_SEVERE_INJ,COUNT_VISIBLE_INJ,COUNT_COMPLAINT_PAIN,COUNT_PED_KILLED,COUNT_PED_INJURED,COUNT_BICYCLIST_KILLED,COUNT_BICYCLIST_INJURED,COUNT_MC_KILLED,COUNT_MC_INJURED,PRIMARY_RAMP,SECONDARY_RAMP,LATITUDE,LONGITUDE,COUNTY,CITY,POINT_X,POINT_Y
91390837,2021,2021-01-19,9685,2021-01-13,0330,017304,NA,3,3,9,3300,0,1,3,NA,1,040,SR-79 SOUTHBOUND,SAGE RD,106,S,N,A,-,N,NA,NA,79,NA,NA,NA,NA,NA,S,Y,4,0,1,1,A,-,08,22107,NA,N,E,I,A,A,H,-,D,D,0,NA,NA,NA,Y,Y,NA,G,25,0,0,1,0,0,0,0,0,0,-,-,33.45996856689453,-116.90570068359376,RIVERSIDE,UNINCORPORATED,-116.9057159423828,33.459712982177734
91390874,2021,2021-01-19,9685,2021-01-13,1308,014488,NA,3,1,4,3307,0,1,1,NA,2,010,I-15 SOUTHBOUND,RAILROAD CANYON RD U/C,528,S,N,A,-,Y,NA,NA,NA,NA,NA,NA,NA,NA,NA,N,4,0,1,1,C,-,18,NA,NA,N,E,J,A,A,D,-,A,D,0,NA,NA,NA,NA,Y,NA,-,-,0,0,1,0,0,0,0,0,0,-,-,33.393028259277344,-117.17431640625,RIVERSIDE,LAKE ELSINORE,NA,NA
91391150,2021,2021-01-20,9655,2021-01-10,1926,019440,NA,7,2,9,3300,0,1,1,NA,2,204,I-10 E/B,MALKI ROAD,1500,W,N,A,-,Y,NA,NA,10,NA,NA,NA,NA,NA,E,Y,4,0,2,2,A,-,08,22107,NA,N,E,I,A,A,D,-,D,D,0,NA,NA,NA,NA,Y,NA,A,01,0,0,2,0,0,0,0,0,0,-,-,33.931480407714844,-116.82679748535156,RIVERSIDE,UNINCORPORATED,-116.82680511474608,33.931396484375
91391211,2021,2021-01-20,9840,2021-01-18,1616,020455,NA,1,2,7,3313,0,1,3,NA,2,020,SR-91 W/B,TYLER ST,50,E,N,A,-,Y,NA,NA,91,NA,NA,NA,NA,NA,W,N,4,0,1,4,A,-,03,22350,NA,F,C,C,A,A,H,-,A,D,0,NA,NA,NA,Y,Y,NA,G,25,0,0,1,0,0,0,0,0,0,-,-,33.906410217285156,-117.45684051513672,RIVERSIDE,RIVERSIDE,-117.45684814453124,33.90641784667969
91392027,2021,2021-01-21,9630,2021-01-11,0518,021570,NA,1,3,9,3300,0,3,5,NA,2,002,VAN BUREN ST,CORREGIDOR AVE,100,S,N,A,-,N,NA,NA,NA,NA,NA,NA,NA,NA,NA,Y,2,0,1,2,A,-,11,21954,A,N,G,B,D,A,H,-,D,D,0,Y,NA,NA,NA,Y,NA,N,60,1,0,0,0,1,0,0,0,0,-,-,33.701988220214844,-116.19898223876952,RIVERSIDE,UNINCORPORATED,-116.19905853271484,33.7020263671875
91394174,2021,2021-03-03,9685,2021-01-18,2140,14338,NA,1,2,9,3300,0,1,3,NA,1,026,SR-74,JUNIPER FLATS ROAD,200,W,N,A,-,Y,NA,NA,74,NA,NA,NA,NA,NA,NA,Y,3,0,1,2,A,-,03,22350,NA,F,C,C,A,A,D,-,C,A,0,NA,NA,NA,NA,Y,NA,A,01,0,1,0,0,0,0,0,0,0,-,-,33.74327087402344,-117.11580657958984,RIVERSIDE,UNINCORPORATED,-117.11580657958984,33.743228912353516
9139427,2020,2020-10-15,3300,2020-08-01,1328,N4225,905L,6,5,4,3307,0,0,0,NA,0,093,LAKESHORE DR,FRASER DR,0,NA,Y,A,-,N,NA,NA,NA,NA,NA,NA,NA,NA,NA,Y,4,0,1,2,A,-,09,21801,A,N,D,C,A,A,H,-,A,D,0,NA,NA,NA,NA,Y,NA,A,01,0,0,1,0,0,0,0,0,0,-,-,33.68695068359375,-117.36688995361328,RIVERSIDE,LAKE ELSINORE,-117.36737823486328,33.685001373291016
91394470,2021,2021-01-26,9840,2021-01-24,0405,021943,NA,7,3,7,3313,0,1,1,NA,2,023,INTERSTATE 215 N/B,CENTRAL AVE,3200,N,N,C,-,Y,NA,NA,215,NA,NA,NA,NA,NA,N,Y,4,0,1,1,A,-,08,22107,NA,N,E,I,A,B,H,-,D,D,0,NA,NA,NA,NA,Y,NA,A,07,0,0,1,0,0,0,0,0,0,-,-,33.961631774902344,-117.32005310058594,RIVERSIDE,RIVERSIDE,-117.3200225830078,33.96170425415039
91395204,2021,2021-01-27,9655,2021-01-22,1510,020669,NA,5,2,9,3300,0,1,3,NA,1,116,SR-74 W/B,SOUTH FORK TRL,1584,E,N,B,-,Y,NA,NA,74,NA,NA,NA,NA,NA,W,N,4,0,1,2,A,-,03,22350,NA,N,C,C,A,A,D,-,A,D,0,NA,NA,NA,NA,Y,NA,A,01,0,0,1,0,0,0,0,0,0,-,-,33.69744110107422,-116.75700378417967,RIVERSIDE,UNINCORPORATED,-116.75697326660156,33.69744873046875
91396025,2021,2021-01-28,9685,2021-01-21,1249,016212,NA,4,1,9,3300,0,1,3,NA,2,011,SR-74 (ORTEGA HIGHWAY),MORRILL CANYON CREEK,3696,E,N,A,-,Y,NA,NA,74,NA,NA,NA,NA,NA,NA,Y,2,0,1,1,A,-,03,22350,NA,N,F,A,A,A,H,-,A,D,0,NA,NA,Y,NA,Y,NA,C,02,1,0,0,0,0,0,0,0,1,-,-,33.618228912353516,-117.42603302001952,RIVERSIDE,UNINCORPORATED,-117.42603302001952,33.618263244628906
91398853,2021,2021-01-29,9840,2021-01-24,1925,021481,NA,7,2,9,3300,0,3,5,NA,2,002,RECHE CANYON RD,KEISSEL RD,390,N,N,B,C,N,NA,NA,NA,NA,NA,NA,NA,NA,NA,Y,4,0,3,2,A,-,09,21801,A,N,D,C,A,B,H,-,D,D,0,NA,NA,NA,NA,Y,NA,A,01,0,0,3,0,0,0,0,0,0,-,-,34.0022087097168,-117.23468017578124,RIVERSIDE,UNINCORPORATED,-117.23458862304688,34.002201080322266
91400689,2021,2021-02-02,9630,2021-01-22,1400,021416,NA,5,2,9,3300,0,1,1,NA,2,021,I-10 W/B,MONTEREY AVE,2640,E,N,A,-,Y,NA,NA,10,NA,NA,NA,NA,NA,W,Y,3,0,2,4,A,-,08,22107,NA,N,B,C,A,A,H,-,A,D,0,NA,NA,NA,Y,Y,NA,A,01,0,1,1,0,0,0,0,0,0,-,-,33.801719665527344,-116.38075256347656,RIVERSIDE,UNINCORPORATED,-116.38078308105467,33.801666259765625
91401599,2021,2021-02-03,9840,2021-01-31,1720,020455,NA,7,2,6,3315,0,1,3,NA,2,030,SR-91 W/B,GREEN RIVER RD,3000,W,N,A,-,Y,NA,NA,91,NA,NA,NA,NA,NA,W,Y,3,0,1,2,C,-,18,NA,NA,N,E,I,A,A,H,-,C,D,0,NA,NA,NA,NA,Y,NA,-,-,0,1,0,0,0,0,0,0,0,-,-,33.8719482421875,-117.66600036621094,RIVERSIDE,CORONA,-117.6659927368164,33.8719367980957
91402890,2021,2021-02-05,9655,2021-02-03,1900,021177,NA,3,2,9,3300,0,1,3,NA,2,213,STATE ROUTE 79 N/B,CALIFORNIA AVE.,360,N,N,A,-,Y,NA,NA,79,NA,NA,NA,NA,NA,N,Y,4,0,4,2,A,-,08,22107,NA,N,D,C,A,A,H,-,D,D,0,NA,NA,NA,NA,Y,NA,A,01,0,0,4,0,0,0,0,0,0,-,-,33.911949157714844,-116.97985076904295,RIVERSIDE,UNINCORPORATED,-116.97991180419922,33.911991119384766
91403604,2021,2021-02-05,9630,2021-01-25,2002,018272,NA,1,2,9,3300,0,1,3,NA,2,086,SR-86 S/B,76TH AVE,6336,S,N,B,-,Y,NA,NA,86,NA,NA,NA,NA,NA,S,Y,4,0,1,2,A,-,03,22350,NA,N,D,C,A,B,H,-,D,D,0,NA,NA,NA,NA,Y,NA,A,08,0,0,1,0,0,0,0,0,0,-,-,33.481239318847656,-116.09163665771484,RIVERSIDE,UNINCORPORATED,-116.09158325195313,33.481239318847656
91404343,2021,2021-02-08,9840,2021-01-29,1830,020455,NA,5,2,6,3315,0,1,3,NA,2,030,SR-91 E/B,SERFAS CLUB DR,2000,W,N,B,-,Y,NA,NA,91,NA,NA,NA,NA,NA,E,Y,2,0,2,4,A,-,08,22107,NA,N,B,C,A,A,H,-,C,D,0,NA,NA,NA,Y,Y,NA,G,25,1,1,0,0,0,0,0,0,0,-,-,33.88153839111328,-117.61962890625,RIVERSIDE,CORONA,-117.61963653564452,33.881473541259766
91404964,2021,2021-04-06,9840,2021-02-03,0136,021261,NA,3,3,7,3313,0,1,3,NA,2,021,SR-91 E/B,I-215,50,W,N,A,-,Y,NA,NA,91,NA,NA,NA,NA,NA,E,Y,4,0,3,3,A,-,01,23152,A,N,B,C,A,A,E,G,C,D,0,NA,NA,NA,NA,Y,Y,A,01,0,0,3,0,0,0,0,0,0,-,-,33.99298095703125,-117.35751342773438,RIVERSIDE,RIVERSIDE,-117.35745239257813,33.992942810058594
91405173,2021,2021-02-11,9655,2021-02-04,1154,014516,NA,4,1,9,3300,0,1,1,NA,2,204,I-10 E/B,8TH ST,634,E,N,A,-,Y,NA,NA,NA,NA,NA,NA,NA,NA,NA,Y,3,0,1,1,A,-,08,22107,NA,N,E,I,A,A,D,-,A,A,0,NA,NA,NA,NA,Y,NA,A,07,0,1,0,0,0,0,0,0,0,-,-,33.92422866821289,-116.88336944580078,RIVERSIDE,UNINCORPORATED,-116.88484954833984,33.92435836791992
9140559,2020,2020-09-25,3309,2020-07-16,1419,443,3309,4,5,4,3309,0,0,0,NA,0,004,MONROE ST,SHADOW PALM AV,0,NA,Y,A,-,N,NA,NA,NA,NA,NA,NA,NA,NA,NA,N,4,0,2,2,A,-,12,21453,A,N,D,C,A,A,H,-,A,A,0,NA,NA,NA,NA,Y,NA,A,01,0,0,2,0,0,0,0,0,0,-,-,NA,NA,RIVERSIDE,INDIO,-116.23381042480467,33.717689514160156
91409318,2021,2021-02-16,9840,2021-02-11,0755,017882,NA,4,1,7,3313,0,1,1,NA,2,023,I-215 S/B TO I-215 S/B,FAIR ISLE DR,2400,S,N,A,-,Y,NA,NA,215,NA,NA,NA,R,NA,S,Y,4,0,2,2,A,-,03,22350,NA,N,C,C,A,A,H,-,A,D,0,NA,NA,NA,Y,Y,NA,G,25,0,0,2,0,0,0,0,0,0,-,-,33.94390106201172,-117.29509735107422,RIVERSIDE,RIVERSIDE,-117.29509735107422,33.94390106201172
91409909,2021,2021-02-17,9655,2021-02-08,1455,021017,NA,1,2,9,3300,0,1,1,NA,2,204,I-10 W/B,MAIN STREET,312,W,N,A,-,Y,NA,NA,10,NA,NA,NA,NA,NA,W,Y,4,0,1,2,A,-,03,22350,NA,N,C,C,A,A,D,-,A,D,0,NA,NA,NA,NA,Y,NA,A,01,0,0,1,0,0,0,0,0,0,-,-,33.918800354003906,-116.77806091308594,RIVERSIDE,UNINCORPORATED,-116.77806091308594,33.91890335083008
91411149,2021,2021-02-18,9685,2021-02-13,1632,013925,NA,6,2,9,3300,0,1,3,NA,1,012,GREENWALD AVENUE,HYATT ROAD,1100,N,N,B,-,N,NA,NA,NA,NA,NA,NA,NA,NA,NA,Y,2,0,1,1,A,-,01,23152,A,N,E,I,A,A,H,-,A,D,0,NA,NA,NA,NA,Y,Y,A,08,1,0,0,0,0,0,0,0,0,-,-,33.70927810668945,-117.29084014892578,RIVERSIDE,UNINCORPORATED,-117.29198455810548,33.7100944519043
91411391,2021,2021-02-19,9840,2021-02-09,1240,012208,NA,2,1,9,3300,0,3,5,NA,2,004,YUCCA AVENUE,10 STREET,0,NA,Y,B,-,N,NA,NA,NA,NA,NA,NA,NA,NA,NA,Y,4,0,1,2,A,-,12,22450,A,M,D,C,A,A,H,-,A,A,0,NA,NA,NA,NA,Y,NA,A,01,0,0,1,0,0,0,0,0,0,-,-,33.822811126708984,-117.12432861328124,RIVERSIDE,UNINCORPORATED,-117.12433624267578,33.82273864746094
91411654,2021,2021-02-19,9630,2021-02-14,1135,021513,NA,7,1,9,3300,0,3,5,NA,2,502,HARRISON ST,61ST AVE,177,S,N,A,-,N,NA,NA,NA,NA,NA,NA,NA,NA,NA,Y,3,0,1,1,A,-,08,22107,NA,N,F,A,A,A,H,-,A,D,0,NA,NA,NA,NA,Y,NA,A,01,0,1,0,0,0,0,0,0,0,-,-,33.604610443115234,-116.18132781982422,RIVERSIDE,UNINCORPORATED,-116.18121337890624,33.605224609375
91411767,2021,2021-02-19,9655,2021-02-12,1335,018677,NA,5,1,9,3300,0,3,5,NA,2,003,CORNELL STREET,MAYBERRY AVENUE,0,NA,Y,A,-,N,NA,NA,NA,NA,NA,NA,NA,NA,NA,Y,4,0,1,2,A,-,03,22350,NA,N,C,C,A,A,H,-,A,A,0,NA,NA,NA,NA,Y,NA,A,08,0,0,1,0,0,0,0,0,0,-,-,33.740230560302734,-116.94125366210938,RIVERSIDE,UNINCORPORATED,-116.94120025634766,33.74043273925781
91411909,2021,2021-02-19,9630,2021-02-13,1750,021409,NA,6,2,9,3300,0,3,5,NA,2,502,AIRPORT BLVD,FILLMORE ST,0,NA,Y,A,-,N,NA,NA,NA,NA,NA,NA,NA,NA,NA,Y,4,0,1,2,A,-,09,21801,A,N,C,C,A,A,H,-,D,D,0,NA,NA,NA,NA,Y,NA,A,07,0,0,1,0,0,0,0,0,0,-,-,33.64213943481445,-116.1215591430664,RIVERSIDE,UNINCORPORATED,-116.1349639892578,33.64209747314453
91412513,2021,2021-02-22,9840,2021-02-20,1127,018949,NA,6,1,7,3313,0,1,3,NA,2,020,SR-91 W/B,LA SIERRA AVE,2500,E,N,A,-,Y,NA,NA,91,NA,NA,NA,NA,NA,W,Y,4,0,1,2,A,-,03,22350,NA,N,C,C,A,A,H,-,A,D,0,NA,NA,NA,NA,Y,NA,A,07,0,0,1,0,0,0,0,0,0,-,-,33.90224075317383,-117.46546173095705,RIVERSIDE,RIVERSIDE,-117.46546936035156,33.90227127075195
91413575,2021,2021-02-23,9685,2021-02-20,1825,016185,NA,6,2,5,3335,0,1,1,NA,2,030,I-15 N/B,RANCHO CALIFORNIA ROAD,3168,N,N,A,-,Y,NA,NA,15,NA,NA,NA,NA,NA,N,Y,3,0,2,3,A,-,07,21658,A,F,B,C,A,A,H,-,C,D,0,NA,NA,NA,NA,Y,NA,D,22,0,2,0,0,0,0,0,0,0,-,-,33.508399963378906,-117.15460205078124,RIVERSIDE,TEMECULA,-117.15465545654295,33.50837707519531
91414725,2021,2021-02-24,9655,2021-02-19,0610,014743,NA,5,1,9,3300,0,1,3,NA,2,212,SR-60 W/B,GILMAN SPRINGS ROAD,13200,E,N,A,-,Y,NA,NA,60,NA,NA,NA,NA,NA,W,Y,4,0,1,4,A,-,08,22107,NA,N,B,C,A,A,D,-,B,D,0,NA,NA,NA,NA,Y,NA,A,01,0,0,1,0,0,0,0,0,0,-,-,33.94340133666992,-117.08451080322266,RIVERSIDE,UNINCORPORATED,-117.0844955444336,33.9432373046875
91416844,2021,2021-02-26,9685,2021-02-19,1745,015757,NA,5,2,5,3335,0,1,1,NA,2,030,I-15 N/B (TEMECULA VALLEY FWY),RANCHO CALIFORNIA RD,3168,S,N,A,-,Y,NA,NA,15,NA,NA,NA,NA,NA,N,Y,2,0,1,3,A,-,07,21658,A,N,B,C,A,A,H,-,B,D,0,NA,NA,NA,NA,Y,NA,A,07,1,0,0,0,0,0,0,0,0,-,-,33.49348068237305,-117.14540863037108,RIVERSIDE,TEMECULA,-117.14535522460938,33.493507385253906
91418097,2021,2021-03-01,9685,2021-02-19,1940,016381,NA,5,2,9,3300,0,2,4,NA,2,016,GRAND AVE,TURTLE DOVE DR,100,N,N,A,-,N,NA,NA,NA,NA,NA,NA,NA,NA,NA,Y,3,0,1,3,A,-,06,21750,NA,N,C,C,A,A,H,-,D,D,0,NA,NA,Y,NA,Y,NA,C,02,0,1,0,0,0,0,0,0,1,-,-,33.630550384521484,-117.33097839355467,RIVERSIDE,UNINCORPORATED,-117.33116912841795,33.630638122558594
91418299,2021,2021-03-01,9840,2021-02-19,1515,021311,NA,5,2,6,3315,0,1,3,NA,2,031,SR-91 E/B,S PROMENADE AVE,1900,E,N,A,-,Y,NA,NA,91,NA,NA,NA,NA,NA,E,Y,4,0,2,3,A,-,08,22107,NA,N,B,C,A,A,H,-,A,D,0,NA,NA,NA,NA,Y,NA,A,01,0,0,2,0,0,0,0,0,0,-,-,33.88376998901367,-117.52816009521484,RIVERSIDE,CORONA,-117.52816009521484,33.883785247802734
91418561,2021,2021-03-02,9840,2021-02-25,1610,017546,NA,4,2,9,3300,0,3,5,NA,2,004,MARSHALL ST,LOPEZ ST,0,NA,Y,A,-,N,NA,NA,NA,NA,NA,NA,NA,NA,NA,Y,2,0,1,2,A,-,05,21752,D,N,D,C,A,A,H,-,A,D,0,NA,NA,Y,NA,Y,NA,C,02,1,0,0,0,0,0,0,0,1,-,-,33.782928466796875,-117.27852630615234,RIVERSIDE,UNINCORPORATED,-117.27855682373048,33.78287887573242
91418723,2021,2021-12-31,9685,2021-02-25,1920,015757,NA,4,2,4,3342,0,1,1,NA,2,030,I-15 S/B (TEMECULA VALLEY FWY),MURRIETA HOT SPRINGS RD,1848,S,N,A,-,Y,NA,NA,15,NA,NA,NA,NA,NA,S,N,4,0,1,2,A,-,07,21658,A,F,B,C,A,A,H,-,D,D,0,NA,NA,NA,NA,Y,NA,A,07,0,0,1,0,0,0,0,0,0,-,-,33.55192947387695,-117.18711090087892,RIVERSIDE,MURRIETA,-117.18708801269533,33.55196762084961
91422353,2021,2021-03-08,9840,2021-03-02,1850,021047,NA,2,2,9,3300,0,1,1,NA,2,024,I-215 N/B,ALLESANDRO BLVD.,180,N,N,A,-,Y,NA,NA,215,NA,NA,NA,NA,NA,N,N,3,0,1,2,A,-,03,22350,NA,F,C,C,A,A,H,-,D,D,0,NA,NA,NA,NA,Y,NA,-,99,0,1,0,0,0,0,0,0,0,-,-,33.917381286621094,-117.28769683837892,RIVERSIDE,UNINCORPORATED,-117.28762817382813,33.91740798950195
91423778,2021,2021-03-09,9630,2021-03-01,1344,020845,NA,1,1,9,3300,0,1,1,NA,2,020,I-10 E/B,MONTEREY AVE.,1056,W,N,A,-,Y,NA,NA,10,NA,NA,NA,NA,NA,E,Y,2,0,2,1,A,-,08,22107,NA,N,E,I,A,A,H,-,A,D,0,NA,NA,NA,NA,Y,NA,A,07,1,0,1,0,0,0,0,0,0,-,-,33.81064987182617,-116.39629364013672,RIVERSIDE,UNINCORPORATED,-116.39630126953124,33.81063461303711
91425131,2021,2021-03-11,9655,2021-03-03,2225,019267,NA,3,3,9,3300,0,1,3,NA,2,212,SR-60 E/B,GILMAN SPRINGS RD,10032,E,N,A,-,Y,NA,NA,60,NA,NA,NA,NA,NA,E,Y,4,0,1,2,A,-,03,22350,NA,N,C,C,A,A,D,-,D,D,0,NA,NA,NA,NA,Y,NA,A,01,0,0,1,0,0,0,0,0,0,-,-,33.94038009643555,-117.09226989746094,RIVERSIDE,UNINCORPORATED,-117.09222412109376,33.94025802612305
91425575,2021,2021-03-11,9840,2021-03-05,1450,021297,NA,5,2,9,3300,0,3,5,NA,2,004,ELMWOOD ST,CARROLL ST,0,NA,Y,A,-,N,NA,NA,NA,NA,NA,NA,NA,NA,NA,Y,4,0,1,2,A,-,09,21802,A,N,D,C,A,A,H,-,A,A,0,NA,NA,NA,NA,Y,NA,A,01,0,0,1,0,0,0,0,0,0,-,-,33.83544921875,-117.28333282470705,RIVERSIDE,UNINCORPORATED,-117.28328704833984,33.8354377746582
91428514,2021,2021-03-16,9840,2021-03-08,1425,021950,NA,1,2,7,3313,0,1,3,NA,2,021,SR-91 E/B,SPRUCE ST.,750,W,N,A,-,Y,NA,NA,91,NA,NA,NA,NA,NA,E,Y,3,0,1,2,A,-,07,21658,A,N,B,C,A,A,H,-,A,D,0,NA,NA,Y,NA,Y,NA,A,01,0,1,0,0,0,0,0,0,1,-,-,33.9893913269043,-117.36035919189452,RIVERSIDE,RIVERSIDE,-117.36034393310548,33.9893684387207
91429885,2021,2021-03-18,9655,2021-03-12,0735,018320,NA,5,1,9,3300,0,1,3,NA,2,217,SR-111 S/B,SNOW CREEK RD,3168,N,N,A,-,N,NA,NA,111,NA,NA,NA,NA,NA,S,Y,3,0,1,1,A,-,08,22107,NA,N,F,A,A,A,H,-,A,D,0,NA,NA,NA,NA,Y,NA,A,01,0,1,0,0,0,0,0,0,0,-,-,33.92013168334961,-116.6757583618164,RIVERSIDE,UNINCORPORATED,-116.6759033203125,33.91999816894531
91432040,2021,2021-03-22,9840,2021-03-16,0655,014868,NA,2,1,7,3313,0,1,3,NA,2,020,SR-91 W/B,TYLER ST,1584,E,N,A,-,Y,NA,NA,91,NA,NA,NA,NA,NA,W,N,4,0,1,2,A,-,08,22107,NA,N,B,C,A,A,H,-,A,D,0,NA,NA,NA,NA,Y,NA,A,01,0,0,1,0,0,0,0,0,0,-,-,33.907569885253906,-117.4547119140625,RIVERSIDE,RIVERSIDE,-117.45474243164063,33.907623291015625
91432090,2021,2021-03-22,9840,2021-03-17,2020,019566,NA,3,2,6,3315,0,1,3,NA,2,031,SR-91 E/B TO I-15,I-15,2500,W,N,A,-,Y,NA,NA,91,NA,NA,NA,R,NA,E,N,4,0,1,2,A,-,03,22350,NA,N,C,C,A,A,H,-,C,D,0,NA,NA,NA,NA,Y,NA,A,01,0,0,1,0,0,0,0,0,0,-,-,33.87894058227539,-117.55499267578124,RIVERSIDE,CORONA,-117.55499267578124,33.87894058227539
91433170,2021,2021-03-23,9685,2021-03-17,0527,14338,NA,3,3,5,3341,0,1,1,NA,2,020,I-215 S/B,SCOTT ROAD,7920,N,N,A,-,Y,NA,NA,215,NA,NA,NA,NA,NA,S,Y,3,0,1,2,A,-,07,21658,A,N,B,C,A,A,H,-,D,D,0,NA,NA,NA,Y,Y,NA,G,25,0,1,0,0,0,0,0,0,0,-,-,33.66334915161133,-117.17122650146484,RIVERSIDE,MENIFEE,-117.17106628417967,33.66334915161133
91435525,2021,2021-03-25,9630,2021-03-19,1749,021416,NA,5,2,9,3300,0,3,5,NA,2,502,66TH AVE,SR-86 S/B,215,W,N,A,-,N,NA,NA,NA,NA,NA,NA,NA,NA,NA,Y,4,0,1,2,A,-,03,22350,NA,N,C,C,A,A,H,-,A,D,0,NA,NA,NA,NA,Y,NA,A,01,0,0,1,0,0,0,0,0,0,-,-,33.56932830810547,-116.09358978271484,RIVERSIDE,UNINCORPORATED,-116.09349,33.569346
91436920,2021,2021-03-26,9660,2021-03-23,1349,019456,NA,2,1,9,3300,0,1,1,NA,2,030,I-10 W/B,CORN SPRINGS ROAD,27456,E,N,A,G,Y,NA,NA,10,NA,NA,NA,NA,NA,W,Y,4,0,1,1,A,-,08,22107,NA,N,E,I,A,A,H,-,A,D,0,NA,NA,NA,NA,Y,NA,A,01,0,0,1,0,0,0,0,0,0,-,-,33.657161712646484,-115.15753936767578,RIVERSIDE,UNINCORPORATED,-115.15752410888672,33.65721130371094
91438189,2021,2021-03-29,9840,2021-03-23,1645,021311,NA,2,2,6,3315,0,1,1,NA,2,034,I-15 S/B,CAJALCO RD,20,S,N,A,-,Y,NA,NA,15,NA,NA,NA,NA,NA,S,Y,4,0,1,4,A,-,03,22350,NA,N,C,C,A,A,H,-,A,D,0,NA,NA,NA,NA,Y,NA,A,01,0,0,1,0,0,0,0,0,0,-,-,33.82141876220703,-117.5189971923828,RIVERSIDE,CORONA,-117.51898956298828,33.821434020996094
91439362,2021,2021-03-30,9840,2021-03-28,0944,020058,NA,7,1,4,3344,0,1,3,NA,2,010,SR-60 W/B,MILLIKEN AVE,2000,E,N,A,-,Y,NA,NA,60,NA,NA,NA,NA,NA,W,N,4,0,1,2,A,-,03,22350,NA,N,C,C,A,A,D,-,A,A,0,NA,NA,NA,NA,Y,NA,A,01,0,0,1,0,0,0,0,0,0,-,-,34.02206039428711,-117.5510482788086,RIVERSIDE,EASTVALE,-117.55103302001952,34.02213668823242
91441632,2021,2021-04-02,9685,2021-03-28,2240,015800,NA,7,3,9,3300,0,3,5,NA,2,003,SR-79,WINCHESTER SQUARE DRIVE,0,NA,Y,A,-,N,NA,NA,79,NA,NA,NA,NA,NA,NA,Y,3,0,1,2,D,-,00,NA,NA,N,D,C,A,A,H,-,C,D,0,NA,NA,NA,NA,Y,NA,-,-,0,1,0,0,0,0,0,0,0,-,-,33.54983139038086,-117.14121246337892,RIVERSIDE,UNINCORPORATED,-117.1412353515625,33.549842834472656
91443896,2021,2021-04-06,9655,2021-03-30,1759,017263,NA,2,2,3,3302,0,1,1,NA,2,202,I-10 W/B,PENNSYLVANIA AVE,400,W,N,A,-,Y,NA,NA,10,NA,NA,NA,NA,NA,W,Y,4,0,1,4,A,-,03,22350,NA,N,C,C,A,A,D,E,A,D,0,NA,NA,NA,NA,Y,NA,E,22,0,0,1,0,0,0,0,0,0,-,-,33.927459716796875,-116.96746063232422,RIVERSIDE,BEAUMONT,-116.96746063232422,33.92744064331055
9144413,2020,2020-09-24,3300,2020-07-24,2102,4546,910J,5,5,5,3335,0,0,0,NA,0,067,YNEZ RD,SANTIAGO RD,0,NA,Y,A,-,N,NA,NA,NA,NA,NA,NA,NA,NA,NA,Y,3,0,1,2,A,-,01,23152,B,N,C,C,A,A,H,-,C,A,0,NA,NA,Y,NA,Y,Y,C,02,0,1,0,0,0,0,0,0,1,-,-,33.48868179321289,-117.13803863525392,RIVERSIDE,TEMECULA,-117.13777160644533,33.48881912231445