CASE_ID,ACCIDENT_YEAR,PROC_DATE,JURIS,COLLISION_DATE,COLLISION_TIME,OFFICER_ID,REPORTING_DISTRICT,DAY_OF_WEEK,CHP_SHIFT,POPULATION,CNTY_CITY_LOC,SPECIAL_COND,BEAT_TYPE,CHP_BEAT_TYPE,CITY_DIVISION_LAPD,CHP_BEAT_CLASS,BEAT_NUMBER,PRIMARY_RD,SECONDARY_RD,DISTANCE,DIRECTION,INTERSECTION,WEATHER_1,WEATHER_2,STATE_HWY_IND,CALTRANS_COUNTY,CALTRANS_DISTRICT,STATE_ROUTE,ROUTE_SUFFIX,POSTMILE_PREFIX,POSTMILE,LOCATION_TYPE,RAMP_INTERSECTION,SIDE_OF_HWY,TOW_AWAY,COLLISION_SEVERITY,NUMBER_KILLED,NUMBER_INJURED,PARTY_COUNT,PRIMARY_COLL_FACTOR,PCF_CODE_OF_VIOL,PCF_VIOL_CATEGORY,PCF_VIOLATION,PCF_VIOL_SUBSECTION,HIT_AND_RUN,TYPE_OF_COLLISION,MVIW,PED_ACTION,ROAD_SURFACE,ROAD_COND_1,ROAD_COND_2,LIGHTING,CONTROL_DEVICE,CHP_ROAD_TYPE,PEDESTRIAN_ACCIDENT,BICYCLE_ACCIDENT,MOTORCYCLE_ACCIDENT,TRUCK_ACCIDENT,NOT_PRIVATE_PROPERTY,ALCOHOL_INVOLVED,STWD_VEHTYPE_AT_FAULT,CHP_VEHTYPE_AT_FAULT,COUNT_SEVERE_INJ,COUNT_VISIBLE_INJ,COUNT_COMPLAINT_PAIN,COUNT_PED_KILLED,COUNT_PED_INJURED,COUNT_BICYCLIST_KILLED,COUNT_BICYCLIST_INJURED,COUNT_MC_KILLED,COUNT_MC_INJURED,PRIMARY_RAMP,SECONDARY_RAMP,LATITUDE,LONGITUDE,COUNTY,CITY,POINT_X,POINT_Y
91562045,2021,2021-09-03,9840,2021-08-23,0500,018849,NA,1,3,4,3307,0,1,1,NA,2,037,I-15 N/B,LAKE ST,6800,S,N,A,-,Y,NA,NA,15,NA,NA,NA,NA,NA,N,Y,2,0,1,2,A,-,03,22350,NA,N,C,C,A,A,H,-,D,D,0,NA,NA,NA,NA,Y,NA,A,01,1,0,0,0,0,0,0,0,0,-,-,33.725589752197266,-117.37158966064452,RIVERSIDE,LAKE ELSINORE,-117.3715362548828,33.72570037841797
91563943,2021,2021-09-07,9685,2021-08-24,1745,015360,NA,2,2,5,3335,0,1,1,NA,2,030,I-15 NORTHBOUND,RANCHO CALIFORNIA RD,1584,S,N,A,-,Y,NA,NA,15,NA,NA,NA,NA,NA,N,Y,4,0,1,2,A,-,00,2800,NA,N,B,C,A,A,H,-,A,D,0,NA,NA,Y,NA,Y,NA,C,02,0,0,1,0,0,0,0,0,1,-,-,33.493019104003906,-117.14502716064452,RIVERSIDE,TEMECULA,-117.14509582519533,33.492984771728516
91564991,2021,2021-09-08,9630,2021-08-30,2316,021416,NA,1,3,9,3300,0,3,5,NA,2,001,N. INDIAN CANYON DR,16TH AVE,46,N,N,A,-,N,NA,NA,NA,NA,NA,NA,NA,NA,NA,Y,3,0,2,2,A,-,08,22107,NA,M,B,E,A,A,H,-,D,D,0,NA,NA,NA,NA,Y,NA,A,01,0,1,1,0,0,0,0,0,0,-,-,33.93928909301758,-116.54511260986328,RIVERSIDE,UNINCORPORATED,-116.54518127441406,33.93187713623047
91565292,2021,2021-09-08,9685,2021-08-26,0130,015800,NA,4,3,4,3342,0,1,1,NA,2,030,I-215 NORTHBOUND,CLINTON KEITH ROAD,1200,S,N,A,-,Y,NA,NA,215,NA,NA,NA,NA,NA,N,Y,3,0,1,2,A,-,01,23152,A,M,E,I,A,A,H,-,C,D,0,NA,NA,NA,Y,Y,Y,A,01,0,1,0,0,0,0,0,0,0,-,-,33.592288970947266,-117.1787567138672,RIVERSIDE,MURRIETA,-117.1789093017578,33.59237289428711
9156558,2020,2020-11-25,3300,2020-09-20,1040,N3642,012F,7,5,4,3344,0,0,0,NA,0,064,CHANDLER ST,HALL AV,0,NA,Y,A,-,N,NA,NA,NA,NA,NA,NA,NA,NA,NA,Y,4,0,1,2,A,-,09,21804,A,N,D,C,A,A,H,-,A,A,0,NA,NA,Y,NA,Y,NA,D,22,0,0,1,0,0,0,0,0,1,-,-,34.94635009765625,-117.60439300537108,RIVERSIDE,EASTVALE,-117.6044692993164,33.94622039794922
91566632,2021,2021-09-09,9840,2021-09-07,1843,015663,NA,2,2,6,3315,0,1,3,NA,2,031,SR-91 W/B LINCOLN AVE. OFFRAMP,LINCOLN AVE.,12,E,N,A,-,Y,NA,NA,91,NA,NA,NA,NA,NA,W,Y,3,0,1,2,A,-,03,22350,NA,N,C,C,A,A,H,-,B,A,0,NA,NA,NA,NA,Y,NA,A,01,0,1,0,0,0,0,0,0,0,-,-,33.88227081298828,-117.58212280273438,RIVERSIDE,CORONA,-117.58216857910156,33.881919860839844
91567445,2021,2021-09-10,9655,2021-09-04,0023,021177,NA,6,3,9,3300,0,1,3,NA,2,212,STATE ROUTE 60 E/B,GILMAN SPRINGS ROAD,5544,E,N,A,-,Y,NA,NA,60,NA,NA,NA,NA,NA,E,Y,4,0,1,2,A,-,07,21658,A,M,C,C,A,A,D,-,D,D,0,NA,NA,NA,NA,Y,NA,-,99,0,0,1,0,0,0,0,0,0,-,-,33.935150146484375,-117.10928344726563,RIVERSIDE,UNINCORPORATED,-117.10928344726563,33.9351806640625
91567700,2021,2021-09-10,9655,2021-09-06,2033,021177,NA,1,2,9,3300,0,1,3,NA,2,212,STATE ROUTE 60 W/B,JACK RABBIT TRAIL,250,E,N,A,-,Y,NA,NA,60,NA,NA,NA,NA,NA,W,Y,3,0,3,2,A,-,09,21801,A,N,C,C,A,A,H,-,D,D,0,NA,NA,NA,NA,Y,NA,A,01,0,2,1,0,0,0,0,0,0,-,-,33.93373107910156,-117.03260040283205,RIVERSIDE,UNINCORPORATED,-117.03258514404295,33.93375778198242
91568959,2021,2021-09-13,9840,2021-09-08,1011,012208,NA,3,1,6,3394,0,1,1,NA,2,024,INTERSTATE-215 N/B {ARMED FORCES FREEWAY},EUCALYPTUS AVENUE,2208,S,N,A,-,Y,NA,NA,215,NA,NA,NA,NA,NA,N,N,4,0,3,3,A,-,03,22350,NA,N,C,C,A,A,H,-,A,D,0,NA,NA,Y,NA,Y,NA,C,02,0,0,3,0,0,0,0,0,2,-,-,33.9251594543457,-117.28858947753906,RIVERSIDE,MORENO VALLEY,-117.28852081298828,33.92516326904297
91571316,2021,2021-09-15,9655,2021-09-07,0421,021732,NA,2,3,9,3300,0,1,1,NA,2,204,I-10 E/B,MORONGO TRAIL ROAD,2112,E,N,A,-,Y,NA,NA,10,NA,NA,NA,NA,NA,E,Y,4,0,1,1,A,-,08,22107,NA,N,E,I,A,A,H,-,C,D,0,NA,NA,NA,NA,Y,NA,A,01,0,0,1,0,0,0,0,0,0,-,-,33.918861389160156,-116.80081939697266,RIVERSIDE,UNINCORPORATED,-116.80078125,33.9190788269043
91571720,2021,2021-09-16,9840,2021-09-08,2345,020766,NA,3,3,6,3345,0,1,1,NA,2,011,I-15 N/B,BELLGRAVE AVE,1500,S,N,A,-,Y,NA,NA,15,NA,NA,NA,NA,NA,N,Y,3,0,1,1,A,-,08,22107,NA,N,E,I,A,A,H,-,D,D,0,NA,NA,NA,NA,Y,NA,A,01,0,1,0,0,0,0,0,0,0,-,-,33.986671447753906,-117.54872131347656,RIVERSIDE,JURUPA VALLEY,-117.5489501953125,33.98662567138672
9157255,2020,2020-11-24,3313,2020-09-01,2035,1736,2,2,5,7,3313,0,0,0,NA,0,T49,14TH ST,PARK AV,0,NA,Y,A,-,N,NA,NA,NA,NA,NA,NA,NA,NA,NA,Y,3,0,2,3,A,-,09,21801,A,N,A,C,A,A,H,-,C,A,0,NA,NA,NA,NA,Y,NA,A,01,0,1,1,0,0,0,0,0,0,-,-,33.970218658447266,-117.36826324462892,RIVERSIDE,RIVERSIDE,-117.36850738525392,33.97159194946289
91574199,2021,2021-09-20,9655,2021-09-11,1500,019630,NA,6,2,9,3300,0,3,5,NA,2,003,SIMPSON ROAD,WHITTIER AVENUE,0,NA,Y,A,-,N,NA,NA,NA,NA,NA,NA,NA,NA,NA,Y,4,0,2,2,A,-,12,22450,A,N,D,C,A,A,H,-,A,A,0,NA,NA,NA,NA,Y,NA,A,01,0,0,2,0,0,0,0,0,0,-,-,33.707210540771484,-117.08059692382813,RIVERSIDE,UNINCORPORATED,-117.08056640625,33.70716094970703
91574863,2021,2021-09-20,9630,2021-09-14,0725,019943,NA,2,1,9,3300,0,3,5,NA,2,002,AVENUE 48,LUZON STREET,0,NA,Y,A,-,N,NA,NA,NA,NA,NA,NA,NA,NA,NA,N,4,0,1,2,A,-,09,21802,A,N,D,C,A,A,H,-,A,A,0,NA,NA,NA,NA,Y,NA,A,01,0,0,1,0,0,0,0,0,0,-,-,33.70050811767578,-116.19686889648438,RIVERSIDE,UNINCORPORATED,-116.1968231201172,33.700374603271484
91578243,2021,2021-09-23,9630,2021-09-14,1555,019153,NA,2,2,9,3300,0,1,1,NA,2,301,I-10 W/B,FRONTAGE RD,5280,E,N,A,-,Y,NA,NA,10,NA,NA,NA,NA,NA,W,Y,2,0,1,1,A,-,08,22107,NA,N,F,A,A,A,H,-,A,D,0,NA,NA,NA,NA,Y,NA,A,07,1,0,0,0,0,0,0,0,0,-,-,33.667728424072266,-115.90055084228516,RIVERSIDE,UNINCORPORATED,-115.90055084228516,33.66770553588867
91579016,2021,2021-09-24,9630,2021-09-17,2242,020645,NA,5,3,9,3300,0,3,5,NA,2,503,HARRISON STREET,68TH AVENUE,1056,N,N,A,-,N,NA,NA,NA,NA,NA,NA,NA,NA,NA,N,3,0,1,2,A,-,11,21956,NA,F,G,B,E,A,H,-,D,D,0,Y,NA,NA,NA,Y,Y,N,60,0,1,0,0,1,0,0,0,0,-,-,33.55738830566406,-116.16773223876952,RIVERSIDE,UNINCORPORATED,-116.167236328125,33.55695724487305
91580480,2021,2021-09-27,9685,2021-09-07,1240,016936,NA,2,1,9,3300,0,1,3,NA,1,031,SR-79 (WINCHESTER ROAD),AULD ROAD,537,S,N,A,-,N,NA,NA,79,NA,NA,NA,NA,NA,NA,Y,3,0,2,5,A,-,03,22350,NA,N,C,C,A,A,H,-,A,A,0,NA,NA,NA,NA,Y,NA,A,01,0,2,0,0,0,0,0,0,0,-,-,33.58116912841797,-117.13323211669922,RIVERSIDE,UNINCORPORATED,-117.1333236694336,33.581199645996094
91580840,2021,2021-09-27,9685,2021-09-20,0100,017169,NA,1,3,9,3300,0,1,1,NA,2,030,I-15 N/B,RAINBOW VALLEY BOULEVARD,2640,N,N,A,-,Y,NA,NA,15,NA,NA,NA,NA,NA,N,Y,4,0,1,2,A,-,03,22350,NA,M,C,C,A,A,H,-,D,D,0,NA,NA,NA,NA,Y,NA,A,01,0,0,1,0,0,0,0,0,0,-,-,33.43642044067383,-117.14000701904295,RIVERSIDE,UNINCORPORATED,-117.14014434814452,33.4365119934082
91584094,2021,2021-09-30,9840,2021-09-24,0953,018248,NA,5,1,9,3300,0,1,1,NA,2,034,I-15 S/B,DOS LAGOS DR,4066,S,N,A,-,Y,NA,NA,15,NA,NA,NA,NA,NA,S,N,4,0,1,2,A,-,03,22350,NA,N,C,C,A,A,H,-,A,D,0,NA,NA,NA,NA,Y,NA,A,01,0,0,1,0,0,0,0,0,0,-,-,33.796878814697266,-117.50160980224608,RIVERSIDE,UNINCORPORATED,-117.50160217285156,33.7968864440918
91585529,2021,2021-10-01,9840,2021-09-22,0740,014916,NA,3,1,6,3394,0,1,3,NA,2,251,SR-60 W/B,HEACOCK ST,2112,W,N,A,-,Y,NA,NA,60,NA,NA,NA,NA,NA,W,N,3,0,1,2,A,-,07,21658,A,N,D,C,A,A,H,-,A,D,0,NA,NA,Y,NA,Y,NA,A,01,0,1,0,0,0,0,0,0,1,-,-,33.94102096557617,-117.2529296875,RIVERSIDE,MORENO VALLEY,-117.2529296875,33.94105529785156
91586091,2021,2021-10-01,9630,2021-09-24,0650,019267,NA,5,1,9,3300,0,3,5,NA,2,504,66TH AVENUE,HOME AVENUE,528,E,N,A,-,N,NA,NA,NA,NA,NA,NA,NA,NA,NA,N,3,0,1,2,A,-,09,21804,A,N,B,G,A,A,H,-,A,D,0,NA,Y,NA,NA,Y,NA,A,07,0,1,0,0,0,0,1,0,0,-,-,33.56930923461914,-116.06588745117188,RIVERSIDE,UNINCORPORATED,-116.0662078857422,33.56925964355469
9158814,2020,2020-10-20,3300,2020-08-11,2110,3343,001L,2,5,6,3345,0,0,0,NA,0,016,CRESTMORE RD,35TH ST,25,S,N,A,-,NA,NA,NA,NA,NA,NA,NA,NA,NA,NA,Y,4,0,1,2,A,-,08,22107,NA,N,A,E,A,A,H,-,C,D,0,NA,NA,NA,NA,Y,NA,A,01,0,0,1,0,0,0,0,0,0,-,-,33.99477005004883,-117.39501953125,RIVERSIDE,JURUPA VALLEY,-117.39479064941406,33.994834899902344
91588394,2021,2021-11-03,9630,2021-09-28,1125,019267,NA,2,1,9,3300,0,3,5,NA,2,001,N INDIAN CANYON DRIVE,DILLON ROAD,0,NA,Y,A,-,N,NA,NA,NA,NA,NA,NA,NA,NA,NA,Y,4,0,1,2,A,-,09,21800,A,N,D,C,A,A,D,-,A,A,0,NA,NA,NA,NA,Y,NA,-,-,0,0,1,0,0,0,0,0,0,-,-,33.92488098144531,-116.54522705078124,RIVERSIDE,UNINCORPORATED,-116.54528045654295,33.924842834472656
91590962,2021,2021-10-07,9685,2021-09-30,2033,013925,NA,4,2,5,3341,0,1,1,NA,2,020,INTERSTATE 215 S/B FROM E/B NEWPORT ROAD,NEWPORT ROAD,88,S,N,A,-,Y,NA,NA,NA,NA,NA,NA,NA,NA,NA,Y,3,0,1,1,A,-,01,23152,A,N,E,I,A,A,H,-,C,D,0,NA,NA,NA,NA,Y,Y,A,07,0,1,0,0,0,0,0,0,0,-,-,NA,NA,RIVERSIDE,MENIFEE,-117.17146301269533,33.684906005859375
91592826,2021,2021-10-11,9840,2021-10-05,0740,017893,NA,2,1,6,3315,0,1,3,NA,2,311,SR-91 W/B,MCKINLEY ST,2050,W,N,A,-,Y,NA,NA,91,NA,NA,NA,NA,NA,W,N,2,0,1,2,A,-,03,22350,NA,N,C,C,A,A,H,-,A,D,0,NA,NA,Y,NA,Y,NA,C,02,1,0,0,0,0,0,0,0,1,-,-,33.883670806884766,-117.52822875976563,RIVERSIDE,CORONA,-117.52824401855467,33.88398361206055
9159319,2020,2020-12-01,3300,2020-09-28,1737,3552,916C,1,5,4,3312,0,0,0,NA,0,034,PERRIS BL,7TH ST,0,NA,Y,A,-,N,NA,NA,NA,NA,NA,NA,NA,NA,NA,Y,4,0,1,2,-,-,-,NA,A,M,A,C,A,A,H,-,A,A,0,NA,NA,NA,NA,Y,NA,A,01,0,0,1,0,0,0,0,0,0,-,-,33.779300689697266,-117.22608947753906,RIVERSIDE,PERRIS,-117.22605895996094,33.7793083190918
91593295,2021,2021-10-11,9685,2021-10-03,1300,015360,NA,7,1,9,3300,0,1,3,NA,1,040,STATE ROUTE 79,AGUANGA RANCHO RD,250,E,N,A,-,Y,NA,NA,NA,NA,NA,NA,NA,NA,NA,Y,2,0,1,1,A,-,08,22107,NA,N,E,I,A,A,H,-,A,D,0,NA,NA,NA,NA,Y,NA,A,01,1,0,0,0,0,0,0,0,0,-,-,33.88676071166992,-116.97869873046876,RIVERSIDE,UNINCORPORATED,-116.837890625,33.4297981262207
9159477,2020,2020-12-23,3313,2020-10-02,1719,1831,5,5,5,7,3313,0,0,0,NA,0,T45,VAN BUREN AV,CALIFORNIA AV,250,N,N,A,-,NA,NA,NA,NA,NA,NA,NA,NA,NA,NA,NA,4,0,1,2,A,-,03,22350,NA,N,C,C,A,A,H,-,A,D,0,NA,NA,NA,NA,Y,NA,A,01,0,0,1,0,0,0,0,0,0,-,-,33.926658630371094,-117.45171356201172,RIVERSIDE,RIVERSIDE,-117.45221710205078,33.9271354675293
9159736,2020,2020-10-26,3313,2020-08-27,2005,1958,1,4,5,7,3313,0,0,0,NA,0,3R12,MAIN ST,GARNER RD,366,N,N,A,-,N,NA,NA,NA,NA,NA,NA,NA,NA,NA,Y,4,0,1,1,A,-,08,22107,NA,N,E,I,A,A,H,-,D,D,0,NA,NA,NA,NA,Y,NA,A,01,0,0,1,0,0,0,0,0,0,-,-,34.013240814208984,-117.3621063232422,RIVERSIDE,RIVERSIDE,-117.36289215087892,34.01560974121094
91597629,2021,2021-10-15,9840,2021-10-10,0840,018221,NA,7,1,7,3313,0,1,3,NA,2,021,SR 91 EB,CRIDGE ST,1000,W,N,A,-,Y,NA,NA,91,NA,NA,NA,NA,NA,E,Y,4,0,1,3,A,-,08,22107,NA,N,B,2,A,A,H,-,A,D,0,NA,NA,NA,NA,Y,NA,-,-,0,0,1,0,0,0,0,0,0,-,-,33.96641159057617,-117.37718963623048,RIVERSIDE,RIVERSIDE,-117.37725830078124,33.966426849365234
91600072,2021,2021-11-04,9840,2021-09-30,1049,017162,NA,4,1,6,3315,0,1,3,NA,2,030,SR-91 W/B,SERFAS CLUB DRIVE,2500,W,N,A,-,Y,NA,NA,91,NA,NA,NA,NA,NA,W,Y,2,0,1,5,A,-,03,22350,NA,N,B,C,A,A,H,-,A,D,0,NA,NA,NA,NA,Y,NA,A,01,1,0,0,0,0,0,0,0,0,-,-,33.88465118408203,-117.63572692871094,RIVERSIDE,CORONA,-117.63574981689452,33.8847541809082
91602876,2021,2021-10-21,9840,2021-10-16,1450,020058,NA,6,2,9,3300,0,1,1,NA,2,034,I-15 S/B,WEIRICK RD,350,S,N,A,-,Y,NA,NA,15,NA,NA,NA,NA,NA,S,N,3,0,2,2,A,-,03,22350,NA,N,C,C,A,A,H,-,A,D,0,NA,NA,NA,NA,Y,NA,A,01,0,2,0,0,0,0,0,0,0,-,-,33.8060417175293,-117.5070571899414,RIVERSIDE,UNINCORPORATED,-117.50709533691406,33.80602264404297
91605450,2021,2021-10-25,9840,2021-10-19,0400,021950,NA,2,3,9,3300,0,3,5,NA,2,003,CAJALCO RD.,LA SIERRA AVE.,3168,W,N,A,-,N,NA,NA,NA,NA,NA,NA,NA,NA,NA,Y,4,0,1,1,A,-,08,22107,NA,N,E,I,A,A,H,-,D,D,0,NA,NA,NA,NA,Y,NA,A,01,0,0,1,0,0,0,0,0,0,-,-,33.83053970336914,-117.46977996826172,RIVERSIDE,UNINCORPORATED,-117.47006225585938,33.83053970336914
91606731,2021,2021-10-26,9840,2021-10-18,1810,021311,NA,1,2,7,3313,0,1,1,NA,2,023,I-215 N/B,MARTIN LUTHER KING BLVD,50,N,N,A,-,Y,NA,NA,215,NA,NA,NA,NA,NA,N,Y,4,0,1,3,A,-,03,22350,NA,N,C,C,A,A,H,-,C,D,0,NA,NA,NA,NA,Y,NA,A,07,0,0,1,0,0,0,0,0,0,-,-,33.96915817260742,-117.32864379882813,RIVERSIDE,RIVERSIDE,-117.3286590576172,33.96914291381836
91606838,2021,2021-10-26,9655,2021-10-23,1152,016885,NA,6,1,9,3300,0,1,1,NA,2,204,I-10 E/B,RAMSEY ST,650,W,N,B,-,Y,NA,NA,NA,NA,NA,NA,NA,NA,NA,Y,3,0,2,1,A,-,08,22107,NA,N,F,A,A,A,D,-,A,D,0,NA,NA,NA,NA,Y,NA,A,07,0,2,0,0,0,0,0,0,0,-,-,33.925689697265625,-116.85285949707033,RIVERSIDE,UNINCORPORATED,-116.85425567626952,33.92582702636719
91607656,2021,2021-10-27,9655,2021-10-20,0550,019449,NA,3,3,9,3300,0,1,3,NA,2,311,GILMAN SPRINGS RD,PEPPER TREE LN,1648,W,N,A,-,N,NA,NA,NA,NA,NA,NA,NA,NA,NA,Y,4,0,3,4,A,-,08,22107,NA,N,E,I,A,A,H,-,D,D,0,NA,NA,NA,NA,Y,NA,D,22,0,0,3,0,0,0,0,0,0,-,-,33.88172149658203,-117.05924224853516,RIVERSIDE,UNINCORPORATED,-117.27980041503906,33.75856018066406
91608074,2021,2021-10-27,9655,2021-10-25,1714,017263,NA,1,2,9,3300,0,1,3,NA,2,212,SR-60,JACK RABBIT TRAIL,528,W,N,B,C,Y,NA,NA,60,NA,NA,NA,NA,NA,NA,Y,4,0,1,1,A,-,08,22107,NA,N,F,A,A,B,D,-,A,D,0,NA,NA,NA,NA,Y,NA,A,01,0,0,1,0,0,0,0,0,0,-,-,33.93429183959961,-117.03443145751952,RIVERSIDE,UNINCORPORATED,-117.03441619873048,33.934326171875
91611240,2021,2021-11-01,9655,2021-10-24,0020,020704,NA,7,3,9,3300,0,1,3,NA,1,314,SR-74,LAKE STREET,21,E,N,A,-,N,NA,NA,74,NA,NA,NA,NA,NA,NA,N,4,0,1,1,A,-,01,23152,A,N,E,I,A,A,H,-,C,D,0,NA,NA,NA,NA,Y,Y,D,22,0,0,1,0,0,0,0,0,0,-,-,33.7476806640625,-116.91667938232422,RIVERSIDE,UNINCORPORATED,-116.91667938232422,33.74777603149414
91611777,2021,2021-11-01,9840,2021-10-21,0435,022316,NA,4,3,6,3345,0,1,3,NA,2,010,SR-60 EB,VALLEY WAY,180,W,N,A,-,Y,NA,NA,60,NA,NA,NA,NA,NA,E,N,3,0,1,2,A,-,07,21658,A,N,C,C,A,A,H,-,C,D,0,NA,NA,NA,NA,Y,NA,A,01,0,1,0,0,0,0,0,0,0,-,-,34.0118293762207,-117.43421936035156,RIVERSIDE,JURUPA VALLEY,-117.43422698974608,34.011810302734375
91612180,2021,2021-11-01,9685,2021-10-21,0615,015360,NA,4,1,5,3341,0,1,1,NA,2,020,I-215 SOUTHBOUND,NEWPORT ROAD,500,N,N,A,-,Y,NA,NA,215,NA,NA,NA,NA,NA,S,Y,4,0,1,2,A,-,08,22107,NA,N,C,C,A,A,H,-,B,D,0,NA,NA,NA,NA,Y,NA,A,01,0,0,1,0,0,0,0,0,0,-,-,33.686431884765625,-117.17195892333984,RIVERSIDE,MENIFEE,-117.17203521728516,33.686397552490234
91612318,2021,2021-11-01,9655,2021-10-23,1325,019466,NA,6,1,9,3300,0,1,3,NA,2,315,SR-79 NORTHBOUND,HOLLAND ROAD,100,S,N,A,-,Y,NA,NA,79,NA,NA,NA,NA,NA,N,Y,3,0,2,3,A,-,03,22350,NA,N,C,C,A,A,H,-,A,D,0,NA,NA,NA,NA,Y,NA,D,22,0,1,1,0,0,0,0,0,0,-,-,33.670799255371094,-117.08483123779295,RIVERSIDE,UNINCORPORATED,-117.08480072021484,33.670799255371094
91613194,2021,2021-11-02,9840,2021-10-11,0800,019576,NA,1,1,9,3300,0,1,1,NA,2,040,I-215 SB TO CALAJCO RD,CAJALCO EXPRESSWAY,75,N,N,A,-,Y,NA,NA,215,NA,NA,NA,R,NA,S,N,4,0,3,2,A,-,03,22350,NA,N,C,C,A,A,H,-,A,D,0,NA,NA,NA,Y,Y,NA,A,01,0,0,3,0,0,0,0,0,0,-,-,33.84463882446289,-117.25187683105467,RIVERSIDE,UNINCORPORATED,-117.25187683105467,33.84463882446289
9161385,2020,2021-01-19,3300,2020-09-14,1126,N5860,910N,1,5,5,3335,0,0,0,NA,0,064,MEADOWS PKWY,MCCABE DR,369,N,N,A,-,N,NA,NA,NA,NA,NA,NA,NA,NA,NA,NA,3,0,1,2,A,-,05,21202,A,N,D,G,A,A,H,-,A,D,0,NA,Y,NA,NA,Y,NA,L,04,0,1,0,0,0,0,1,0,0,-,-,33.50090026855469,-117.09577178955078,RIVERSIDE,TEMECULA,-117.09545135498048,33.50230407714844
91615107,2021,2021-11-03,9840,2021-11-02,0637,017546,NA,2,1,6,3345,0,1,1,NA,2,011,I-15 N/B,RIVERSIDE DR,1750,S,N,B,-,Y,NA,NA,15,NA,NA,NA,NA,NA,N,Y,4,0,3,4,A,-,03,22350,NA,N,C,C,A,A,H,-,C,D,0,NA,NA,NA,NA,Y,NA,D,22,0,0,3,0,0,0,0,0,0,-,-,34.013938903808594,-117.55005645751952,RIVERSIDE,JURUPA VALLEY,-117.550048828125,34.013938903808594
91619944,2021,2021-11-09,9840,2021-10-22,1730,021297,NA,5,2,7,3313,0,1,1,NA,2,023,I-215 N/B TO MARTIN LUTHER KING BLVD,MARTIN LUTHER KING BLVD,2000,S,N,A,-,Y,NA,NA,215,NA,NA,NA,R,NA,N,N,4,0,1,2,A,-,08,22107,NA,N,B,C,A,A,A,H,A,D,0,NA,NA,NA,NA,Y,NA,A,01,0,0,1,0,0,0,0,0,0,-,-,33.9646110534668,-117.32572174072266,RIVERSIDE,RIVERSIDE,-117.32572174072266,33.9646110534668
91621809,2021,2021-11-10,9655,2021-11-05,1715,020669,NA,5,2,9,3300,0,1,3,NA,1,116,SR-74,DRY CREEK,3696,E,N,A,-,Y,NA,NA,74,NA,NA,NA,NA,NA,NA,Y,4,0,1,1,A,-,08,22107,NA,N,E,I,A,A,H,-,A,D,0,NA,NA,NA,NA,Y,NA,A,01,0,0,1,0,0,0,0,0,0,-,-,33.70384979248047,-116.7663803100586,RIVERSIDE,UNINCORPORATED,-116.7663803100586,33.70383834838867
91621977,2021,2021-11-10,9840,2021-11-10,0835,017546,NA,3,1,6,3345,0,1,1,NA,2,011,I-15 N/B,CANTU-GALLEANO RANCH RD,1500,N,N,A,-,Y,NA,NA,15,NA,NA,NA,NA,NA,N,Y,4,0,1,3,A,-,03,22350,NA,F,C,C,A,A,H,-,A,D,0,NA,NA,NA,Y,Y,NA,G,25,0,0,1,0,0,0,0,0,0,-,-,34.00661087036133,-117.55013275146484,RIVERSIDE,JURUPA VALLEY,-117.55010986328124,34.00661087036133
91622483,2021,2021-11-11,9840,2021-11-09,0049,015802,NA,2,3,6,3345,0,1,3,NA,2,010,SR-60 W/B,RUBIDOUX BLVD,20,W,N,A,-,Y,NA,NA,60,NA,NA,NA,NA,NA,W,Y,3,0,2,2,A,-,03,22350,NA,N,D,C,A,A,H,-,D,D,0,NA,NA,NA,NA,Y,Y,A,01,0,2,0,0,0,0,0,0,0,-,-,34.004669189453125,-117.40081787109376,RIVERSIDE,JURUPA VALLEY,-117.40081787109376,34.004638671875
91623426,2021,2021-11-12,9630,2021-11-02,1715,019860,NA,2,2,9,3300,0,3,5,NA,2,404,MONTEREY AVE,I-10,40,S,N,A,-,N,NA,NA,NA,NA,NA,NA,NA,NA,NA,N,4,0,1,2,A,-,03,22350,NA,N,C,C,A,A,H,-,A,A,0,NA,NA,NA,NA,Y,NA,A,01,0,0,1,0,0,0,0,0,0,-,-,33.80546951293945,-116.38807678222656,RIVERSIDE,UNINCORPORATED,-116.38817596435548,33.80615234375