CASE_ID,ACCIDENT_YEAR,PROC_DATE,JURIS,COLLISION_DATE,COLLISION_TIME,OFFICER_ID,REPORTING_DISTRICT,DAY_OF_WEEK,CHP_SHIFT,POPULATION,CNTY_CITY_LOC,SPECIAL_COND,BEAT_TYPE,CHP_BEAT_TYPE,CITY_DIVISION_LAPD,CHP_BEAT_CLASS,BEAT_NUMBER,PRIMARY_RD,SECONDARY_RD,DISTANCE,DIRECTION,INTERSECTION,WEATHER_1,WEATHER_2,STATE_HWY_IND,CALTRANS_COUNTY,CALTRANS_DISTRICT,STATE_ROUTE,ROUTE_SUFFIX,POSTMILE_PREFIX,POSTMILE,LOCATION_TYPE,RAMP_INTERSECTION,SIDE_OF_HWY,TOW_AWAY,COLLISION_SEVERITY,NUMBER_KILLED,NUMBER_INJURED,PARTY_COUNT,PRIMARY_COLL_FACTOR,PCF_CODE_OF_VIOL,PCF_VIOL_CATEGORY,PCF_VIOLATION,PCF_VIOL_SUBSECTION,HIT_AND_RUN,TYPE_OF_COLLISION,MVIW,PED_ACTION,ROAD_SURFACE,ROAD_COND_1,ROAD_COND_2,LIGHTING,CONTROL_DEVICE,CHP_ROAD_TYPE,PEDESTRIAN_ACCIDENT,BICYCLE_ACCIDENT,MOTORCYCLE_ACCIDENT,TRUCK_ACCIDENT,NOT_PRIVATE_PROPERTY,ALCOHOL_INVOLVED,STWD_VEHTYPE_AT_FAULT,CHP_VEHTYPE_AT_FAULT,COUNT_SEVERE_INJ,COUNT_VISIBLE_INJ,COUNT_COMPLAINT_PAIN,COUNT_PED_KILLED,COUNT_PED_INJURED,COUNT_BICYCLIST_KILLED,COUNT_BICYCLIST_INJURED,COUNT_MC_KILLED,COUNT_MC_INJURED,PRIMARY_RAMP,SECONDARY_RAMP,LATITUDE,LONGITUDE,COUNTY,CITY,POINT_X,POINT_Y
91623429,2021,2021-11-12,9630,2021-11-04,1425,019267,NA,4,2,9,3300,0,3,5,NA,2,405,COUNTRY CLUB DR,STARLIGHT LN,0,NA,Y,A,-,N,NA,NA,NA,NA,NA,NA,NA,NA,NA,Y,4,0,1,1,A,-,08,22107,NA,N,E,I,A,A,H,-,A,A,0,NA,NA,NA,NA,Y,NA,A,07,0,0,1,0,0,0,0,0,0,-,-,33.75687026977539,-116.29498291015624,RIVERSIDE,UNINCORPORATED,-116.29506683349608,33.75701141357422
91624705,2021,2021-11-15,9840,2021-11-12,1359,020058,NA,5,1,9,3300,0,3,5,NA,2,003,HOSTETTLER RD,I-15 S/B,1000,W,N,A,-,N,NA,NA,NA,NA,NA,NA,NA,NA,NA,N,4,0,1,3,A,-,03,22350,NA,N,C,C,A,A,H,-,A,D,0,NA,NA,NA,NA,Y,NA,A,01,0,0,1,0,0,0,0,0,0,-,-,33.730350494384766,-117.41390991210938,RIVERSIDE,UNINCORPORATED,-117.41218566894533,33.73298645019531
9162481,2020,2021-01-26,3315,2020-09-07,2048,003693,10A,1,5,6,3315,0,0,0,NA,0,002,E PARKRIDGE AV,NORTH MAIN ST,432,E,N,A,-,N,NA,NA,NA,NA,NA,NA,NA,NA,NA,N,4,0,1,2,A,-,09,21804,A,N,D,C,A,A,H,-,C,D,0,NA,NA,NA,NA,Y,NA,A,01,0,0,1,0,0,0,0,0,0,-,-,NA,NA,RIVERSIDE,CORONA,-117.56281280517578,33.89213562011719
9162563,2020,2020-10-20,3313,2020-08-19,1345,1827,5,3,5,7,3313,0,0,0,NA,0,T43,PIERCE ST,MAGNOLIA AV,331,N,N,A,-,NA,NA,NA,NA,NA,NA,NA,NA,NA,NA,Y,4,0,1,2,A,-,09,21801,A,N,D,C,A,A,H,-,A,D,0,NA,NA,NA,NA,Y,NA,D,22,0,0,1,0,0,0,0,0,0,-,-,33.895050048828125,-117.49107360839844,RIVERSIDE,RIVERSIDE,-117.49175262451172,33.8958740234375
91627008,2021,2021-11-17,9840,2021-11-15,1220,012208,NA,1,1,9,3300,0,3,5,NA,2,004,NUEVO ROAD,DUNLAP DRIVE,77,E,N,A,-,N,NA,NA,NA,NA,NA,NA,NA,NA,NA,N,4,0,1,2,A,-,21,22106,NA,N,C,C,A,A,H,-,A,A,0,NA,NA,NA,NA,Y,NA,D,22,0,0,1,0,0,0,0,0,0,-,-,33.80118942260742,-117.19090270996094,RIVERSIDE,UNINCORPORATED,-117.19094848632813,33.801170349121094
91627020,2021,2021-11-17,9840,2021-11-16,0535,017546,NA,2,3,6,3345,0,1,1,NA,2,011,I-15 N/B,RIVERSIDE DRIVE,2125,S,N,A,-,Y,NA,NA,15,NA,NA,NA,NA,NA,N,N,4,0,1,3,A,-,03,22350,NA,N,C,C,A,A,H,-,D,D,0,NA,NA,NA,Y,Y,NA,F,27,0,0,1,0,0,0,0,0,0,-,-,34.012908935546875,-117.55007934570313,RIVERSIDE,JURUPA VALLEY,-117.55006408691406,34.012908935546875
91627511,2021,2021-11-17,9685,2021-11-06,1815,016502,NA,6,2,5,3335,0,1,1,NA,2,030,I-15 N/B,OVERLAND DR.,1500,S,N,A,-,Y,NA,NA,15,NA,NA,NA,NA,NA,N,Y,3,0,1,2,A,-,03,22350,NA,N,C,C,A,A,H,-,B,D,0,NA,NA,NA,NA,Y,NA,A,01,0,1,0,0,0,0,0,0,0,-,-,33.5130500793457,-117.15679931640624,RIVERSIDE,TEMECULA,-117.15676879882813,33.5130615234375
9162789,2020,2020-10-19,3300,2020-08-31,1401,2715,DESER,1,5,3,3317,0,0,0,NA,0,NA,BOB HOPE DR,RT 10,0,NA,Y,A,-,N,NA,NA,NA,NA,NA,NA,NA,NA,NA,Y,4,0,1,2,A,-,08,22101,D,N,B,C,A,A,H,-,A,-,0,NA,NA,NA,Y,Y,NA,A,01,0,0,1,0,0,0,0,0,0,-,EO,NA,NA,RIVERSIDE,RANCHO MIRAGE,-116.40924072265624,33.8200798034668
91628092,2021,2021-11-18,9685,2021-11-08,0950,015757,NA,1,1,9,3300,0,3,5,NA,2,003,WASHINGTON ST,AUTUMN GLEN DR,50,S,N,A,-,N,NA,NA,NA,NA,NA,NA,NA,NA,NA,Y,4,0,1,2,A,-,03,22350,NA,N,C,C,A,A,H,-,A,A,0,NA,NA,NA,NA,Y,NA,A,01,0,0,1,0,0,0,0,0,0,-,-,33.61191177368164,-117.08457946777344,RIVERSIDE,UNINCORPORATED,-117.08461761474608,33.61188888549805
91628203,2021,2021-11-18,9685,2021-11-09,1310,015295,NA,2,1,9,3300,0,3,5,NA,2,003,BUTTERFIELD STAGE ROAD,DESTINO STREET,0,NA,Y,A,-,N,NA,NA,NA,NA,NA,NA,NA,NA,NA,Y,3,0,2,2,A,-,09,21802,A,N,D,C,A,A,H,-,A,A,0,NA,NA,NA,NA,Y,NA,D,22,0,2,0,0,0,0,0,0,0,-,-,33.47676086425781,-117.06851959228516,RIVERSIDE,UNINCORPORATED,-117.06850433349608,33.47683334350586
91628784,2021,2021-11-18,9685,2021-11-05,0650,016936,NA,5,1,5,3341,0,1,1,NA,2,020,I-215 SOUTHBOUND,NEWPORT RD,2640,S,N,A,-,Y,NA,NA,215,NA,NA,NA,NA,NA,S,Y,3,0,1,2,A,-,03,22350,NA,N,C,C,A,A,H,-,A,D,0,NA,NA,NA,NA,Y,NA,D,22,0,1,0,0,0,0,0,0,0,-,-,33.70878982543945,-117.18695068359376,RIVERSIDE,MENIFEE,-117.18697357177734,33.70877456665039
91630700,2021,2021-11-19,9685,2021-11-12,0755,016347,NA,5,1,9,3300,0,3,5,NA,2,003,AULD ROAD,POURROY ROAD,173,E,N,A,-,N,NA,NA,NA,NA,NA,NA,NA,NA,NA,Y,3,0,2,2,A,-,03,22350,NA,N,A,C,A,A,H,-,A,D,0,NA,NA,NA,NA,Y,NA,A,01,0,1,1,0,0,0,0,0,0,-,-,33.58372116088867,-117.10066223144533,RIVERSIDE,UNINCORPORATED,-117.1005859375,33.58367919921875
91631616,2021,2021-11-29,9840,2021-11-17,1016,012208,NA,3,1,9,3300,0,2,4,NA,2,043,RAMONA EXPRESSWAY  {33701-33785 BLOCK},BRIDGE STREET,2465,W,N,A,-,N,NA,NA,NA,NA,NA,NA,NA,NA,NA,Y,4,0,1,2,A,-,07,21658,A,N,C,C,A,A,H,-,A,D,0,NA,NA,NA,NA,Y,NA,A,01,0,0,1,0,0,0,0,0,0,-,-,33.84006118774414,-117.07650756835938,RIVERSIDE,UNINCORPORATED,-117.07669067382813,33.84004592895508
91632368,2021,2021-11-22,9840,2021-11-15,0640,014916,NA,1,1,9,3300,0,3,5,NA,2,004,WOOD RD S/B,MARKHAM ST,257,N,N,A,-,N,NA,NA,NA,NA,NA,NA,NA,NA,NA,N,3,0,1,2,A,-,03,22350,NA,N,C,C,A,A,H,-,A,D,0,NA,NA,NA,NA,Y,NA,D,22,0,1,0,0,0,0,0,0,0,-,-,33.85892105102539,-117.33136749267578,RIVERSIDE,UNINCORPORATED,-117.33133697509766,33.85884475708008
91632588,2021,2021-11-22,9630,2021-11-14,2123,021570,NA,7,2,9,3300,0,3,5,NA,2,001,WORSLEY ROAD,PAINTED HILLS ROAD,3696,N,N,A,-,N,NA,NA,NA,NA,NA,NA,NA,NA,NA,Y,3,0,1,1,A,-,08,22107,NA,N,F,A,A,A,H,-,D,D,0,NA,NA,NA,NA,Y,NA,A,07,0,1,0,0,0,0,0,0,0,-,-,33.95172119140625,-116.59195709228516,RIVERSIDE,UNINCORPORATED,-116.59223175048828,33.95146179199219
91633430,2021,2021-11-23,9685,2021-11-15,1055,015360,NA,1,1,9,3300,0,2,4,NA,2,016,GRAND AVE.,OLIVE TREE LN.,20,S,N,A,-,N,NA,NA,NA,NA,NA,NA,NA,NA,NA,Y,4,0,1,2,A,-,03,22350,NA,N,C,C,A,A,H,-,A,D,0,NA,NA,NA,NA,Y,NA,A,01,0,0,1,0,0,0,0,0,0,-,-,33.617828369140625,-117.31040191650392,RIVERSIDE,UNINCORPORATED,-117.31046295166016,33.61783981323242
91633579,2021,2021-11-23,9655,2021-11-16,1726,017263,NA,2,2,9,3300,0,3,5,NA,2,003,DOMENIGONI PARKWAY E/B,SR-79,1056,W,N,A,-,N,NA,NA,NA,NA,NA,NA,NA,NA,NA,Y,4,0,1,2,A,-,03,22350,NA,N,C,C,A,A,H,-,B,D,0,NA,NA,NA,NA,Y,NA,A,01,0,0,1,0,0,0,0,0,0,-,-,33.69525909423828,-117.0902099609375,RIVERSIDE,UNINCORPORATED,-117.08828735351563,33.69590759277344
91636403,2021,2021-11-29,9840,2021-11-20,2050,020058,NA,6,2,9,3300,0,1,1,NA,2,037,I-15 S/B,LAKE ST.,5280,N,N,A,-,Y,NA,NA,NA,NA,NA,NA,NA,NA,NA,N,3,0,1,1,C,-,18,NA,NA,N,E,J,A,A,H,-,D,D,0,NA,NA,NA,NA,Y,NA,-,-,0,1,0,0,0,0,0,0,0,-,-,33.722999572753906,-117.36799621582033,RIVERSIDE,UNINCORPORATED,-117.39452362060548,33.729888916015625
91639543,2021,2021-12-01,9840,2021-11-30,0740,012208,NA,2,1,9,3300,0,3,5,NA,2,004,OLEANDER AVENUE,CARROLL STREET,0,NA,Y,A,-,N,NA,NA,NA,NA,NA,NA,NA,NA,NA,Y,4,0,1,2,A,-,12,22450,A,N,D,C,A,A,H,-,A,A,0,NA,NA,NA,NA,Y,NA,D,23,0,0,1,0,0,0,0,0,0,-,-,33.85871124267578,-117.28324127197266,RIVERSIDE,UNINCORPORATED,-117.28321838378906,33.85869216918945
91639556,2021,2021-12-01,9840,2021-11-26,1855,021481,NA,5,2,7,3313,0,1,3,NA,2,021,SR-91 W/B,MADISON ST,1056,W,N,A,-,Y,NA,NA,91,NA,NA,NA,NA,NA,W,N,4,0,1,1,A,-,08,22107,NA,N,E,I,A,A,H,-,C,D,0,NA,NA,NA,NA,Y,NA,A,07,0,0,1,0,0,0,0,0,0,-,-,33.933998107910156,-117.4084701538086,RIVERSIDE,RIVERSIDE,-117.408447265625,33.93395233154297
91640727,2021,2021-12-02,9840,2021-11-10,2322,019893,NA,3,3,9,3300,0,1,1,NA,2,040,I-215 N/B,VAN BUREN BOULEVARD,4159,S,N,A,-,Y,NA,NA,215,NA,NA,NA,NA,NA,N,Y,4,0,2,2,A,-,03,22350,NA,N,C,C,A,A,H,-,D,D,0,NA,NA,NA,NA,Y,NA,A,01,0,0,2,0,0,0,0,0,0,-,-,33.876731872558594,-117.26566314697266,RIVERSIDE,UNINCORPORATED,-117.26567840576172,33.8767204284668
91640874,2021,2021-12-02,9630,2021-11-30,1720,020845,NA,2,2,9,3300,0,1,1,NA,2,021,I-10 W/B,COOK ST.,6864,W,N,A,-,Y,NA,NA,10,NA,NA,NA,NA,NA,W,Y,3,0,4,2,A,-,03,22350,NA,N,C,2,A,A,H,-,D,D,0,NA,NA,NA,NA,Y,NA,A,01,0,1,3,0,0,0,0,0,0,-,-,33.79695129394531,-116.37270355224608,RIVERSIDE,UNINCORPORATED,-116.37272644042967,33.796905517578125
91643862,2021,2021-12-06,9655,2021-11-24,0939,014516,NA,3,1,9,3300,0,3,5,NA,2,002,SEMINOLE DR,MAIN STREET,11088,E,N,A,-,N,NA,NA,NA,NA,NA,NA,NA,NA,NA,Y,3,0,1,1,A,-,03,22350,NA,N,E,I,A,A,H,-,A,A,0,NA,NA,NA,NA,Y,NA,A,01,0,1,0,0,0,0,0,0,0,-,-,33.92618179321289,-116.73741912841795,RIVERSIDE,UNINCORPORATED,-116.80580902099608,33.92182159423828
91643994,2021,2021-12-06,9840,2021-06-17,1750,019650,NA,4,2,9,3300,0,2,4,NA,2,043,RAMONA EXPRESSWAY,BRIDGE ST.,680,E,N,A,-,N,NA,NA,NA,NA,NA,NA,NA,NA,NA,Y,2,0,3,2,A,-,05,21460,A,N,A,C,A,A,H,-,A,D,0,NA,NA,NA,NA,Y,NA,A,01,2,1,0,0,0,0,0,0,0,-,-,33,-117,RIVERSIDE,UNINCORPORATED,-117.06636810302734,33.84006881713867
91644257,2021,2021-12-06,9630,2021-11-25,1750,019153,NA,4,2,9,3300,0,1,1,NA,2,021,I-10 E/B,WASHINGTON ST,10560,W,N,A,-,Y,NA,NA,10,NA,NA,NA,NA,NA,E,Y,4,0,1,1,A,-,08,22107,NA,N,E,I,A,A,H,-,D,D,0,NA,NA,NA,NA,Y,NA,A,01,0,0,1,0,0,0,0,0,0,-,-,33.77347183227539,-116.3335418701172,RIVERSIDE,UNINCORPORATED,-116.33360290527344,33.77336883544922
91644452,2021,2021-12-06,9840,2021-12-04,1702,018611,NA,6,2,6,3315,0,1,3,NA,2,031,SR-91 E/B,MAIN STREET,430,E,N,A,-,Y,NA,NA,91,NA,NA,NA,NA,NA,E,Y,4,0,1,2,A,-,03,22350,NA,N,C,C,A,A,H,-,D,D,0,NA,NA,NA,NA,Y,NA,A,01,0,0,1,0,0,0,0,0,0,-,-,33.87957000732422,-117.56407165527344,RIVERSIDE,CORONA,-117.56404113769533,33.87977600097656
91645631,2021,2021-12-07,9840,2021-12-07,0618,017802,NA,2,1,7,3313,0,1,1,NA,2,023,I-215 N/B,MARTIN LUTHER KING BLVD.,150,N,N,A,-,Y,NA,NA,215,NA,NA,NA,NA,NA,N,N,3,0,1,2,A,-,03,22350,NA,N,C,C,A,A,H,-,A,D,0,NA,NA,NA,NA,Y,NA,A,01,0,1,0,0,0,0,0,0,0,-,-,33.97019958496094,-117.32949066162108,RIVERSIDE,RIVERSIDE,-117.32958221435548,33.97010803222656
9164598,2020,2020-11-16,3300,2020-09-22,2330,4867,604C9,2,5,6,3394,0,0,0,NA,0,MV44,IRIS AV,OLIVER ST,0,NA,Y,A,-,N,NA,NA,NA,NA,NA,NA,NA,NA,NA,Y,3,0,2,2,A,-,09,21453,C,N,D,C,A,-,H,-,C,A,0,NA,NA,NA,NA,Y,NA,A,01,0,1,1,0,0,0,0,0,0,-,-,33.895240783691406,-117.1829071044922,RIVERSIDE,MORENO VALLEY,-117.18292999267578,33.895259857177734
9164812,2020,2020-10-13,3308,2020-08-18,1244,10610,527,2,5,5,3308,0,0,0,NA,0,SOUTH,ACACIA AV,SANTA FE ST,93,W,N,C,-,N,NA,NA,NA,NA,NA,NA,NA,NA,NA,N,4,0,1,2,A,-,03,22350,NA,F,B,C,A,B,H,-,A,A,0,NA,NA,NA,NA,Y,NA,A,01,0,0,1,0,0,0,0,0,0,-,-,33.743900299072266,-116.9628677368164,RIVERSIDE,HEMET,-116.96326446533205,33.74393081665039
9164833,2020,2020-12-05,3300,2020-09-23,1641,3372,603C5,3,5,6,3394,0,0,0,NA,0,MV36,IRIS AV,LOS CABOS DR,0,NA,Y,A,-,N,NA,NA,NA,NA,NA,NA,NA,NA,NA,Y,2,0,1,2,A,-,12,21453,A,N,D,C,A,A,H,-,A,A,0,NA,NA,Y,NA,Y,NA,C,02,1,0,0,0,0,0,0,0,1,-,-,33.889041900634766,-117.21224212646484,RIVERSIDE,MORENO VALLEY,-117.2118682861328,33.88911819458008
91650302,2021,2021-12-13,9840,2021-12-04,1256,018248,NA,6,1,9,3300,0,1,1,NA,2,022,I-215 S/B,COLUMBIA AVE,2746,N,N,A,-,Y,NA,NA,NA,NA,NA,NA,NA,NA,NA,Y,3,0,1,3,A,-,03,22350,NA,N,C,C,A,A,H,-,A,D,0,NA,NA,NA,Y,Y,NA,G,25,0,1,0,0,0,0,0,0,0,-,-,34.007991790771484,-117.3476791381836,RIVERSIDE,UNINCORPORATED,-117.35193634033205,34.00154113769531
9165042,2020,2021-01-09,3300,2020-10-08,1021,4713,910M,4,5,5,3335,0,0,0,NA,0,067,MARGARITA RD,DE PORTOLA RD,0,NA,Y,A,-,N,NA,NA,NA,NA,NA,NA,NA,NA,NA,Y,4,0,1,2,A,-,12,21453,A,N,D,C,A,A,H,-,A,A,0,NA,NA,NA,NA,Y,NA,A,01,0,0,1,0,0,0,0,0,0,-,-,33.48398971557617,-117.10285186767578,RIVERSIDE,TEMECULA,-117.10299682617188,33.484100341796875
91650960,2021,2021-12-13,9655,2021-12-06,0004,020695,NA,1,3,9,3300,0,1,3,NA,2,213,SR-79 S/B,GILMAN SPRINGS RD.,4895,N,N,B,-,Y,NA,NA,79,NA,NA,NA,NA,NA,S,N,3,0,1,1,A,-,08,22107,NA,N,E,8,A,A,H,-,D,D,0,NA,NA,NA,NA,Y,NA,A,01,0,1,0,0,0,0,0,0,0,-,-,33.85844039916992,-117.00955963134766,RIVERSIDE,UNINCORPORATED,-117.00955200195313,33.85844039916992
9165497,2020,2020-10-15,3300,2020-09-25,1400,N3605,41B5,5,5,3,3392,0,0,0,NA,0,LA41,RT 111,DUNE PALMS RD,49,E,N,A,-,N,NA,NA,NA,NA,NA,NA,NA,NA,NA,N,4,0,2,2,A,-,03,22350,NA,N,C,C,A,A,H,-,A,A,0,NA,NA,NA,NA,Y,NA,A,07,0,0,2,0,0,0,0,0,0,-,-,33.70743942260742,-116.27744293212892,RIVERSIDE,LA QUINTA,-116.27731323242188,33.70743942260742
9165957,2020,2020-12-22,3300,2020-10-07,0805,N5073,38E1,3,5,4,3318,0,0,0,NA,0,2T390,FRANK SINATRA DR,MONTEREY AV,0,NA,Y,A,-,N,NA,NA,NA,NA,NA,NA,NA,NA,NA,Y,4,0,2,2,A,-,09,21453,C,N,D,C,A,A,H,-,A,A,0,NA,NA,NA,NA,Y,NA,D,22,0,0,2,0,0,0,0,0,0,-,-,NA,NA,RIVERSIDE,PALM DESERT,-116.39089965820313,33.77259826660156
9166115,2020,2020-12-04,3313,2020-09-25,1353,1489,5,5,5,7,3313,0,0,0,NA,0,T44,TYLER ST,INDIANA AV,24,N,N,A,-,NA,NA,NA,91,NA,NA,NA,NA,NA,NA,NA,4,0,1,2,A,-,08,22107,NA,M,C,C,A,A,H,-,A,A,0,NA,NA,NA,NA,Y,NA,-,99,0,0,1,0,0,0,0,0,0,-,-,33.90591049194336,-117.45614624023438,RIVERSIDE,RIVERSIDE,-117.45646667480467,33.90647888183594
91662275,2021,2021-12-27,9685,2021-12-23,1228,017056,NA,4,1,4,3342,0,1,1,NA,2,020,I-215 SOUTHBOUND,LOS ALMOS RD.,1320,S,N,B,C,Y,NA,NA,215,NA,NA,NA,NA,NA,S,N,4,0,1,2,A,-,03,22350,NA,N,C,C,A,B,H,-,A,D,0,NA,NA,NA,NA,Y,NA,J,48,0,0,1,0,0,0,0,0,0,-,-,33.56901931762695,-117.18102264404295,RIVERSIDE,MURRIETA,-117.18099212646484,33.56901931762695
91662410,2021,2021-12-27,9685,2021-12-24,0650,017056,NA,5,1,5,3335,0,1,1,NA,2,030,I-215 SOUTHBOUND,SANTIAGO RD.,462,S,N,B,C,Y,NA,NA,NA,NA,NA,NA,NA,NA,NA,N,4,0,1,1,A,-,03,22350,NA,N,E,I,A,B,H,-,A,D,0,NA,NA,NA,NA,Y,NA,A,01,0,0,1,0,0,0,0,0,0,-,-,33.48891067504883,-117.14373779296876,RIVERSIDE,TEMECULA,NA,NA
9166246,2020,2020-11-18,3300,2020-09-29,2005,N2171,24C2,2,5,3,3317,0,0,0,NA,0,1S372,DINAH SHORE DR,WESTIN MISSION HILLS,1317,E,N,A,-,N,NA,NA,NA,NA,NA,NA,NA,NA,NA,NA,4,0,1,2,A,-,03,22350,NA,N,C,C,A,A,H,-,C,A,0,NA,NA,NA,NA,Y,NA,A,01,0,0,1,0,0,0,0,0,0,-,-,33.80284881591797,-116.43038177490234,RIVERSIDE,RANCHO MIRAGE,NA,NA
91663195,2021,2021-12-28,9630,2021-12-18,1704,021128,NA,6,2,9,3300,0,3,5,NA,2,001,N. INDIAN CANYON DR,DILLON RD,0,NA,Y,A,-,N,NA,NA,NA,NA,NA,NA,NA,NA,NA,Y,4,0,1,2,A,-,12,22450,A,N,D,C,A,A,D,-,C,A,0,NA,NA,NA,NA,Y,NA,-,-,0,0,1,0,0,0,0,0,0,-,-,33.92481994628906,-116.54531097412108,RIVERSIDE,UNINCORPORATED,-116.54528045654295,33.924842834472656
91666705,2021,2021-12-30,9840,2021-12-24,0615,016284,NA,5,1,7,3313,0,1,3,NA,2,031,SR-91 E/B,MCKINLEY STREET,2998,W,N,C,-,Y,NA,NA,NA,NA,NA,NA,NA,NA,NA,N,4,0,1,1,A,-,03,22350,NA,N,E,I,A,B,H,-,C,D,0,NA,NA,NA,NA,Y,NA,A,01,0,0,1,0,0,0,0,0,0,-,-,33.8840217590332,-117.52501678466795,RIVERSIDE,RIVERSIDE,-117.39631652832033,33.94060516357422
91668331,2021,2022-01-03,9840,2021-12-18,1814,022539,NA,6,2,7,3313,0,1,3,NA,2,021,SR-91 W/B,MISSION INN AVENUE,1584,E,N,A,-,Y,NA,NA,91,NA,NA,NA,NA,NA,W,N,4,0,1,2,A,-,03,22350,NA,N,C,C,A,A,H,-,C,D,0,NA,NA,NA,NA,Y,NA,A,01,0,0,1,0,0,0,0,0,0,-,-,33.98408889770508,-117.36622619628906,RIVERSIDE,RIVERSIDE,-117.36615753173828,33.98403549194336
91668693,2021,2022-01-03,9655,2021-12-27,1335,016885,NA,1,1,9,3300,0,1,3,NA,2,212,SR-60 WB,GILMAN SPRINGS ROAD,700,E,N,B,C,Y,NA,NA,60,NA,NA,NA,NA,NA,W,Y,3,0,1,2,A,-,03,22350,NA,N,C,C,A,B,D,-,A,D,0,NA,NA,NA,NA,Y,NA,A,01,0,1,0,0,0,0,0,0,0,-,-,33.93806838989258,-117.125,RIVERSIDE,UNINCORPORATED,-117.125,33.938087463378906
91669672,2021,2022-01-05,9840,2021-11-05,2309,018849,NA,5,3,9,3300,0,3,5,NA,2,003,CAJALCO RD,LA SIERRA AVE,3030,W,N,A,-,N,NA,NA,NA,NA,NA,NA,NA,NA,NA,Y,2,0,1,1,A,-,01,23152,A,N,F,A,A,A,H,-,D,D,0,NA,NA,NA,NA,Y,Y,A,07,1,0,0,0,0,0,0,0,0,-,-,33.830299377441406,-117.47036743164063,RIVERSIDE,UNINCORPORATED,-117.46963500976563,33.83066940307617
91672005,2021,2022-01-06,9630,2021-12-24,1530,021128,NA,5,2,9,3300,0,1,3,NA,1,177,SR-177,CHUCKWALLA RD,23760,N,N,B,-,Y,NA,NA,NA,NA,NA,NA,NA,NA,NA,N,2,0,1,1,A,-,08,22107,NA,N,E,I,A,A,H,-,A,D,0,NA,NA,NA,NA,Y,NA,A,01,1,0,0,0,0,0,0,0,0,-,-,33.803199768066406,-115.19172668457033,RIVERSIDE,UNINCORPORATED,NA,NA
91672007,2021,2022-01-06,9630,2021-12-30,1355,019943,NA,4,1,9,3300,0,3,5,NA,2,402,DILLON ROAD,SKY VALLEY ROAD,77,E,N,B,-,N,NA,NA,NA,NA,NA,NA,NA,NA,NA,Y,2,0,1,2,A,-,08,22107,NA,N,B,C,A,A,H,-,A,D,0,NA,NA,NA,NA,Y,NA,A,07,1,0,0,0,0,0,0,0,0,-,-,33.89262008666992,-116.33975219726563,RIVERSIDE,UNINCORPORATED,-116.34038543701172,33.89307403564453
9167307,2020,2021-01-13,3300,2020-10-07,1842,3552,916B,3,5,4,3312,0,0,0,NA,0,032,PERRIS BL,NUEVO RD,125,N,N,A,-,NA,NA,NA,NA,NA,NA,NA,NA,NA,NA,NA,4,0,4,2,A,-,21,22106,NA,N,C,C,A,A,H,-,C,A,0,NA,NA,NA,NA,Y,NA,A,01,0,0,4,0,0,0,0,0,0,-,-,33.80112838745117,-117.22614288330078,RIVERSIDE,PERRIS,-117.2261962890625,33.80142593383789
91673326,2021,2022-01-07,9840,2021-12-30,1530,018512,NA,4,2,9,3300,0,3,5,NA,2,004,EL SOBRANTE ROAD,MCALLISTER STREET,9504,E,N,C,-,N,NA,NA,NA,NA,NA,NA,NA,NA,NA,N,3,0,2,2,D,-,00,NA,NA,N,B,C,A,B,H,-,A,D,0,NA,NA,NA,NA,Y,NA,-,-,0,1,1,0,0,0,0,0,0,-,-,33.858089447021484,-117.42828369140624,RIVERSIDE,UNINCORPORATED,-117.40736389160156,33.85787582397461
91674461,2022,2022-01-10,9630,2022-01-02,1826,021128,NA,7,2,9,3300,0,3,5,NA,2,001,MOUNTAIN VIEW RD,DILLON RD,0,NA,Y,A,-,N,NA,NA,NA,NA,NA,NA,NA,NA,NA,N,4,0,1,2,A,-,12,21453,A,N,D,C,A,A,H,-,C,A,0,NA,NA,NA,NA,Y,NA,D,22,0,0,1,0,0,0,0,0,0,-,-,33.92496109008789,-116.4756317138672,RIVERSIDE,UNINCORPORATED,-116.4756317138672,33.92496109008789
91674769,2022,2022-01-10,9655,2022-01-02,1700,021908,NA,7,2,9,3300,0,1,3,NA,2,212,SR-60 W/B,GILMAN SPRINGS RD,7920,E,N,A,-,N,NA,NA,NA,NA,NA,NA,NA,NA,NA,N,3,0,1,2,A,-,03,22350,NA,N,C,C,A,A,D,-,A,D,0,NA,NA,NA,NA,Y,NA,A,01,0,1,0,0,0,0,0,0,0,-,-,33.937381744384766,-117.09715270996094,RIVERSIDE,UNINCORPORATED,-117.12670135498048,33.9380989074707
91676527,2022,2022-01-12,9630,2022-01-03,0105,021008,NA,1,3,9,3300,0,1,1,NA,2,301,INTERSTATE 10 EASTBOUND,FRONTAGE ROAD,42240,W,N,A,-,Y,RIV,NA,10,NA,R,66.874,H,NA,R,Y,2,0,1,1,A,-,01,23152,A,N,F,I,A,A,H,-,D,D,0,NA,NA,NA,NA,Y,Y,A,01,1,0,0,0,0,0,0,0,0,-,-,33.69321060180664,-116.05264282226563,RIVERSIDE,UNINCORPORATED,-116.0526885986328,33.693145751953125