CASE_ID,ACCIDENT_YEAR,PROC_DATE,JURIS,COLLISION_DATE,COLLISION_TIME,OFFICER_ID,REPORTING_DISTRICT,DAY_OF_WEEK,CHP_SHIFT,POPULATION,CNTY_CITY_LOC,SPECIAL_COND,BEAT_TYPE,CHP_BEAT_TYPE,CITY_DIVISION_LAPD,CHP_BEAT_CLASS,BEAT_NUMBER,PRIMARY_RD,SECONDARY_RD,DISTANCE,DIRECTION,INTERSECTION,WEATHER_1,WEATHER_2,STATE_HWY_IND,CALTRANS_COUNTY,CALTRANS_DISTRICT,STATE_ROUTE,ROUTE_SUFFIX,POSTMILE_PREFIX,POSTMILE,LOCATION_TYPE,RAMP_INTERSECTION,SIDE_OF_HWY,TOW_AWAY,COLLISION_SEVERITY,NUMBER_KILLED,NUMBER_INJURED,PARTY_COUNT,PRIMARY_COLL_FACTOR,PCF_CODE_OF_VIOL,PCF_VIOL_CATEGORY,PCF_VIOLATION,PCF_VIOL_SUBSECTION,HIT_AND_RUN,TYPE_OF_COLLISION,MVIW,PED_ACTION,ROAD_SURFACE,ROAD_COND_1,ROAD_COND_2,LIGHTING,CONTROL_DEVICE,CHP_ROAD_TYPE,PEDESTRIAN_ACCIDENT,BICYCLE_ACCIDENT,MOTORCYCLE_ACCIDENT,TRUCK_ACCIDENT,NOT_PRIVATE_PROPERTY,ALCOHOL_INVOLVED,STWD_VEHTYPE_AT_FAULT,CHP_VEHTYPE_AT_FAULT,COUNT_SEVERE_INJ,COUNT_VISIBLE_INJ,COUNT_COMPLAINT_PAIN,COUNT_PED_KILLED,COUNT_PED_INJURED,COUNT_BICYCLIST_KILLED,COUNT_BICYCLIST_INJURED,COUNT_MC_KILLED,COUNT_MC_INJURED,PRIMARY_RAMP,SECONDARY_RAMP,LATITUDE,LONGITUDE,COUNTY,CITY,POINT_X,POINT_Y
91676545,2021,2022-01-12,9655,2021-12-30,1625,015892,NA,4,2,9,3300,0,3,5,NA,2,003,STANFORD STREET,ACACIA AVENUE,0,NA,Y,A,-,N,NA,NA,NA,NA,NA,NA,NA,NA,NA,Y,4,0,1,3,A,-,12,21453,A,N,D,C,A,A,H,-,D,A,0,NA,NA,NA,NA,Y,NA,A,08,0,0,1,0,0,0,0,0,0,-,-,33.7440299987793,-116.93256378173828,RIVERSIDE,UNINCORPORATED,-116.93254089355467,33.74406814575195
91678185,2021,2022-01-14,9840,2021-12-24,0757,018248,NA,5,1,6,3345,0,1,3,NA,2,010,SR-60 W/B,PEDLEY RD,351,W,N,B,C,Y,NA,NA,60,NA,NA,NA,NA,NA,W,N,4,0,2,1,A,-,03,22350,NA,N,E,I,A,B,H,-,A,D,0,NA,NA,NA,NA,Y,NA,A,01,0,0,2,0,0,0,0,0,0,-,-,34.01932144165039,-117.4816436767578,RIVERSIDE,JURUPA VALLEY,-117.48162078857422,34.01948547363281
91680140,2022,2022-01-18,9840,2022-01-10,2127,021047,NA,1,2,7,3313,0,1,3,NA,2,021,SR-91 E/B,ARLINGTON AVE.,2470,W,N,A,-,Y,RIV,NA,91,NA,NA,17.346,H,NA,R,N,4,0,2,3,A,-,03,22350,NA,N,C,C,A,A,H,-,C,D,0,NA,NA,NA,NA,Y,NA,A,01,0,0,2,0,0,0,0,0,0,-,-,33.94166946411133,-117.3951416015625,RIVERSIDE,RIVERSIDE,-117.39511108398438,33.9416389465332
91680657,2022,2022-01-19,9840,2022-01-12,1400,020455,NA,3,2,6,3315,0,1,3,NA,2,031,SR-91,I-15,1500,W,N,A,-,Y,NA,NA,NA,NA,NA,NA,NA,NA,NA,Y,4,0,1,2,A,-,03,22350,NA,N,C,C,A,A,H,-,A,D,0,NA,NA,NA,NA,Y,NA,A,01,0,0,1,0,0,0,0,0,0,-,-,33.879878997802734,-117.55265808105467,RIVERSIDE,CORONA,-117.55274200439452,33.88016128540039
91681511,2022,2022-01-20,9840,2022-01-07,0211,021872,NA,5,3,7,3313,0,1,1,NA,2,022,I-215 S/B,COLUMBIA AVE,605,N,N,A,-,Y,RIV,NA,215,NA,NA,44.016,H,NA,L,Y,3,0,1,2,A,-,01,23152,A,N,C,C,A,A,H,-,D,D,0,NA,NA,NA,Y,Y,Y,A,07,0,1,0,0,0,0,0,0,0,-,-,34.00288009643555,-117.35108184814452,RIVERSIDE,RIVERSIDE,-117.3510971069336,34.00288772583008
91683528,2022,2022-01-24,9840,2022-01-13,0925,019527,NA,4,1,7,3313,0,1,3,NA,2,021,SR-91 E/B,IVY ST,330,E,N,A,-,Y,RIV,NA,91,NA,NA,19.048,H,NA,R,Y,3,0,3,4,A,-,07,21658,A,N,B,C,A,A,H,-,A,D,0,NA,NA,NA,NA,Y,NA,A,01,0,1,2,0,0,0,0,0,0,-,-,33.96073913574219,-117.37750244140624,RIVERSIDE,RIVERSIDE,-117.37757110595705,33.96074676513672
91684074,2022,2022-01-24,9840,2022-01-19,0815,016358,NA,3,1,9,3300,0,1,1,NA,2,040,I-215 N/B,VAN BUREN BLVD.,2640,S,N,A,-,Y,RIV,NA,215,NA,R,33.031,H,NA,R,Y,3,0,2,2,A,-,03,22350,NA,N,C,C,A,A,H,-,A,D,0,NA,NA,NA,NA,Y,NA,A,01,0,2,0,0,0,0,0,0,0,-,-,33.87220001220703,-117.2637176513672,RIVERSIDE,UNINCORPORATED,-117.26371002197266,33.8722038269043
91684435,2022,2022-01-25,9840,2022-01-12,1235,017441,NA,3,1,7,3313,0,1,3,NA,2,021,SR-91 EB,14TH ST,895,W,N,A,-,Y,RIV,NA,91,NA,NA,19.815,H,NA,R,Y,3,0,2,2,A,-,08,22107,NA,N,B,C,A,A,H,-,A,D,0,NA,NA,NA,NA,Y,NA,A,01,0,1,1,0,0,0,0,0,0,-,-,33.97138977050781,-117.37457275390624,RIVERSIDE,RIVERSIDE,-117.37468719482422,33.97144317626953
91685351,2022,2022-01-26,9840,2022-01-21,0119,021218,NA,5,3,7,3313,0,1,3,NA,2,020,SR-91 W/B,JACKSON ST,420,W,N,A,-,Y,RIV,NA,91,NA,NA,14.508,H,NA,L,Y,4,0,1,2,A,-,01,23152,A,N,B,E,A,A,H,-,D,D,0,NA,NA,NA,Y,Y,Y,A,01,0,0,1,0,0,0,0,0,0,-,-,33.9184684753418,-117.43594360351563,RIVERSIDE,RIVERSIDE,-117.43587493896484,33.918392181396484
91686502,2022,2022-01-27,9840,2022-01-21,0425,018949,NA,5,3,7,3313,0,1,1,NA,2,023,I-215 N/B,CENTRAL AVENUE,2200,N,N,A,-,Y,RIV,NA,215,NA,NA,39.941,H,NA,R,Y,4,0,1,2,A,-,03,22350,NA,N,C,C,A,A,H,-,D,D,0,NA,NA,NA,Y,Y,NA,F,26,0,0,1,0,0,0,0,0,0,-,-,33.96084976196289,-117.31646728515624,RIVERSIDE,RIVERSIDE,-117.31646728515624,33.96084976196289
91686676,2022,2022-01-27,9840,2022-01-15,0530,019042,NA,6,3,6,3345,0,1,3,NA,2,010,SR-60 W/B,ETIWANDA AVE.,1157,E,N,A,-,Y,RIV,NA,60,NA,R,2.309,H,NA,L,Y,2,0,1,1,A,-,08,22107,NA,N,E,I,A,A,H,-,C,D,0,NA,NA,NA,NA,Y,NA,A,01,1,0,0,0,0,0,0,0,0,-,-,34.01837921142578,-117.51930236816406,RIVERSIDE,JURUPA VALLEY,-117.5193099975586,34.018516540527344
91686777,2022,2022-01-27,9655,2022-01-18,0720,018168,NA,2,1,9,3300,0,1,3,NA,2,213,SR-79 N/B,COUNTY LANDFILL ROAD,3643,N,N,A,-,Y,RIV,NA,79,NA,NA,37.963,H,NA,R,N,2,0,1,3,A,-,03,22350,NA,N,C,C,A,A,H,-,A,D,0,NA,NA,NA,NA,Y,NA,D,22,1,0,0,0,0,0,0,0,0,-,-,33.89313888549805,-116.9877471923828,RIVERSIDE,UNINCORPORATED,-116.98785400390624,33.89316940307617
91688378,2022,2022-01-28,9840,2022-01-23,1719,021096,NA,7,2,9,3300,0,3,5,NA,2,002,RECHE CANYON RD,WOODSON RD,2735,N,N,A,-,N,NA,NA,NA,NA,NA,NA,NA,NA,NA,Y,4,0,1,1,C,-,18,NA,NA,N,H,H,A,A,H,-,B,D,0,NA,NA,NA,NA,Y,NA,-,-,0,0,1,0,0,0,0,0,0,-,-,34.00577163696289,-117.25064086914063,RIVERSIDE,UNINCORPORATED,-117.25045776367188,34.0057373046875
91689975,2022,2022-01-31,9840,2022-01-24,1612,018281,NA,1,2,6,3315,0,1,3,NA,2,031,EB SR-91,MCKINLEY ST,100,W,N,A,-,Y,RIV,NA,91,NA,NA,9.163,H,NA,R,Y,3,0,1,2,A,-,08,22107,NA,N,D,C,A,A,H,-,A,D,0,NA,NA,NA,NA,Y,NA,D,22,0,1,0,0,0,0,0,0,0,-,-,33.8861198425293,-117.51818084716795,RIVERSIDE,CORONA,-117.51815795898438,33.88608169555664
9169153,2020,2020-11-19,3300,2020-09-30,1600,5873,Y80,3,5,3,3305,0,0,0,NA,0,Y80,GRAPEFRUIT BL,48TH AV,453,S,N,A,-,NA,NA,NA,NA,NA,NA,NA,NA,NA,NA,Y,4,0,1,2,A,-,08,22107,NA,F,B,C,A,A,H,-,A,A,0,NA,NA,NA,NA,Y,NA,A,01,0,0,1,0,0,0,0,0,0,-,-,33.700340270996094,-116.19161987304688,RIVERSIDE,COACHELLA,-116.19090270996094,33.699310302734375
91691566,2022,2022-02-02,9840,2022-01-26,0629,017802,NA,3,1,7,3313,0,1,1,NA,2,023,I-215 S/B,MARTIN LUTHER KING BLVD.,2200,S,N,A,-,Y,RIV,NA,215,NA,NA,40.368,H,NA,L,N,3,0,1,3,A,-,03,22350,NA,N,C,C,A,A,H,-,A,D,0,NA,NA,NA,Y,Y,NA,G,25,0,1,0,0,0,0,0,0,0,-,-,33.962890625,-117.323486328125,RIVERSIDE,RIVERSIDE,-117.32347869873048,33.96290588378906
91691943,2022,2022-02-02,9655,2022-01-26,1730,015892,NA,3,2,9,3300,0,3,5,NA,2,003,JOHNSTON AVENUE,CORNELL STREET,0,NA,Y,A,-,N,NA,NA,NA,NA,NA,NA,NA,NA,NA,Y,4,0,1,2,A,-,09,21802,A,N,D,C,A,A,H,-,B,A,0,NA,NA,NA,NA,Y,NA,A,01,0,0,1,0,0,0,0,0,0,-,-,33.733158111572266,-116.94122314453124,RIVERSIDE,UNINCORPORATED,-116.94116973876952,33.73316192626953
91692844,2022,2022-02-03,9655,2022-01-23,0310,021017,NA,7,3,2,3336,0,1,1,NA,2,202,I-10 W/B,SANDALWOOD DR,1500,W,N,A,-,Y,RIV,NA,10,NA,R,0.576,H,NA,L,Y,4,0,1,1,A,-,01,23152,A,N,E,9,A,A,H,-,C,D,0,NA,NA,NA,NA,Y,Y,A,01,0,0,1,0,0,0,0,0,0,-,-,33.996341705322266,-117.060791015625,RIVERSIDE,CALIMESA,-117.06060028076172,33.99643325805664
91693173,2022,2022-02-04,9630,2022-01-24,2150,021008,NA,1,2,9,3300,0,3,5,NA,2,405,COUNTRY CLUB DRIVE,AVENUE 42,1584,W,N,A,-,N,NA,NA,NA,NA,NA,NA,NA,NA,NA,N,3,0,1,2,A,-,11,21954,A,N,G,B,D,A,H,-,D,D,0,Y,NA,NA,NA,Y,NA,N,60,0,1,0,0,1,0,0,0,0,-,-,33.74663162231445,-116.26785278320313,RIVERSIDE,UNINCORPORATED,-116.26595306396484,33.742340087890625
91695364,2022,2022-02-07,9655,2022-01-30,1100,019462,NA,7,1,9,3300,0,1,3,NA,1,115,SR-243,FOSTERIYAH DRIVE,1700,N,N,A,-,Y,RIV,NA,243,NA,NA,9.035,H,NA,R,N,2,0,1,1,A,-,08,22107,NA,N,F,A,A,A,H,-,A,D,0,NA,NA,Y,NA,Y,NA,C,02,1,0,0,0,0,0,0,0,1,-,-,33.776519775390625,-116.73603057861328,RIVERSIDE,UNINCORPORATED,-116.7361068725586,33.776527404785156
91695865,2022,2022-02-08,9840,2022-02-04,1522,021047,NA,5,2,6,3345,0,1,1,NA,2,011,I-15 N/B,SR-60,2355,S,N,A,-,Y,RIV,NA,15,NA,NA,51.012,H,NA,R,N,3,0,3,2,A,-,03,22350,NA,N,C,C,A,A,H,-,A,D,0,NA,NA,NA,NA,Y,NA,A,01,0,1,2,0,0,0,0,0,0,-,-,34.015018463134766,-117.55020904541016,RIVERSIDE,JURUPA VALLEY,-117.55010223388672,34.015018463134766
91698225,2022,2022-10-31,9685,2022-01-31,2025,016096,NA,1,2,3,3343,0,1,1,NA,2,010,I-15 NORTHBOUND FREEWAY,BUNDY CANYON ROAD,2640,N,N,A,-,Y,RIV,NA,15,NA,NA,17.122,H,NA,L,N,4,0,1,2,A,-,03,22350,NA,F,C,C,A,A,H,-,D,D,0,NA,NA,NA,NA,Y,NA,A,07,0,0,1,0,0,0,0,0,0,-,-,33.63690185546875,-117.28038787841795,RIVERSIDE,WILDOMAR,-117.28038024902344,33.63690185546875
91698251,2022,2022-02-10,9685,2022-02-02,1705,017903,NA,3,2,9,3300,0,3,5,NA,2,003,TECHNOLOGY DRIVE,SKY CANYON DRIVE,85,W,N,B,G,N,NA,NA,NA,NA,NA,NA,NA,NA,NA,N,4,0,1,2,A,-,03,22350,NA,N,C,C,A,A,H,-,A,A,0,NA,NA,NA,NA,Y,NA,A,07,0,0,1,0,0,0,0,0,0,-,-,33.56026840209961,-117.13672637939452,RIVERSIDE,UNINCORPORATED,-117.1364517211914,33.56026077270508
91699020,2022,2022-02-11,9655,2022-02-05,0239,020704,NA,6,3,3,3302,0,1,1,NA,2,202,I-10 W/B,BEAUMONT AVE,2640,E,N,A,-,Y,RIV,NA,10,NA,NA,7.976,H,NA,L,Y,4,0,1,2,A,-,01,23152,A,N,B,C,A,A,C,-,D,D,0,NA,NA,NA,NA,Y,Y,A,01,0,0,1,0,0,0,0,0,0,-,-,33.927330017089844,-116.97016143798828,RIVERSIDE,BEAUMONT,-116.97016143798828,33.927337646484375
91699155,2022,2022-02-14,9840,2022-02-10,1729,021194,NA,4,2,9,3300,0,2,4,NA,2,043,RAMONA EXPY,LAKEVIEW AVE,320,W,N,A,-,N,NA,NA,NA,NA,NA,NA,NA,NA,NA,Y,4,0,2,2,A,-,03,22350,NA,N,C,C,A,A,H,-,D,D,0,NA,NA,NA,NA,Y,NA,A,01,0,0,2,0,0,0,0,0,0,-,-,33.83832931518555,-117.11946868896484,RIVERSIDE,UNINCORPORATED,-117.1248016357422,33.837730407714844
91700019,2022,2022-02-14,9685,2022-01-14,0550,017833,NA,5,3,4,3342,0,1,1,NA,2,030,I-15 SOUTHBOUND,LOS ALAMOS RD,1137,N,N,A,-,Y,RIV,NA,15,NA,NA,9.833,H,NA,L,Y,2,0,1,2,A,-,07,21658,A,M,B,C,A,A,H,-,A,D,0,NA,NA,NA,NA,Y,Y,-,99,1,0,0,0,0,0,0,0,0,-,-,33.55788040161133,-117.1972885131836,RIVERSIDE,MURRIETA,-117.19729614257813,33.5578727722168
91700480,2022,2022-02-14,9685,2022-02-03,1440,016096,NA,4,2,9,3300,0,1,3,NA,2,011,SR-74,GRAND AVENUE,10560,W,N,A,-,Y,RIV,NA,74,NA,NA,9.749,H,NA,R,Y,4,0,1,1,A,-,01,23152,A,N,F,I,A,A,H,-,A,D,0,NA,NA,NA,NA,Y,Y,A,01,0,0,1,0,0,0,0,0,0,-,-,33.641719818115234,-117.37818145751952,RIVERSIDE,UNINCORPORATED,-117.37820434570313,33.64175796508789
91700853,2022,2022-02-15,9840,2022-02-05,0238,021872,NA,6,3,7,3313,0,1,3,NA,2,021,SR-91 E/B TO I-215 S/B,SPRUCE ST,50,E,N,A,-,Y,RIV,NA,91,NA,NA,21.497,H,NA,R,Y,3,0,1,2,A,-,08,22107,NA,N,D,2,A,A,H,-,D,D,0,NA,NA,NA,NA,Y,NA,A,01,0,1,0,0,0,0,0,0,0,-,-,33.9909782409668,-117.35846710205078,RIVERSIDE,RIVERSIDE,-117.358642578125,33.99105453491211
91701812,2022,2022-02-16,9840,2022-02-15,1954,018611,NA,2,2,9,3300,0,1,3,NA,2,030,SR-91 W/B,SR-71,3100,E,N,B,C,Y,NA,NA,NA,NA,NA,NA,NA,NA,NA,Y,4,0,1,1,A,-,08,22107,NA,N,D,I,A,B,H,-,C,D,0,NA,NA,NA,NA,Y,NA,A,01,0,0,1,0,0,0,0,0,0,-,-,33.888458251953125,-117.63089752197266,RIVERSIDE,UNINCORPORATED,-117.63190460205078,33.88499069213867
91702069,2022,2022-02-16,9840,2022-02-09,0719,016358,NA,3,1,7,3313,0,1,1,NA,2,040,I-215 N/B TO ALESSANDRO BLVD.,ALESSANDRO BLVD.,569,S,N,A,-,Y,RIV,NA,215,NA,R,36.278,H,NA,R,Y,2,0,1,2,A,-,06,21755,NA,N,B,C,A,A,H,-,A,D,0,NA,NA,Y,NA,Y,NA,C,02,1,0,0,0,0,0,0,0,1,-,-,33.915000915527344,-117.28611755371094,RIVERSIDE,RIVERSIDE,-117.28630828857422,33.91490936279297
91703234,2022,2022-02-17,9630,2022-02-09,0650,016455,NA,3,1,9,3300,0,1,1,NA,2,302,WESTBOUND INTERSTATE 10,RED CLOUD ROAD,106,E,N,C,-,Y,RIV,NA,10,NA,R,95.49,H,NA,L,N,2,0,1,1,C,-,18,NA,NA,N,F,A,A,A,H,-,A,D,0,NA,NA,NA,NA,Y,NA,-,-,1,0,0,0,0,0,0,0,0,-,-,33.678131103515625,-115.56208038330078,RIVERSIDE,UNINCORPORATED,-115.56208801269533,33.67815017700195
91706700,2022,2022-02-23,9840,2022-02-13,1748,021047,NA,7,2,7,3313,0,1,1,NA,2,023,I-215 N/B,BLAINE ST.,2100,N,N,A,-,Y,RIV,NA,215,NA,NA,42.56,H,NA,R,Y,4,0,3,4,A,-,08,22107,NA,F,E,I,A,A,H,-,C,D,0,NA,NA,NA,NA,Y,NA,-,99,0,0,3,0,0,0,0,0,0,-,-,33.987548828125,-117.34707641601563,RIVERSIDE,RIVERSIDE,-117.34726715087892,33.98741912841797
91707255,2022,2022-02-23,9630,2022-02-15,1012,018647,NA,2,1,9,3300,0,1,1,NA,2,020,I-10 E/B,DATE PALM DR,1584,W,N,A,G,Y,RIV,NA,10,NA,NA,39.074,H,NA,R,Y,3,0,1,5,A,-,08,22107,NA,F,C,C,A,A,H,-,A,D,0,NA,NA,NA,Y,Y,NA,F,25,0,1,0,0,0,0,0,0,0,-,-,33.8526611328125,-116.46439361572266,RIVERSIDE,UNINCORPORATED,-116.4643325805664,33.852725982666016
91707710,2022,2022-02-24,9685,2022-02-12,0311,017304,NA,6,3,3,3343,0,1,1,NA,2,010,S/B I-15,BUNDY CANYON ROAD,1478,N,N,A,-,Y,RIV,NA,15,NA,NA,16.546,H,NA,L,Y,4,0,1,2,A,-,03,22350,NA,M,C,C,A,A,H,-,D,D,0,NA,NA,NA,NA,Y,NA,A,01,0,0,1,0,0,0,0,0,0,-,-,33.6297607421875,-117.2752685546875,RIVERSIDE,WILDOMAR,-117.27532958984376,33.629730224609375
9170978,2020,2020-12-30,3300,2020-10-04,1400,N3642,012,7,5,4,3344,0,0,0,NA,0,061,LIMONITE AV,RT 15,0,NA,Y,A,-,N,NA,NA,NA,NA,NA,NA,NA,NA,NA,N,3,0,2,2,A,-,03,22350,NA,N,C,C,A,A,H,-,A,A,0,NA,NA,NA,NA,Y,NA,A,01,0,2,0,0,0,0,0,0,0,-,SO,NA,NA,RIVERSIDE,EASTVALE,-117.54905700683594,33.97523880004883
9170980,2020,2020-12-23,3300,2020-10-15,1512,N5791,001A,4,5,6,3345,0,0,0,NA,0,010,AGUA MANSA RD,BROWN AV,546,S,N,A,-,N,NA,NA,NA,NA,NA,NA,NA,NA,NA,Y,3,0,1,1,A,-,06,21750,NA,N,E,I,A,A,B,-,A,D,0,NA,NA,NA,NA,Y,NA,A,01,0,1,0,0,0,0,0,0,0,-,-,34.02452087402344,-117.37596130371094,RIVERSIDE,JURUPA VALLEY,-117.37822723388672,34.025447845458984
91711502,2022,2022-02-28,9840,2022-02-24,1935,020455,NA,4,2,6,3315,0,1,1,NA,2,034,I-15 S/B,EL CERRITO RD,2000,N,N,A,-,Y,RIV,NA,15,NA,NA,38.22,H,NA,L,Y,4,0,5,3,A,-,03,22350,NA,N,C,C,A,A,H,-,C,D,0,NA,NA,NA,NA,Y,NA,A,01,0,0,5,0,0,0,0,0,0,-,-,33.83699035644531,-117.5329132080078,RIVERSIDE,CORONA,-117.53286743164063,33.837005615234375
9171224,2020,2020-11-18,3300,2020-09-28,1420,4300,920A,1,5,4,3314,0,0,0,NA,0,070,STATE ST,RAMONA BL,323,N,N,A,-,N,NA,NA,NA,NA,NA,NA,NA,NA,NA,Y,4,0,1,2,A,-,04,21703,NA,N,C,C,A,A,H,-,A,D,0,NA,NA,NA,NA,Y,NA,A,01,0,0,1,0,0,0,0,0,0,-,-,33.794368743896484,-116.9714126586914,RIVERSIDE,SAN JACINTO,-116.97153472900392,33.79519271850586
9171235,2020,2020-11-18,3313,2020-09-02,1352,1686,2,3,5,7,3313,0,0,0,NA,0,T58,IOWA AV,SPRUCE ST,115,S,N,A,-,N,NA,NA,NA,NA,NA,NA,NA,NA,NA,NA,3,0,1,2,A,-,05,21650,NA,N,D,G,A,A,H,-,A,D,0,NA,Y,NA,NA,Y,NA,L,04,0,1,0,0,0,0,1,0,0,-,-,33.98862838745117,-117.33931732177734,RIVERSIDE,RIVERSIDE,-117.33984375,33.98991394042969
91712955,2022,2022-03-02,9655,2022-02-17,1855,017263,NA,4,2,9,3300,0,1,3,NA,2,315,SR-79,STETSON AVE,1056,S,N,A,-,Y,RIV,NA,79,NA,R,18.232,H,NA,R,Y,2,0,2,2,A,-,06,21751,NA,N,A,C,A,A,H,-,D,D,0,NA,NA,NA,NA,Y,NA,A,01,1,0,1,0,0,0,0,0,0,-,-,33.72578048706055,-117.0764389038086,RIVERSIDE,UNINCORPORATED,-117.07642364501952,33.72578048706055
91714187,2022,2022-03-03,9840,2022-02-19,2120,021311,NA,6,2,6,3315,0,1,3,NA,2,031,SR-91 W/B TO I-15,PROMENADE AVE.,1400,W,N,A,-,Y,RIV,NA,91,NA,NA,7.784,H,NA,L,N,2,0,1,1,A,-,08,22107,NA,N,E,I,A,A,H,-,C,D,0,NA,NA,NA,NA,Y,NA,A,01,1,0,0,0,0,0,0,0,0,-,-,33.883331298828125,-117.54171752929688,RIVERSIDE,CORONA,-117.54168701171876,33.8831901550293
91716586,2022,2022-03-07,9685,2022-02-20,1430,017399,NA,7,2,9,3300,0,3,5,NA,2,002,BUTTERFIELD STAGE ROAD,DESTINO STREET,0,NA,Y,A,-,N,NA,NA,NA,NA,NA,NA,NA,NA,NA,N,4,0,1,2,A,-,12,22450,A,N,A,C,A,A,H,-,A,D,0,NA,NA,NA,NA,Y,NA,A,01,0,0,1,0,0,0,0,0,0,-,-,33.47679138183594,-117.06867980957033,RIVERSIDE,UNINCORPORATED,-117.06850433349608,33.47683334350586
91716761,2022,2022-03-07,9840,2022-02-28,0750,019361,NA,1,1,7,3313,0,1,3,NA,2,020,SR-91 (E/B),TYLER STREET,2500,E,N,A,-,Y,RIV,NA,91,NA,NA,13.554,H,NA,R,N,4,0,1,3,A,-,03,22350,NA,M,C,C,A,A,H,-,A,D,0,NA,NA,NA,NA,Y,NA,A,01,0,0,1,0,0,0,0,0,0,-,-,33.910438537597656,-117.44943237304688,RIVERSIDE,RIVERSIDE,-117.4494400024414,33.91044998168945
91718867,2022,2022-03-09,9840,2022-03-05,1719,020455,NA,6,2,7,3313,0,1,3,NA,2,020,SR-91 E/B,BUCHANAN ST,200,E,N,B,-,Y,RIV,NA,91,NA,NA,10.329,H,NA,R,Y,4,0,2,4,A,-,03,22350,NA,N,C,C,A,A,H,-,B,D,0,NA,NA,NA,NA,Y,NA,A,07,0,0,2,0,0,0,0,0,0,-,-,33.8944206237793,-117.50054168701172,RIVERSIDE,RIVERSIDE,-117.50054168701172,33.89442443847656
9171920,2020,2020-12-18,3300,2020-10-27,1450,5628,002K,2,5,6,3345,0,0,0,NA,0,022,VAN BUREN BL,ETIWANDA AV,460,E,N,A,G,N,NA,NA,NA,NA,NA,NA,NA,NA,NA,Y,4,0,1,5,A,-,08,22107,NA,N,B,C,A,A,H,-,A,A,0,NA,NA,NA,Y,Y,NA,F,86,0,0,1,0,0,0,0,0,0,-,-,34.01551818847656,-117.52333831787108,RIVERSIDE,JURUPA VALLEY,-117.52325439453124,34.0157585144043
91719666,2022,2022-03-10,9840,2022-03-08,0545,019361,NA,2,3,7,3313,0,1,3,NA,2,021,SR-91 (E/B) FROM ADAMS STREET,ADAMS STREET,500,E,N,A,-,Y,RIV,NA,91,NA,NA,15.727,H,NA,R,N,2,0,1,2,C,-,18,NA,NA,N,G,B,E,A,H,-,D,D,0,Y,NA,NA,NA,Y,NA,-,-,1,0,0,0,1,0,0,0,0,-,-,33.9280891418457,-117.41812896728516,RIVERSIDE,RIVERSIDE,-117.41822814941406,33.92820358276367
91719956,2022,2022-03-10,9630,2022-03-02,0605,015710,NA,3,1,9,3300,0,3,5,NA,2,502,MIDDLETON ST.,HARRISON ST.,0,NA,Y,A,-,N,NA,NA,NA,NA,NA,NA,NA,NA,NA,Y,3,0,3,2,A,-,09,21802,A,N,D,C,A,A,H,-,A,A,0,NA,NA,NA,NA,Y,NA,A,01,0,3,0,0,0,0,0,0,0,-,-,33.56209945678711,-116.17269897460938,RIVERSIDE,UNINCORPORATED,-116.17424774169922,33.563358306884766
91720096,2022,2022-03-10,9655,2022-03-06,1145,014516,NA,7,1,4,3301,0,1,1,NA,2,204,I-10 E/B,HARGRAVE ST,2640,E,N,A,-,Y,RIV,NA,10,NA,NA,13.362,H,NA,R,N,3,0,4,2,A,-,03,22350,NA,N,C,C,A,A,D,-,A,D,0,NA,NA,NA,NA,Y,NA,D,22,0,4,0,0,0,0,0,0,0,-,-,33.92420959472656,-116.87671661376952,RIVERSIDE,BANNING,-116.87671661376952,33.924163818359375
91721102,2022,2022-03-11,9655,2022-03-09,1710,018677,NA,3,2,9,3300,0,3,5,NA,2,003,CATLIN AVENUE,IDE AVENUE,0,NA,Y,A,-,N,NA,NA,NA,NA,NA,NA,NA,NA,NA,Y,3,0,1,2,A,-,09,21801,A,N,D,C,A,A,H,-,A,D,0,NA,NA,Y,NA,Y,NA,A,01,0,1,0,0,0,0,0,0,1,-,-,33.736289978027344,-117.0805892944336,RIVERSIDE,UNINCORPORATED,-117.08055877685548,33.73624038696289
91721366,2022,2022-03-14,9685,2022-02-26,1500,017903,NA,6,2,9,3300,0,1,1,NA,2,034,RANCHO CALIFORNIA ROAD,ANZA ROAD,750,W,N,B,-,N,NA,NA,NA,NA,NA,NA,NA,NA,NA,Y,2,0,6,3,A,-,03,22350,NA,N,C,C,A,A,H,-,A,A,0,NA,NA,NA,NA,Y,NA,A,07,1,2,3,0,0,0,0,0,0,-,-,33.53227996826172,-117.05796813964844,RIVERSIDE,UNINCORPORATED,-117.05567169189452,33.53396987915039