CASE_ID,ACCIDENT_YEAR,PROC_DATE,JURIS,COLLISION_DATE,COLLISION_TIME,OFFICER_ID,REPORTING_DISTRICT,DAY_OF_WEEK,CHP_SHIFT,POPULATION,CNTY_CITY_LOC,SPECIAL_COND,BEAT_TYPE,CHP_BEAT_TYPE,CITY_DIVISION_LAPD,CHP_BEAT_CLASS,BEAT_NUMBER,PRIMARY_RD,SECONDARY_RD,DISTANCE,DIRECTION,INTERSECTION,WEATHER_1,WEATHER_2,STATE_HWY_IND,CALTRANS_COUNTY,CALTRANS_DISTRICT,STATE_ROUTE,ROUTE_SUFFIX,POSTMILE_PREFIX,POSTMILE,LOCATION_TYPE,RAMP_INTERSECTION,SIDE_OF_HWY,TOW_AWAY,COLLISION_SEVERITY,NUMBER_KILLED,NUMBER_INJURED,PARTY_COUNT,PRIMARY_COLL_FACTOR,PCF_CODE_OF_VIOL,PCF_VIOL_CATEGORY,PCF_VIOLATION,PCF_VIOL_SUBSECTION,HIT_AND_RUN,TYPE_OF_COLLISION,MVIW,PED_ACTION,ROAD_SURFACE,ROAD_COND_1,ROAD_COND_2,LIGHTING,CONTROL_DEVICE,CHP_ROAD_TYPE,PEDESTRIAN_ACCIDENT,BICYCLE_ACCIDENT,MOTORCYCLE_ACCIDENT,TRUCK_ACCIDENT,NOT_PRIVATE_PROPERTY,ALCOHOL_INVOLVED,STWD_VEHTYPE_AT_FAULT,CHP_VEHTYPE_AT_FAULT,COUNT_SEVERE_INJ,COUNT_VISIBLE_INJ,COUNT_COMPLAINT_PAIN,COUNT_PED_KILLED,COUNT_PED_INJURED,COUNT_BICYCLIST_KILLED,COUNT_BICYCLIST_INJURED,COUNT_MC_KILLED,COUNT_MC_INJURED,PRIMARY_RAMP,SECONDARY_RAMP,LATITUDE,LONGITUDE,COUNTY,CITY,POINT_X,POINT_Y
92308860,2024,2024-02-08,9685,2024-02-06,905,016347,NA,2,1,9,3300,0,1,3,NA,1,026,SR-74 W/B,CORTRITE AVENUE,0,NA,Y,B,C,Y,RIV,NA,74,NA,NA,33.708,H,NA,L,Y,3,0,3,2,A,-,09,21802,A,N,D,C,A,B,H,-,A,A,0,NA,NA,NA,NA,Y,NA,A,07,0,1,2,0,0,0,0,0,0,-,-,33.738861083984375,-117.08724212646484,RIVERSIDE,UNINCORPORATED,-117.08724212646484,33.738887786865234
92309052,2024,2024-02-08,9840,2024-02-03,1430,021311,NA,6,2,6,3315,0,1,1,NA,2,034,I-15 S/B TO ONTARIO AVE.,ONTARIO AVE.,300,N,N,B,-,Y,NA,NA,NA,NA,NA,NA,NA,NA,NA,N,4,0,1,4,A,-,03,22350,NA,N,C,C,A,A,H,-,A,D,0,NA,NA,NA,NA,Y,NA,A,07,0,0,1,0,0,0,0,0,0,-,-,33.84524917602539,-117.5355224609375,RIVERSIDE,CORONA,-117.5355224609375,33.84524917602539
92309089,2024,2024-02-08,9840,2024-02-07,444,019893,NA,3,3,6,3315,0,1,1,NA,2,034,I-15 N/B,MAGNOLIA AVENUE,2427,S,N,B,-,Y,RIV,NA,15,NA,NA,39.883,H,NA,R,Y,4,0,1,1,A,-,08,22107,NA,N,E,I,A,B,H,-,C,D,0,NA,NA,NA,NA,Y,NA,A,07,0,0,1,0,0,0,0,0,0,-,-,33.86077880859375,-117.53687286376952,RIVERSIDE,CORONA,-117.53695678710938,33.86073303222656
92309158,2024,2024-02-08,9655,2024-02-07,937,018320,NA,3,1,9,3300,0,1,3,NA,2,311,GILMAN SPRINGS RD,MCGEHEE DR,0,NA,Y,B,-,N,NA,NA,NA,NA,NA,NA,NA,NA,NA,N,4,0,1,2,A,-,03,22350,NA,M,C,C,A,A,H,-,A,D,0,NA,NA,NA,NA,Y,NA,-,99,0,0,1,0,0,0,0,0,0,-,-,33.92488098144531,-117.11456298828124,RIVERSIDE,UNINCORPORATED,NA,NA
92309191,2023,2024-02-08,9685,2023-11-07,1150,016347,NA,2,1,9,3300,0,1,3,NA,1,031,SR-79 (WINCHESTER ROAD) S/B,SKYVIEW ROAD,1109,S,N,B,-,Y,RIV,NA,79,NA,R,9.247,H,NA,L,Y,1,1,0,1,A,-,01,23152,F,N,E,8,A,A,H,-,A,D,0,NA,NA,NA,NA,Y,NA,A,01,0,0,0,0,0,0,0,0,0,-,-,33.60599899291992,-117.11151885986328,RIVERSIDE,UNINCORPORATED,-117.11167907714844,33.60609436035156
92309354,2024,2024-02-08,9840,2024-01-18,143,019893,NA,4,3,9,3300,0,1,1,NA,2,037,I-15 S/B,TEMESCAL CANYON RD,4957,S,N,A,-,Y,RIV,NA,15,NA,NA,32.303,H,NA,L,Y,2,0,1,1,A,-,01,23152,A,N,F,A,A,A,H,-,D,D,0,NA,NA,NA,NA,Y,Y,A,07,1,0,0,0,0,0,0,0,0,-,-,33.76593017578125,-117.47718048095705,RIVERSIDE,UNINCORPORATED,-117.47696685791016,33.76607894897461
92310544,2024,2024-02-09,9840,2024-02-02,1704,021311,NA,5,2,9,3300,0,1,1,NA,2,040,I-215 N/B,HARLEY KNOX BL.,1700,N,N,A,-,Y,RIV,NA,215,NA,R,32.107,H,NA,R,N,4,0,1,2,A,-,03,22350,NA,N,C,C,A,A,H,-,A,D,0,NA,NA,NA,NA,Y,NA,A,07,0,0,1,0,0,0,0,0,0,-,-,33.85955810546875,-117.2583236694336,RIVERSIDE,UNINCORPORATED,-117.25826263427734,33.85957717895508
92311618,2024,2024-02-12,9840,2024-02-05,2158,022028,NA,1,2,6,3345,0,1,3,NA,2,010,SR-60 E/B,CAMINO REAL,686,W,N,C,-,Y,RIV,NA,60,NA,R,6.173,H,NA,R,N,4,0,1,2,A,-,08,22107,NA,M,B,2,A,B,H,-,C,D,0,NA,NA,NA,NA,Y,NA,-,99,0,0,1,0,0,0,0,0,0,-,-,34.01454162597656,-117.45256805419922,RIVERSIDE,JURUPA VALLEY,-117.45256805419922,34.014556884765625
92311633,2024,2024-02-12,9840,2024-01-29,115,019501,NA,1,3,7,3313,0,1,1,NA,2,023,I-215 S/B,CENTRAL AVE,3485,N,N,A,-,Y,RIV,NA,215,NA,NA,40.192,H,NA,L,Y,4,0,1,2,A,-,01,23152,A,N,C,C,A,A,H,-,D,D,0,NA,NA,NA,Y,Y,Y,D,22,0,0,1,0,0,0,0,0,0,-,-,33.96165084838867,-117.32079315185548,RIVERSIDE,RIVERSIDE,-117.3207550048828,33.961727142333984
92311742,2024,2024-02-12,9685,2024-02-08,324,020989,NA,4,3,5,3341,0,1,1,NA,2,020,I-215 S/B,SCOTT RD,2640,N,N,B,C,Y,RIV,NA,215,NA,R,16.079,H,NA,L,Y,4,0,1,1,A,-,03,22350,NA,N,E,I,A,B,H,-,C,D,0,NA,NA,NA,NA,Y,NA,A,01,0,0,1,0,0,0,0,0,0,-,-,33.64971923828125,-117.17125701904295,RIVERSIDE,MENIFEE,-117.17130279541016,33.64971923828125
92312519,2024,2024-02-13,9630,2024-02-03,1710,019758,NA,6,2,9,3300,0,3,5,NA,2,504,GRANT ST,AVENUE 66,0,NA,Y,A,-,N,NA,NA,NA,NA,NA,NA,NA,NA,NA,Y,3,0,3,2,A,-,12,22450,A,F,D,C,A,A,H,-,B,A,0,NA,NA,NA,NA,Y,NA,A,08,0,3,0,0,0,0,0,0,0,-,-,33.569400787353516,-116.04405975341795,RIVERSIDE,UNINCORPORATED,NA,NA
92313959,2024,2024-02-14,9685,2024-02-11,1920,018360,NA,7,2,9,3300,0,2,4,NA,2,016,SR-74,7TH STREET,0,NA,Y,A,-,Y,NA,NA,NA,NA,NA,NA,NA,NA,NA,Y,4,0,1,2,A,-,09,21801,A,N,A,C,A,A,H,-,C,D,0,NA,NA,NA,NA,Y,NA,D,22,0,0,1,0,0,0,0,0,0,-,-,33.779090881347656,-117.2448501586914,RIVERSIDE,UNINCORPORATED,-116.89672088623048,33.74782180786133
92314118,2024,2024-02-14,9840,2024-01-25,725,022028,NA,4,1,6,3315,0,1,S,NA,2,310,I-15 S/B,E PARKRIDGE AVE,600,N,N,A,-,Y,RIV,NA,15,NA,NA,41.974,H,NA,L,Y,4,0,2,2,A,-,08,22107,NA,N,B,C,A,A,H,-,A,D,0,NA,NA,NA,NA,Y,NA,A,08,0,0,2,0,0,0,0,0,0,-,-,33.887508392333984,-117.55182647705078,RIVERSIDE,CORONA,-117.55188751220705,33.887474060058594
92314798,2024,2024-02-15,9840,2024-02-06,1200,017882,NA,2,1,9,3300,0,1,1,NA,2,037,I-15 S/B,NICHOLS RD,4224,N,N,B,C,Y,RIV,NA,15,NA,NA,24.568,H,NA,L,Y,4,0,1,1,A,-,08,22107,NA,N,F,A,A,B,H,-,A,D,0,NA,NA,NA,NA,Y,NA,A,07,0,0,1,0,0,0,0,0,0,-,-,33.71670150756836,-117.36254119873048,RIVERSIDE,UNINCORPORATED,-117.3622817993164,33.716793060302734
92315211,2023,2024-02-15,9840,2023-06-03,2155,021481,NA,6,2,6,3345,0,1,3,NA,2,010,STATE ROUTE 60 WESTBOUND,COUNTRY VILLAGE ROAD,1056,E,N,A,-,Y,RIV,NA,60,NA,R,3.277,H,NA,L,Y,1,1,2,2,A,-,03,22350,NA,N,C,C,A,A,H,-,C,D,0,NA,NA,Y,NA,Y,NA,C,02,0,0,2,0,0,0,0,1,0,-,-,34.01913833618164,-117.50247955322266,RIVERSIDE,JURUPA VALLEY,-117.50247955322266,34.01915740966797
92315977,2024,2024-02-16,9840,2024-02-14,1525,017546,NA,3,2,4,3310,0,1,1,NA,2,011,I-15 S/B,FIFTH STREET,70,S,N,A,-,Y,RIV,NA,15,NA,NA,45.116,H,NA,L,Y,4,0,2,2,A,-,08,22107,NA,N,D,2,A,A,H,-,A,D,0,NA,NA,NA,NA,Y,NA,A,01,0,0,2,0,0,0,0,0,0,-,-,33.93085861206055,-117.5561981201172,RIVERSIDE,NORCO,-117.5563507080078,33.93086624145508
92317190,2024,2024-02-19,9685,2024-02-11,1925,018321,NA,7,2,5,3341,0,1,1,NA,2,020,INTERSTATE 215 NB,HOLLAND RD,4078,S,N,A,-,Y,RIV,NA,215,NA,R,16.743,H,NA,R,Y,4,0,1,2,A,-,03,22350,NA,N,C,C,A,A,H,-,D,D,0,NA,NA,NA,NA,Y,NA,A,01,0,0,1,0,0,0,0,0,0,-,-,33.65932846069336,-117.17096710205078,RIVERSIDE,MENIFEE,-117.17097473144533,33.65932846069336
92317417,2024,2024-02-19,9685,2024-02-17,1530,018360,NA,6,2,5,3335,0,1,1,NA,2,030,I-15,I-215,2640,S,N,A,-,Y,RIV,NA,15,NA,NA,8.249,H,NA,L,N,4,0,1,2,A,-,03,22350,NA,N,C,C,A,A,H,-,A,D,0,NA,NA,NA,NA,Y,NA,A,01,0,0,1,0,0,0,0,0,0,-,-,33.54304885864258,-117.17684936523438,RIVERSIDE,TEMECULA,-117.1768798828125,33.54303741455078
92319188,2024,2024-02-21,9630,2024-02-07,1621,019153,NA,3,2,9,3300,0,1,1,NA,2,302,I-10 W/B,SUMMIT RD,6336,E,N,A,-,Y,RIV,NA,10,NA,R,87.226,H,NA,L,Y,2,0,1,3,A,-,05,21651,B,N,A,2,A,A,H,-,A,D,0,NA,NA,NA,Y,Y,NA,A,07,1,0,0,0,0,0,0,0,0,-,-,33.66305160522461,-115.7039794921875,RIVERSIDE,UNINCORPORATED,-115.70398712158205,33.66306686401367
92319318,2024,2024-02-21,9655,2024-02-20,820,018677,NA,2,1,9,3300,0,1,1,NA,2,206,INTERSTATE 10 EASTBOUND,WHITEWATER CTO,5280,E,N,C,-,Y,RIV,NA,10,NA,NA,28.032,H,NA,R,Y,4,0,1,1,A,-,08,22107,NA,N,F,A,A,B,H,-,A,D,0,NA,NA,NA,NA,Y,NA,A,01,0,0,1,0,0,0,0,0,0,-,-,33.920921325683594,-116.6315689086914,RIVERSIDE,UNINCORPORATED,-116.63146209716795,33.92107391357422
92320378,2024,2024-02-22,9840,2024-02-21,628,019527,NA,3,1,9,3300,0,3,5,NA,2,002,PALMYRITA AVE,WOODWIND DR.,255,E,N,B,C,Y,NA,NA,NA,NA,NA,NA,NA,NA,NA,Y,4,0,1,1,A,-,08,22107,NA,N,E,I,A,B,H,-,A,D,0,NA,NA,NA,NA,Y,NA,A,01,0,0,1,0,0,0,0,0,0,-,-,34.00481033325195,-117.30899810791016,RIVERSIDE,UNINCORPORATED,-117.3090591430664,34.00476837158203
92320981,2024,2024-02-23,9840,2024-02-21,243,019501,NA,3,3,7,3313,0,1,3,NA,2,021,SR-91 E/B,MADISON ST,193,E,N,C,-,Y,RIV,NA,91,NA,NA,16.7,H,NA,R,Y,4,0,1,2,C,-,18,NA,NA,N,A,C,A,B,H,-,D,D,0,NA,NA,NA,NA,Y,NA,-,-,0,0,1,0,0,0,0,0,0,-,-,33.93613815307617,-117.40419769287108,RIVERSIDE,RIVERSIDE,-117.40422058105467,33.9361686706543
92321683,2024,2024-02-29,9840,2024-02-14,1311,018248,NA,3,1,6,3315,0,1,1,NA,2,034,I-15 N/B,MAGNOLIA AVE,3062,S,N,A,-,Y,RIV,NA,15,NA,NA,39.761,H,NA,R,Y,4,0,2,3,A,-,03,22350,NA,N,C,C,A,A,H,-,A,D,0,NA,NA,NA,NA,Y,NA,A,01,0,0,2,0,0,0,0,0,0,-,-,33.859130859375,-117.5361099243164,RIVERSIDE,CORONA,-117.53607940673828,33.85913848876953
92323521,2024,2024-02-26,9655,2024-02-23,1430,019871,NA,5,2,3,3302,0,1,1,NA,2,202,I-10 E/B,OAK VALLEY PARKWAY,300,W,N,A,-,Y,RIV,NA,10,NA,R,5.484,H,NA,R,N,4,0,1,2,A,-,03,22350,NA,M,C,C,A,A,H,-,A,D,0,NA,NA,NA,NA,Y,NA,A,01,0,0,1,0,0,0,0,0,0,-,-,33.94548034667969,-117.00357818603516,RIVERSIDE,BEAUMONT,-117.00363159179688,33.94544982910156
92325565,2024,2024-05-07,9840,2024-02-17,1816,021261,NA,6,2,6,3345,0,1,3,NA,2,010,SR-60 W/B,RUBIDOUX BLVD,300,W,N,A,-,Y,RIV,NA,60,NA,NA,9.477,H,NA,L,N,3,0,1,2,A,-,07,21658,A,N,B,C,A,A,H,-,D,D,0,NA,NA,Y,NA,Y,NA,A,07,0,1,0,0,0,0,0,0,1,-,-,34.004520416259766,-117.40167999267578,RIVERSIDE,JURUPA VALLEY,-117.40168762207033,34.00455093383789
92326661,2024,2024-02-29,9840,2024-02-18,1958,021047,NA,7,2,9,3300,0,1,1,NA,2,022,I-215,COLUMBIA AVE.,1425,S,N,B,-,Y,RIV,NA,215,NA,R,43.554,H,NA,R,Y,3,0,1,2,A,-,08,22107,NA,M,E,I,A,A,H,-,D,D,0,NA,NA,NA,NA,Y,NA,-,-,0,1,0,0,0,0,0,0,0,-,-,33.997859954833984,-117.35428619384766,RIVERSIDE,UNINCORPORATED,-117.3542251586914,33.99782943725586
92326738,2024,2024-02-29,9840,2024-02-21,620,015444,NA,3,1,4,3312,0,1,3,NA,2,101,I-215 N/B,RAMONA EXP,2112,S,N,B,C,Y,RIV,NA,215,NA,R,30.673,H,NA,R,Y,4,0,1,2,A,-,03,22350,NA,N,C,C,A,B,H,-,A,D,0,NA,NA,NA,NA,Y,Y,D,22,0,0,1,0,0,0,0,0,0,-,-,33.84012985229492,-117.24970245361328,RIVERSIDE,PERRIS,-117.24966430664063,33.84013748168945
92328961,2024,2024-03-04,9840,2024-02-24,600,021080,NA,6,1,6,3315,0,1,3,NA,2,030,SR-91 E/B,MCKINLEY ST.,2640,W,N,A,-,Y,RIV,NA,91,NA,NA,8.545,H,NA,R,Y,3,0,2,2,A,-,03,22350,NA,N,C,C,A,A,H,-,A,D,0,NA,NA,NA,NA,Y,NA,A,07,0,1,1,0,0,0,0,0,0,-,-,33.88370132446289,-117.52838897705078,RIVERSIDE,CORONA,-117.52839660644533,33.88377380371094
92329506,2023,2024-03-05,9840,2023-10-28,247,022448,NA,6,3,9,3300,0,1,1,NA,2,037,I-15 N/B TO INDIAN TRUCK TRAIL,INDIAN TRUCK TRAIL,781,S,N,A,-,Y,RIV,NA,15,NA,NA,30.237,H,NA,R,Y,2,0,1,2,A,-,08,22107,NA,F,B,C,A,A,H,-,C,D,0,NA,NA,Y,NA,Y,NA,A,07,1,0,0,0,0,0,0,0,1,-,-,33.74755859375,-117.4497299194336,RIVERSIDE,UNINCORPORATED,-117.44987487792967,33.747344970703125
92329866,2024,2024-03-05,9655,2024-02-20,1220,020051,NA,2,1,3,3302,0,1,1,NA,2,202,I-10 E/B,OAK VALLEY PKY,2640,E,N,B,C,Y,RIV,NA,10,NA,R,6.041,H,NA,R,Y,4,0,1,2,A,-,03,22350,NA,N,B,C,A,B,H,-,A,D,0,NA,NA,NA,Y,Y,NA,A,01,0,0,1,0,0,0,0,0,0,-,-,33.93885040283203,-116.99812316894533,RIVERSIDE,BEAUMONT,-116.99807739257813,33.93887710571289
9233235,2021,2021-04-05,3313,2021-02-05,2015,1489,3,5,5,7,3313,0,0,0,NA,0,T44,CENTRAL AV,LOCHMOOR DR,6,W,N,A,-,N,NA,NA,NA,NA,NA,NA,NA,NA,NA,N,3,0,1,2,A,-,03,22350,NA,N,C,C,A,A,H,-,C,D,0,NA,NA,Y,NA,Y,NA,A,01,0,1,0,0,0,0,0,0,1,-,-,33.95492172241211,-117.31600952148438,RIVERSIDE,RIVERSIDE,-117.3161392211914,33.95677947998047
92332402,2024,2024-03-07,9660,2024-03-01,1535,021509,NA,5,2,9,3300,0,1,1,NA,2,031,I-10 E/B,THE MESA DRIVE OVERCROSSING,24816,W,N,A,-,Y,RIV,NA,10,NA,R,140.348,H,NA,R,Y,4,0,1,2,A,-,07,21658,A,N,C,2,A,A,H,-,A,D,0,NA,NA,NA,Y,Y,NA,A,07,0,0,1,0,0,0,0,0,0,-,-,33.6096305847168,-114.80977630615234,RIVERSIDE,UNINCORPORATED,-114.80978393554688,33.60973358154297
92336051,2024,2024-03-12,9685,2024-03-04,740,016347,NA,1,1,9,3300,0,3,5,NA,2,002,AUBURN WAY,KENSINGTON STREET,0,NA,Y,B,-,N,NA,NA,NA,NA,NA,NA,NA,NA,NA,Y,4,0,1,2,A,-,12,22450,A,N,D,C,A,A,H,-,A,D,0,NA,NA,NA,NA,Y,NA,A,01,0,0,1,0,0,0,0,0,0,-,-,33.62126159667969,-117.12509155273438,RIVERSIDE,UNINCORPORATED,-117.12508392333984,33.621246337890625
9233681,2021,2021-04-12,3313,2021-02-23,1746,1488,4,2,5,7,3313,0,0,0,NA,0,M20,GRAND AV,RUBIDOUX AV,0,NA,Y,A,-,N,NA,NA,NA,NA,NA,NA,NA,NA,NA,Y,3,0,4,3,A,-,05,21650,NA,N,D,C,A,A,H,-,C,A,0,NA,NA,NA,NA,Y,NA,A,01,0,2,2,0,0,0,0,0,0,-,-,33.965789794921875,-117.40753936767578,RIVERSIDE,RIVERSIDE,-117.40775299072266,33.966793060302734
92337142,2024,2024-03-13,9630,2024-03-03,1850,021652,NA,7,2,9,3300,0,3,5,NA,2,405,WASHINGTON ST,AVENUE OF THE STATES,290,N,N,A,-,N,NA,NA,NA,NA,NA,NA,NA,NA,NA,N,4,0,1,2,A,-,08,22107,NA,N,D,C,A,A,H,-,C,D,0,NA,NA,NA,NA,Y,NA,A,08,0,0,1,0,0,0,0,0,0,-,-,33.74153137207031,-116.30374908447266,RIVERSIDE,UNINCORPORATED,-116.30391693115234,33.741363525390625
92338579,2024,2024-03-14,9840,2024-03-03,1849,021872,NA,7,2,9,3300,0,3,5,NA,2,004,CLARK ST,MARTIN ST,270,S,N,B,-,N,NA,NA,NA,NA,NA,NA,NA,NA,NA,N,4,0,1,2,A,-,05,21650,NA,N,B,2,A,A,H,-,C,D,0,NA,NA,Y,NA,Y,NA,C,02,0,0,1,0,0,0,0,0,1,-,-,33.84373092651367,-117.28768157958984,RIVERSIDE,UNINCORPORATED,-117.28765106201172,33.8437385559082
92339758,2024,2024-03-15,9655,2024-03-15,1007,018320,NA,5,1,9,3300,0,1,3,NA,2,213,SR-79 S/B,LAMB CANYON RD,581,N,N,A,-,Y,RIV,NA,79,NA,NA,37.38,H,NA,L,Y,3,0,2,2,A,-,03,22350,NA,N,C,C,A,A,H,-,A,A,0,NA,NA,NA,NA,Y,NA,D,22,0,2,0,0,0,0,0,0,0,-,-,33.88507080078125,-116.99060821533205,RIVERSIDE,UNINCORPORATED,-116.99057769775392,33.885066986083984
92342728,2024,2024-03-20,9685,2024-03-16,1635,018360,NA,6,2,9,3300,0,1,3,NA,1,039,STATE ROUTE 79,LOS CABALLOS RD,0,NA,Y,B,-,Y,RIV,NA,79,NA,NA,13.864,H,NA,R,Y,3,0,3,2,A,-,09,21802,A,N,D,C,A,A,H,-,A,A,0,NA,NA,NA,NA,Y,NA,A,01,0,3,0,0,0,0,0,0,0,-,-,33.4852409362793,-117.0446319580078,RIVERSIDE,UNINCORPORATED,-117.04460906982422,33.48526382446289
92343880,2024,2024-03-21,9840,2024-03-15,755,023412,NA,5,1,9,3300,0,2,4,NA,2,043,BRIGGS ROAD,WATSON ROAD,300,S,N,A,-,N,NA,NA,NA,NA,NA,NA,NA,NA,NA,Y,3,0,2,2,A,-,09,21801,A,N,D,C,A,A,H,-,A,D,0,NA,NA,NA,NA,Y,NA,A,08,0,1,1,0,0,0,0,0,0,-,-,33.749149322509766,-117.1364974975586,RIVERSIDE,UNINCORPORATED,-117.13651275634766,33.74955749511719
92343987,2024,2024-03-21,9840,2024-03-14,1609,018248,NA,4,2,6,3315,0,1,3,NA,2,030,SR-91 E/B,GREEN RIVER RD,1954,W,N,A,-,Y,RIV,NA,91,NA,R,0.661,H,NA,R,Y,4,0,1,2,A,-,03,22350,NA,N,C,C,A,A,H,-,A,D,0,NA,NA,NA,NA,Y,NA,A,01,0,0,1,0,0,0,0,0,0,-,-,33.87459182739258,-117.66204833984376,RIVERSIDE,CORONA,-117.66220855712892,33.87471389770508
92344112,2024,2024-03-21,9655,2024-03-13,856,023543,NA,3,1,9,3300,0,1,1,NA,2,204,I-10 W/B,MALKI ROAD,1900,W,N,B,-,Y,RIV,NA,10,NA,R,16.205,H,NA,L,N,3,0,1,2,A,-,01,23152,A,M,B,C,A,A,H,-,A,D,0,NA,NA,NA,NA,Y,Y,D,22,0,1,0,0,0,0,0,0,0,-,-,33.93170928955078,-116.8279266357422,RIVERSIDE,UNINCORPORATED,-116.82793426513672,33.93167495727539
92348366,2024,2024-03-27,9840,2024-02-08,918,018611,NA,4,1,9,3300,0,3,5,NA,2,002,VICTORIA AVENUE,LA SIERRA AVENUE,0,NA,Y,B,-,N,NA,NA,NA,NA,NA,NA,NA,NA,NA,Y,2,0,4,2,A,-,01,23152,F,N,D,C,A,A,H,-,A,A,0,NA,NA,NA,NA,Y,NA,D,22,1,3,0,0,0,0,0,0,0,-,-,33.887908935546875,-117.46354675292967,RIVERSIDE,UNINCORPORATED,-117.46350860595705,33.88779830932617
92349425,2024,2024-03-28,9655,2024-03-21,1235,019466,NA,4,1,9,3300,0,3,5,NA,2,002,RAILROAD AVENUE,MAIN STREET,8976,E,N,A,-,N,NA,NA,NA,NA,NA,NA,NA,NA,NA,N,4,0,4,3,A,-,03,22350,NA,N,C,C,A,A,H,-,A,D,0,NA,NA,NA,Y,Y,NA,F,26,0,0,4,0,0,0,0,0,0,-,-,33.9210205078125,-116.74810791015624,RIVERSIDE,UNINCORPORATED,-116.80161285400392,33.91801834106445
92349496,2024,2024-03-28,9840,2024-03-27,1533,017546,NA,3,2,7,3313,0,1,1,NA,2,040,I-215 N/B,ALESSANDRO BLVD,1100,N,N,A,-,Y,RIV,NA,215,NA,R,36.641,H,NA,R,Y,4,0,1,2,A,-,07,21658,A,N,B,C,A,A,H,-,A,D,0,NA,NA,Y,NA,Y,NA,D,22,0,0,1,0,0,0,0,0,1,-,-,33.91986083984375,-117.28836059570313,RIVERSIDE,RIVERSIDE,-117.2882843017578,33.91986846923828
92350469,2024,2024-03-29,9630,2024-03-28,1448,019943,NA,4,2,9,3300,0,3,5,NA,2,404,42ND AVE,YUCCA LN,0,NA,Y,A,-,N,NA,NA,NA,NA,NA,NA,NA,NA,NA,N,4,0,1,2,A,-,12,21453,A,N,D,C,A,A,H,-,A,A,0,NA,NA,NA,NA,Y,NA,A,07,0,0,1,0,0,0,0,0,0,-,-,33.74359130859375,-116.29942321777344,RIVERSIDE,UNINCORPORATED,-116.29940795898438,33.74359130859375
92351386,2024,2024-04-01,9840,2024-03-29,2250,021261,NA,5,3,6,3345,0,1,1,NA,2,011,I-15 N/B,BELLEGAVE AVE,300,N,N,B,-,Y,RIV,NA,15,NA,NA,49.517,H,NA,R,Y,4,0,1,2,A,-,08,22107,NA,N,C,C,A,A,H,-,C,D,0,NA,NA,NA,NA,Y,NA,A,01,0,0,1,0,0,0,0,0,0,-,-,33.9934196472168,-117.55017852783205,RIVERSIDE,JURUPA VALLEY,-117.55015563964844,33.9934196472168
92352300,2024,2024-04-02,9840,2024-03-30,1825,022974,NA,6,2,6,3315,0,1,3,NA,2,031,SR-91 W/B,GREEN RIVER RD,300,E,N,C,-,Y,RIV,NA,91,NA,R,1.097,H,NA,L,Y,3,0,1,4,A,-,03,22350,NA,N,B,C,A,B,H,-,A,D,0,NA,NA,NA,NA,Y,NA,A,01,0,1,0,0,0,0,0,0,0,-,-,33.87921905517578,-117.65709686279295,RIVERSIDE,CORONA,-117.6570053100586,33.87910461425781
92352306,2024,2024-04-02,9840,2024-03-28,1930,022180,NA,4,2,9,3300,0,2,4,NA,2,039,INDIANA AVE,BYRON ST,0,NA,Y,A,-,N,NA,NA,NA,NA,NA,NA,NA,NA,NA,N,2,0,1,2,A,-,12,22450,A,N,D,2,A,A,H,-,B,A,0,NA,NA,Y,NA,Y,NA,C,02,1,0,0,0,0,0,0,0,1,-,-,33.87472915649414,-117.52085876464844,RIVERSIDE,UNINCORPORATED,-117.52178192138672,33.87436294555664
92352940,2024,2024-04-02,9840,2024-03-23,1005,021481,NA,6,1,7,3313,0,1,1,NA,2,023,I-215 S/B,BLAINE ST,230,S,N,A,-,Y,RIV,NA,215,NA,NA,42.106,H,NA,L,N,4,0,1,2,A,-,08,22107,NA,N,E,8,A,A,H,-,A,D,0,NA,NA,NA,NA,Y,NA,A,01,0,0,1,0,0,0,0,0,0,-,-,33.982391357421875,-117.3422393798828,RIVERSIDE,RIVERSIDE,-117.34232330322266,33.98233413696289
92353702,2024,2024-04-03,9655,2024-03-25,1645,018383,NA,1,2,9,3300,0,1,3,NA,2,311,GILMAN SPRINGS ROAD,STATE ST,3960,W,N,B,-,N,NA,NA,NA,NA,NA,NA,NA,NA,NA,N,4,0,1,3,A,-,17,21711,NA,N,D,C,A,A,H,-,A,D,0,NA,NA,NA,NA,Y,NA,E,22,0,0,1,0,0,0,0,0,0,-,-,33.933658599853516,-117.00791931152344,RIVERSIDE,UNINCORPORATED,-116.982666015625,33.83123016357422